issue_type,code,description,current_value,suggested_fix,severity
duplicate_description,79500226,"Aplicación de coste de puesta en marcha de sistema de ventilación mecánica por parte de un técnico especializado. Incluye la comprobacion visual de la instalacion del sistema de ventilacion, equilibra",description normalizada idéntica a códigos: ['79500227'],"Verificar si son entradas duplicadas y fusionar; si son legítimamente distintas (variantes, libros), diferenciar la descripción.",warning
duplicate_description,79500227,"Aplicación de coste de puesta en marcha de sistema de ventilación mecánica por parte de un técnico especializado. Incluye la comprobacion visual de la instalacion del sistema de ventilacion, equilibra",description normalizada idéntica a códigos: ['79500226'],"Verificar si son entradas duplicadas y fusionar; si son legítimamente distintas (variantes, libros), diferenciar la descripción.",warning
duplicate_description,FBY010,"Suministro y montaje de tabique sencillo, de 78 mm de espesor total, con nivel de calidad del acabado estándar (Q2), sobre banda acústica, formado por una estructura simple de perfiles de chapa de ace",description normalizada idéntica a códigos: ['FBY010a'],"Verificar si son entradas duplicadas y fusionar; si son legítimamente distintas (variantes, libros), diferenciar la descripción.",warning
duplicate_description,FBY010a,"Suministro y montaje de tabique sencillo, de 78 mm de espesor total, con nivel de calidad del acabado estándar (Q2), sobre banda acústica, formado por una estructura simple de perfiles de chapa de ace",description normalizada idéntica a códigos: ['FBY010'],"Verificar si son entradas duplicadas y fusionar; si son legítimamente distintas (variantes, libros), diferenciar la descripción.",warning
item_without_breakdowns,IOS010,"Placa de señalización de equipos contra incendios, de PVC fotoluminiscente, con categoría de fotoluminiscencia A según UNE 23035-4, de 210x210 mm. Incluso elementos de fijación. Incluye: Replanteo. Fi","priceTotal=15.80, breakdowns=0","Verificar si el item tiene componentes en el JSON fuente y están siendo ingeridos. Si es una partida alzada legítima, marcarla con is_lump_sum=true.",warning
item_without_breakdowns,R00001,"Desplazamiento de laborante a obra, para toma de muestra, entre 20-40 Km del laboratorio.","priceTotal=29.81, breakdowns=0","Verificar si el item tiene componentes en el JSON fuente y están siendo ingeridos. Si es una partida alzada legítima, marcarla con is_lump_sum=true.",warning
item_without_breakdowns,R00023,"Desplazamiento de laborante a obra, para toma de muestra, a más de 40 Km del laboratorio.","priceTotal=43.69, breakdowns=0","Verificar si el item tiene componentes en el JSON fuente y están siendo ingeridos. Si es una partida alzada legítima, marcarla con is_lump_sum=true.",warning
item_without_breakdowns,R00024,Dersplazamiento de técnico especialista a obra en T.M. de Palma.,"priceTotal=36.49, breakdowns=0","Verificar si el item tiene componentes en el JSON fuente y están siendo ingeridos. Si es una partida alzada legítima, marcarla con is_lump_sum=true.",warning
item_without_breakdowns,R00025,Dersplazamiento de técnico especialista a obra fuera del T.M. de Palma.,"priceTotal=60.14, breakdowns=0","Verificar si el item tiene componentes en el JSON fuente y están siendo ingeridos. Si es una partida alzada legítima, marcarla con is_lump_sum=true.",warning
similar_description,06000085,Batería deshumidificadora isotérmica con post-calentamiento y pos-enfriamiento con flujo de aire máximo de 200 m3/h Preparado para la entrada de control ON / OFF y conexión BUS. Instalación en techo.I,Levenshtein=2 contra código 06000086: 'Batería deshumidificadora isotérmica con post-calentamiento y pos-enfriamiento con flujo de aire máximo de 350 m3/h Prep',Verificar si son la misma partida con typos / puntuación distinta. Fusionar si procede.,warning
similar_description,06000085,Batería deshumidificadora isotérmica con post-calentamiento y pos-enfriamiento con flujo de aire máximo de 200 m3/h Preparado para la entrada de control ON / OFF y conexión BUS. Instalación en techo.I,Levenshtein=1 contra código 06000088: 'Batería deshumidificadora isotérmica con post-calentamiento y pos-enfriamiento con flujo de aire máximo de 500 m3/h Prep',Verificar si son la misma partida con typos / puntuación distinta. Fusionar si procede.,warning
similar_description,06000085,Batería deshumidificadora isotérmica con post-calentamiento y pos-enfriamiento con flujo de aire máximo de 200 m3/h Preparado para la entrada de control ON / OFF y conexión BUS. Instalación en techo.I,Levenshtein=2 contra código 06000107: 'Batería deshumidificadora isotérmica con post-calentamiento y pos-enfriamiento con flujo de aire máximo de 150 m3/h Prep',Verificar si son la misma partida con typos / puntuación distinta. Fusionar si procede.,warning
similar_description,06000086,Batería deshumidificadora isotérmica con post-calentamiento y pos-enfriamiento con flujo de aire máximo de 350 m3/h Preparado para la entrada de control ON / OFF y conexión BUS. Instalación en techo. ,Levenshtein=2 contra código 06000088: 'Batería deshumidificadora isotérmica con post-calentamiento y pos-enfriamiento con flujo de aire máximo de 500 m3/h Prep',Verificar si son la misma partida con typos / puntuación distinta. Fusionar si procede.,warning
similar_description,06000086,Batería deshumidificadora isotérmica con post-calentamiento y pos-enfriamiento con flujo de aire máximo de 350 m3/h Preparado para la entrada de control ON / OFF y conexión BUS. Instalación en techo. ,Levenshtein=1 contra código 06000107: 'Batería deshumidificadora isotérmica con post-calentamiento y pos-enfriamiento con flujo de aire máximo de 150 m3/h Prep',Verificar si son la misma partida con typos / puntuación distinta. Fusionar si procede.,warning
similar_description,06000088,Batería deshumidificadora isotérmica con post-calentamiento y pos-enfriamiento con flujo de aire máximo de 500 m3/h Preparado para la entrada de control ON / OFF y conexión BUS. Instalación en techo. ,Levenshtein=2 contra código 06000107: 'Batería deshumidificadora isotérmica con post-calentamiento y pos-enfriamiento con flujo de aire máximo de 150 m3/h Prep',Verificar si son la misma partida con typos / puntuación distinta. Fusionar si procede.,warning
similar_description,471224655,"Suministro e instalación de recuperador de calor doble flujo a contracorriente de altísima eficiencia con intercambiador entálpico, de 255 m3/h Caudal de aire maximo 255m3/h Unidad con By-pass free-co",Levenshtein=2 contra código 471502117: 'Suministro e instalación de recuperador de calor doble flujo a contracorriente de altísima eficiencia con intercambiador',Verificar si son la misma partida con typos / puntuación distinta. Fusionar si procede.,warning
similar_description,471224655,"Suministro e instalación de recuperador de calor doble flujo a contracorriente de altísima eficiencia con intercambiador entálpico, de 255 m3/h Caudal de aire maximo 255m3/h Unidad con By-pass free-co",Levenshtein=2 contra código 471502119: 'Suministro e instalación de recuperador de calor doble flujo a contracorriente de altísima eficiencia con intercambiador',Verificar si son la misma partida con typos / puntuación distinta. Fusionar si procede.,warning
similar_description,471224655,"Suministro e instalación de recuperador de calor doble flujo a contracorriente de altísima eficiencia con intercambiador entálpico, de 255 m3/h Caudal de aire maximo 255m3/h Unidad con By-pass free-co",Levenshtein=3 contra código 471502121: 'Suministro e instalación de recuperador de calor doble flujo a contracorriente de altísima eficiencia con intercambiador',Verificar si son la misma partida con typos / puntuación distinta. Fusionar si procede.,warning
similar_description,471502117,"Suministro e instalación de recuperador de calor doble flujo a contracorriente de altísima eficiencia con intercambiador entálpico, de 350 m3/h Caudal de aire maximo 255m3/h Unidad con By-pass free-co",Levenshtein=1 contra código 471502119: 'Suministro e instalación de recuperador de calor doble flujo a contracorriente de altísima eficiencia con intercambiador',Verificar si son la misma partida con typos / puntuación distinta. Fusionar si procede.,warning
similar_description,471502117,"Suministro e instalación de recuperador de calor doble flujo a contracorriente de altísima eficiencia con intercambiador entálpico, de 350 m3/h Caudal de aire maximo 255m3/h Unidad con By-pass free-co",Levenshtein=2 contra código 471502121: 'Suministro e instalación de recuperador de calor doble flujo a contracorriente de altísima eficiencia con intercambiador',Verificar si son la misma partida con typos / puntuación distinta. Fusionar si procede.,warning
similar_description,471502119,"Suministro e instalación de recuperador de calor doble flujo a contracorriente de altísima eficiencia con intercambiador entálpico, de 450 m3/h Caudal de aire maximo 255m3/h Unidad con By-pass free-co",Levenshtein=2 contra código 471502121: 'Suministro e instalación de recuperador de calor doble flujo a contracorriente de altísima eficiencia con intercambiador',Verificar si son la misma partida con typos / puntuación distinta. Fusionar si procede.,warning
similar_description,990320026,Suministro y colocación de kit de regulación de caudal para conducto flexible redondo de 75 mm.,Levenshtein=2 contra código 990320027: 'Suministro y colocación de kit de regulación de caudal para conducto flexible redondo de 90 mm.',Verificar si son la misma partida con typos / puntuación distinta. Fusionar si procede.,warning
similar_description,990320529,"Suministro y colocación de plénum de ventilación para 2 conductos de 90 mm de impulsion o retorno, caudal de aire recomendado de 100 m3/h a velocidad de 3 m/s. Boca registrable para su limpieza. Tapa ","Levenshtein=3 contra código 990320545: 'Suministro y colocación de plénum de ventilación para 3 conductos de 90 mm de impulsion o retorno, caudal de aire recome'",Verificar si son la misma partida con typos / puntuación distinta. Fusionar si procede.,warning
similar_description,990320533,"Suministro y colocación de plénum de ventilación para 3 conductos de 75 mm de impulsion o retorno, caudal de aire recomendado de 90 m3/h a velocidad de 3 m/s. Boca registrable para su limpieza. Tapa d","Levenshtein=3 contra código 990320534: 'Suministro y colocación de plénum de ventilación para 2 conductos de 75 mm de impulsion o retorno, caudal de aire recome'",Verificar si son la misma partida con typos / puntuación distinta. Fusionar si procede.,warning
similar_description,990320641,Suministro y colocación de rejilla rectangular 260 x 160 mm color blanco o inox.,Levenshtein=2 contra código 990320647: 'Suministro y colocación de rejilla rectangular 430 x 160 mm color blanco o inox.',Verificar si son la misma partida con typos / puntuación distinta. Fusionar si procede.,warning
similar_description,990320811,"Suministro y colocación de plénum de ventilación para conducto de 75 mm de impulsion o retorno, caudal de aire recomendado de 30 m3/h a velocidad de 3 m/s. Boca registrable para su limpieza. Tapa dese","Levenshtein=2 contra código 990320814: 'Suministro y colocación de plénum de ventilación para conducto de 75 mm de impulsion o retorno, caudal de aire recomenda'",Verificar si son la misma partida con typos / puntuación distinta. Fusionar si procede.,warning
similar_description,990320811,"Suministro y colocación de plénum de ventilación para conducto de 75 mm de impulsion o retorno, caudal de aire recomendado de 30 m3/h a velocidad de 3 m/s. Boca registrable para su limpieza. Tapa dese","Levenshtein=3 contra código 990320849: 'Suministro y colocación de plénum de ventilación para conducto de 75 mm de impulsion o retorno, caudal de aire recomenda'",Verificar si son la misma partida con typos / puntuación distinta. Fusionar si procede.,warning
similar_description,990320814,"Suministro y colocación de plénum de ventilación para conducto de 75 mm de impulsion o retorno, caudal de aire recomendado de 30 m3/h a velocidad de 3 m/s. Boca registrable para su limpieza. Tapa dese","Levenshtein=2 contra código 990320849: 'Suministro y colocación de plénum de ventilación para conducto de 75 mm de impulsion o retorno, caudal de aire recomenda'",Verificar si son la misma partida con typos / puntuación distinta. Fusionar si procede.,warning
similar_description,990320845,"Suministro y colocación de plénum de ventilación para conducto de 90 mm de impulsion o retorno, caudal de aire recomendado de 50 m3/h a velocidad de 3 m/s. Boca registrable para su limpieza. Tapa dese","Levenshtein=2 contra código 990320851: 'Suministro y colocación de plénum de ventilación para conducto de 90 mm de impulsion o retorno, caudal de aire recomenda'",Verificar si son la misma partida con typos / puntuación distinta. Fusionar si procede.,warning
similar_description,990323500,"Suministro e instalación de sistema de distribución de 4 conductos diámetro 75 mm y silenciador para recuperador de calor - Amortiguador acústico - Filtros finos, filtros de carbón activo - Cajas de d",Levenshtein=2 contra código 990323521: 'Suministro e instalación de sistema de distribución de 4 conductos diámetro 90 mm y silenciador para recuperador de calo',Verificar si son la misma partida con typos / puntuación distinta. Fusionar si procede.,warning
similar_description,990323500,"Suministro e instalación de sistema de distribución de 4 conductos diámetro 75 mm y silenciador para recuperador de calor - Amortiguador acústico - Filtros finos, filtros de carbón activo - Cajas de d",Levenshtein=3 contra código 990323523: 'Suministro e instalación de sistema de distribución de 6 conductos diámetro 90 mm y silenciador para recuperador de calo',Verificar si son la misma partida con typos / puntuación distinta. Fusionar si procede.,warning
similar_description,990323500,"Suministro e instalación de sistema de distribución de 4 conductos diámetro 75 mm y silenciador para recuperador de calor - Amortiguador acústico - Filtros finos, filtros de carbón activo - Cajas de d",Levenshtein=1 contra código 990323612: 'Suministro e instalación de sistema de distribución de 6 conductos diámetro 75 mm y silenciador para recuperador de calo',Verificar si son la misma partida con typos / puntuación distinta. Fusionar si procede.,warning
similar_description,990323500,"Suministro e instalación de sistema de distribución de 4 conductos diámetro 75 mm y silenciador para recuperador de calor - Amortiguador acústico - Filtros finos, filtros de carbón activo - Cajas de d",Levenshtein=1 contra código 990323621: 'Suministro e instalación de sistema de distribución de 8 conductos diámetro 75 mm y silenciador para recuperador de calo',Verificar si son la misma partida con typos / puntuación distinta. Fusionar si procede.,warning
similar_description,990323500,"Suministro e instalación de sistema de distribución de 4 conductos diámetro 75 mm y silenciador para recuperador de calor - Amortiguador acústico - Filtros finos, filtros de carbón activo - Cajas de d",Levenshtein=3 contra código 990323622: 'Suministro e instalación de sistema de distribución de 8 conductos diámetro 90 mm y silenciador para recuperador de calo',Verificar si son la misma partida con typos / puntuación distinta. Fusionar si procede.,warning
similar_description,990323500,"Suministro e instalación de sistema de distribución de 4 conductos diámetro 75 mm y silenciador para recuperador de calor - Amortiguador acústico - Filtros finos, filtros de carbón activo - Cajas de d",Levenshtein=2 contra código 990323614: 'Suministro e instalación de sistema de distribución de 10 conductos diámetro 75 mm y silenciador para recuperador de cal',Verificar si son la misma partida con typos / puntuación distinta. Fusionar si procede.,warning
similar_description,990323500,"Suministro e instalación de sistema de distribución de 4 conductos diámetro 75 mm y silenciador para recuperador de calor - Amortiguador acústico - Filtros finos, filtros de carbón activo - Cajas de d",Levenshtein=4 contra código 990323615: 'Suministro e instalación de sistema de distribución de 10 conductos diámetro 90 mm y silenciador para recuperador de cal',Verificar si son la misma partida con typos / puntuación distinta. Fusionar si procede.,warning
similar_description,990323500,"Suministro e instalación de sistema de distribución de 4 conductos diámetro 75 mm y silenciador para recuperador de calor - Amortiguador acústico - Filtros finos, filtros de carbón activo - Cajas de d",Levenshtein=2 contra código 990323631: 'Suministro e instalación de sistema de distribución de 12 conductos diámetro 75 mm y silenciador para recuperador de cal',Verificar si son la misma partida con typos / puntuación distinta. Fusionar si procede.,warning
similar_description,990323500,"Suministro e instalación de sistema de distribución de 4 conductos diámetro 75 mm y silenciador para recuperador de calor - Amortiguador acústico - Filtros finos, filtros de carbón activo - Cajas de d",Levenshtein=4 contra código 990323632: 'Suministro e instalación de sistema de distribución de 12 conductos diámetro 90 mm y silenciador para recuperador de cal',Verificar si son la misma partida con typos / puntuación distinta. Fusionar si procede.,warning
similar_description,990323521,"Suministro e instalación de sistema de distribución de 4 conductos diámetro 90 mm y silenciador para recuperador de calor - Amortiguador acústico - Filtros finos, filtros de carbón activo - Cajas de d",Levenshtein=1 contra código 990323523: 'Suministro e instalación de sistema de distribución de 6 conductos diámetro 90 mm y silenciador para recuperador de calo',Verificar si son la misma partida con typos / puntuación distinta. Fusionar si procede.,warning
similar_description,990323521,"Suministro e instalación de sistema de distribución de 4 conductos diámetro 90 mm y silenciador para recuperador de calor - Amortiguador acústico - Filtros finos, filtros de carbón activo - Cajas de d",Levenshtein=3 contra código 990323612: 'Suministro e instalación de sistema de distribución de 6 conductos diámetro 75 mm y silenciador para recuperador de calo',Verificar si son la misma partida con typos / puntuación distinta. Fusionar si procede.,warning
similar_description,990323521,"Suministro e instalación de sistema de distribución de 4 conductos diámetro 90 mm y silenciador para recuperador de calor - Amortiguador acústico - Filtros finos, filtros de carbón activo - Cajas de d",Levenshtein=3 contra código 990323621: 'Suministro e instalación de sistema de distribución de 8 conductos diámetro 75 mm y silenciador para recuperador de calo',Verificar si son la misma partida con typos / puntuación distinta. Fusionar si procede.,warning
similar_description,990323521,"Suministro e instalación de sistema de distribución de 4 conductos diámetro 90 mm y silenciador para recuperador de calor - Amortiguador acústico - Filtros finos, filtros de carbón activo - Cajas de d",Levenshtein=1 contra código 990323622: 'Suministro e instalación de sistema de distribución de 8 conductos diámetro 90 mm y silenciador para recuperador de calo',Verificar si son la misma partida con typos / puntuación distinta. Fusionar si procede.,warning
similar_description,990323521,"Suministro e instalación de sistema de distribución de 4 conductos diámetro 90 mm y silenciador para recuperador de calor - Amortiguador acústico - Filtros finos, filtros de carbón activo - Cajas de d",Levenshtein=4 contra código 990323614: 'Suministro e instalación de sistema de distribución de 10 conductos diámetro 75 mm y silenciador para recuperador de cal',Verificar si son la misma partida con typos / puntuación distinta. Fusionar si procede.,warning
similar_description,990323521,"Suministro e instalación de sistema de distribución de 4 conductos diámetro 90 mm y silenciador para recuperador de calor - Amortiguador acústico - Filtros finos, filtros de carbón activo - Cajas de d",Levenshtein=2 contra código 990323615: 'Suministro e instalación de sistema de distribución de 10 conductos diámetro 90 mm y silenciador para recuperador de cal',Verificar si son la misma partida con typos / puntuación distinta. Fusionar si procede.,warning
similar_description,990323521,"Suministro e instalación de sistema de distribución de 4 conductos diámetro 90 mm y silenciador para recuperador de calor - Amortiguador acústico - Filtros finos, filtros de carbón activo - Cajas de d",Levenshtein=4 contra código 990323631: 'Suministro e instalación de sistema de distribución de 12 conductos diámetro 75 mm y silenciador para recuperador de cal',Verificar si son la misma partida con typos / puntuación distinta. Fusionar si procede.,warning
similar_description,990323521,"Suministro e instalación de sistema de distribución de 4 conductos diámetro 90 mm y silenciador para recuperador de calor - Amortiguador acústico - Filtros finos, filtros de carbón activo - Cajas de d",Levenshtein=2 contra código 990323632: 'Suministro e instalación de sistema de distribución de 12 conductos diámetro 90 mm y silenciador para recuperador de cal',Verificar si son la misma partida con typos / puntuación distinta. Fusionar si procede.,warning
similar_description,990323523,"Suministro e instalación de sistema de distribución de 6 conductos diámetro 90 mm y silenciador para recuperador de calor - Amortiguador acústico - Filtros finos, filtros de carbón activo - Cajas de d",Levenshtein=2 contra código 990323612: 'Suministro e instalación de sistema de distribución de 6 conductos diámetro 75 mm y silenciador para recuperador de calo',Verificar si son la misma partida con typos / puntuación distinta. Fusionar si procede.,warning
similar_description,990323523,"Suministro e instalación de sistema de distribución de 6 conductos diámetro 90 mm y silenciador para recuperador de calor - Amortiguador acústico - Filtros finos, filtros de carbón activo - Cajas de d",Levenshtein=3 contra código 990323621: 'Suministro e instalación de sistema de distribución de 8 conductos diámetro 75 mm y silenciador para recuperador de calo',Verificar si son la misma partida con typos / puntuación distinta. Fusionar si procede.,warning
similar_description,990323523,"Suministro e instalación de sistema de distribución de 6 conductos diámetro 90 mm y silenciador para recuperador de calor - Amortiguador acústico - Filtros finos, filtros de carbón activo - Cajas de d",Levenshtein=1 contra código 990323622: 'Suministro e instalación de sistema de distribución de 8 conductos diámetro 90 mm y silenciador para recuperador de calo',Verificar si son la misma partida con typos / puntuación distinta. Fusionar si procede.,warning
similar_description,990323523,"Suministro e instalación de sistema de distribución de 6 conductos diámetro 90 mm y silenciador para recuperador de calor - Amortiguador acústico - Filtros finos, filtros de carbón activo - Cajas de d",Levenshtein=4 contra código 990323614: 'Suministro e instalación de sistema de distribución de 10 conductos diámetro 75 mm y silenciador para recuperador de cal',Verificar si son la misma partida con typos / puntuación distinta. Fusionar si procede.,warning
similar_description,990323523,"Suministro e instalación de sistema de distribución de 6 conductos diámetro 90 mm y silenciador para recuperador de calor - Amortiguador acústico - Filtros finos, filtros de carbón activo - Cajas de d",Levenshtein=2 contra código 990323615: 'Suministro e instalación de sistema de distribución de 10 conductos diámetro 90 mm y silenciador para recuperador de cal',Verificar si son la misma partida con typos / puntuación distinta. Fusionar si procede.,warning
similar_description,990323523,"Suministro e instalación de sistema de distribución de 6 conductos diámetro 90 mm y silenciador para recuperador de calor - Amortiguador acústico - Filtros finos, filtros de carbón activo - Cajas de d",Levenshtein=4 contra código 990323631: 'Suministro e instalación de sistema de distribución de 12 conductos diámetro 75 mm y silenciador para recuperador de cal',Verificar si son la misma partida con typos / puntuación distinta. Fusionar si procede.,warning
similar_description,990323523,"Suministro e instalación de sistema de distribución de 6 conductos diámetro 90 mm y silenciador para recuperador de calor - Amortiguador acústico - Filtros finos, filtros de carbón activo - Cajas de d",Levenshtein=2 contra código 990323632: 'Suministro e instalación de sistema de distribución de 12 conductos diámetro 90 mm y silenciador para recuperador de cal',Verificar si son la misma partida con typos / puntuación distinta. Fusionar si procede.,warning
similar_description,990323612,"Suministro e instalación de sistema de distribución de 6 conductos diámetro 75 mm y silenciador para recuperador de calor - Amortiguador acústico - Filtros finos, filtros de carbón activo - Cajas de d",Levenshtein=1 contra código 990323621: 'Suministro e instalación de sistema de distribución de 8 conductos diámetro 75 mm y silenciador para recuperador de calo',Verificar si son la misma partida con typos / puntuación distinta. Fusionar si procede.,warning
similar_description,990323612,"Suministro e instalación de sistema de distribución de 6 conductos diámetro 75 mm y silenciador para recuperador de calor - Amortiguador acústico - Filtros finos, filtros de carbón activo - Cajas de d",Levenshtein=3 contra código 990323622: 'Suministro e instalación de sistema de distribución de 8 conductos diámetro 90 mm y silenciador para recuperador de calo',Verificar si son la misma partida con typos / puntuación distinta. Fusionar si procede.,warning
similar_description,990323612,"Suministro e instalación de sistema de distribución de 6 conductos diámetro 75 mm y silenciador para recuperador de calor - Amortiguador acústico - Filtros finos, filtros de carbón activo - Cajas de d",Levenshtein=2 contra código 990323614: 'Suministro e instalación de sistema de distribución de 10 conductos diámetro 75 mm y silenciador para recuperador de cal',Verificar si son la misma partida con typos / puntuación distinta. Fusionar si procede.,warning
similar_description,990323612,"Suministro e instalación de sistema de distribución de 6 conductos diámetro 75 mm y silenciador para recuperador de calor - Amortiguador acústico - Filtros finos, filtros de carbón activo - Cajas de d",Levenshtein=4 contra código 990323615: 'Suministro e instalación de sistema de distribución de 10 conductos diámetro 90 mm y silenciador para recuperador de cal',Verificar si son la misma partida con typos / puntuación distinta. Fusionar si procede.,warning
similar_description,990323612,"Suministro e instalación de sistema de distribución de 6 conductos diámetro 75 mm y silenciador para recuperador de calor - Amortiguador acústico - Filtros finos, filtros de carbón activo - Cajas de d",Levenshtein=2 contra código 990323631: 'Suministro e instalación de sistema de distribución de 12 conductos diámetro 75 mm y silenciador para recuperador de cal',Verificar si son la misma partida con typos / puntuación distinta. Fusionar si procede.,warning
similar_description,990323612,"Suministro e instalación de sistema de distribución de 6 conductos diámetro 75 mm y silenciador para recuperador de calor - Amortiguador acústico - Filtros finos, filtros de carbón activo - Cajas de d",Levenshtein=4 contra código 990323632: 'Suministro e instalación de sistema de distribución de 12 conductos diámetro 90 mm y silenciador para recuperador de cal',Verificar si son la misma partida con typos / puntuación distinta. Fusionar si procede.,warning
similar_description,990323614,"Suministro e instalación de sistema de distribución de 10 conductos diámetro 75 mm y silenciador para recuperador de calor - Amortiguador acústico - Filtros finos, filtros de carbón activo - Cajas de ",Levenshtein=2 contra código 990323615: 'Suministro e instalación de sistema de distribución de 10 conductos diámetro 90 mm y silenciador para recuperador de cal',Verificar si son la misma partida con typos / puntuación distinta. Fusionar si procede.,warning
similar_description,990323614,"Suministro e instalación de sistema de distribución de 10 conductos diámetro 75 mm y silenciador para recuperador de calor - Amortiguador acústico - Filtros finos, filtros de carbón activo - Cajas de ",Levenshtein=1 contra código 990323631: 'Suministro e instalación de sistema de distribución de 12 conductos diámetro 75 mm y silenciador para recuperador de cal',Verificar si son la misma partida con typos / puntuación distinta. Fusionar si procede.,warning
similar_description,990323614,"Suministro e instalación de sistema de distribución de 10 conductos diámetro 75 mm y silenciador para recuperador de calor - Amortiguador acústico - Filtros finos, filtros de carbón activo - Cajas de ",Levenshtein=3 contra código 990323632: 'Suministro e instalación de sistema de distribución de 12 conductos diámetro 90 mm y silenciador para recuperador de cal',Verificar si son la misma partida con typos / puntuación distinta. Fusionar si procede.,warning
similar_description,990323615,"Suministro e instalación de sistema de distribución de 10 conductos diámetro 90 mm y silenciador para recuperador de calor - Amortiguador acústico - Filtros finos, filtros de carbón activo - Cajas de ",Levenshtein=3 contra código 990323631: 'Suministro e instalación de sistema de distribución de 12 conductos diámetro 75 mm y silenciador para recuperador de cal',Verificar si son la misma partida con typos / puntuación distinta. Fusionar si procede.,warning
similar_description,990323615,"Suministro e instalación de sistema de distribución de 10 conductos diámetro 90 mm y silenciador para recuperador de calor - Amortiguador acústico - Filtros finos, filtros de carbón activo - Cajas de ",Levenshtein=1 contra código 990323632: 'Suministro e instalación de sistema de distribución de 12 conductos diámetro 90 mm y silenciador para recuperador de cal',Verificar si son la misma partida con typos / puntuación distinta. Fusionar si procede.,warning
similar_description,990323621,"Suministro e instalación de sistema de distribución de 8 conductos diámetro 75 mm y silenciador para recuperador de calor - Amortiguador acústico - Filtros finos, filtros de carbón activo - Cajas de d",Levenshtein=2 contra código 990323622: 'Suministro e instalación de sistema de distribución de 8 conductos diámetro 90 mm y silenciador para recuperador de calo',Verificar si son la misma partida con typos / puntuación distinta. Fusionar si procede.,warning
similar_description,990323621,"Suministro e instalación de sistema de distribución de 8 conductos diámetro 75 mm y silenciador para recuperador de calor - Amortiguador acústico - Filtros finos, filtros de carbón activo - Cajas de d",Levenshtein=2 contra código 990323614: 'Suministro e instalación de sistema de distribución de 10 conductos diámetro 75 mm y silenciador para recuperador de cal',Verificar si son la misma partida con typos / puntuación distinta. Fusionar si procede.,warning
similar_description,990323621,"Suministro e instalación de sistema de distribución de 8 conductos diámetro 75 mm y silenciador para recuperador de calor - Amortiguador acústico - Filtros finos, filtros de carbón activo - Cajas de d",Levenshtein=4 contra código 990323615: 'Suministro e instalación de sistema de distribución de 10 conductos diámetro 90 mm y silenciador para recuperador de cal',Verificar si son la misma partida con typos / puntuación distinta. Fusionar si procede.,warning
similar_description,990323621,"Suministro e instalación de sistema de distribución de 8 conductos diámetro 75 mm y silenciador para recuperador de calor - Amortiguador acústico - Filtros finos, filtros de carbón activo - Cajas de d",Levenshtein=2 contra código 990323631: 'Suministro e instalación de sistema de distribución de 12 conductos diámetro 75 mm y silenciador para recuperador de cal',Verificar si son la misma partida con typos / puntuación distinta. Fusionar si procede.,warning
similar_description,990323621,"Suministro e instalación de sistema de distribución de 8 conductos diámetro 75 mm y silenciador para recuperador de calor - Amortiguador acústico - Filtros finos, filtros de carbón activo - Cajas de d",Levenshtein=4 contra código 990323632: 'Suministro e instalación de sistema de distribución de 12 conductos diámetro 90 mm y silenciador para recuperador de cal',Verificar si son la misma partida con typos / puntuación distinta. Fusionar si procede.,warning
similar_description,990323622,"Suministro e instalación de sistema de distribución de 8 conductos diámetro 90 mm y silenciador para recuperador de calor - Amortiguador acústico - Filtros finos, filtros de carbón activo - Cajas de d",Levenshtein=4 contra código 990323614: 'Suministro e instalación de sistema de distribución de 10 conductos diámetro 75 mm y silenciador para recuperador de cal',Verificar si son la misma partida con typos / puntuación distinta. Fusionar si procede.,warning
similar_description,990323622,"Suministro e instalación de sistema de distribución de 8 conductos diámetro 90 mm y silenciador para recuperador de calor - Amortiguador acústico - Filtros finos, filtros de carbón activo - Cajas de d",Levenshtein=2 contra código 990323615: 'Suministro e instalación de sistema de distribución de 10 conductos diámetro 90 mm y silenciador para recuperador de cal',Verificar si son la misma partida con typos / puntuación distinta. Fusionar si procede.,warning
similar_description,990323622,"Suministro e instalación de sistema de distribución de 8 conductos diámetro 90 mm y silenciador para recuperador de calor - Amortiguador acústico - Filtros finos, filtros de carbón activo - Cajas de d",Levenshtein=4 contra código 990323631: 'Suministro e instalación de sistema de distribución de 12 conductos diámetro 75 mm y silenciador para recuperador de cal',Verificar si son la misma partida con typos / puntuación distinta. Fusionar si procede.,warning
similar_description,990323622,"Suministro e instalación de sistema de distribución de 8 conductos diámetro 90 mm y silenciador para recuperador de calor - Amortiguador acústico - Filtros finos, filtros de carbón activo - Cajas de d",Levenshtein=2 contra código 990323632: 'Suministro e instalación de sistema de distribución de 12 conductos diámetro 90 mm y silenciador para recuperador de cal',Verificar si son la misma partida con typos / puntuación distinta. Fusionar si procede.,warning
similar_description,990323631,"Suministro e instalación de sistema de distribución de 12 conductos diámetro 75 mm y silenciador para recuperador de calor - Amortiguador acústico - Filtros finos, filtros de carbón activo - Cajas de ",Levenshtein=2 contra código 990323632: 'Suministro e instalación de sistema de distribución de 12 conductos diámetro 90 mm y silenciador para recuperador de cal',Verificar si son la misma partida con typos / puntuación distinta. Fusionar si procede.,warning
similar_description,990326001,"Suministro y colocación de boca circular de ventilación para conducto de 75 mm de impulsion o retorno, caudal de aire recomendado de 30 m3/h a velocidad de 3 m/s. Boca registrable para su limpieza. Ta","Levenshtein=5 contra código 990326121: 'Suministro y colocación de boca circular de ventilación para 2 conductos de 75 mm de impulsion o retorno, caudal de aire'",Verificar si son la misma partida con typos / puntuación distinta. Fusionar si procede.,warning
similar_description,990328007,"Suministro y colocación de conducto para instalación de ventilación, formado por tubo flexible corrugado por fuera y liso por dentro conforme a la norma DIN EN 60529, color blanco, colocado en posició","Levenshtein=4 contra código 990328009: 'Suministro y colocación de conducto para instalación de ventilación, formado por tubo flexible corrugado por fuera y lis'",Verificar si son la misma partida con typos / puntuación distinta. Fusionar si procede.,warning
similar_description,990328007,"Suministro y colocación de conducto para instalación de ventilación, formado por tubo flexible corrugado por fuera y liso por dentro conforme a la norma DIN EN 60529, color blanco, colocado en posició","Levenshtein=4 contra código 990328011: 'Suministro y colocación de conducto para instalación de ventilación, formado por tubo flexible corrugado por fuera y lis'",Verificar si son la misma partida con typos / puntuación distinta. Fusionar si procede.,warning
similar_description,990328009,"Suministro y colocación de conducto para instalación de ventilación, formado por tubo flexible corrugado por fuera y liso por dentro conforme a la norma DIN EN 60529, color blanco, colocado en posició","Levenshtein=4 contra código 990328011: 'Suministro y colocación de conducto para instalación de ventilación, formado por tubo flexible corrugado por fuera y lis'",Verificar si son la misma partida con typos / puntuación distinta. Fusionar si procede.,warning
similar_description,990328690,"Suministro e instalación de conducto de polipropileno diámetro exterior/interior (155/125 mm) para toma de admisión y expulsión de aire - Material: Polipropileno PP - Conductividad 0,042 W/mK- Transmi",Levenshtein=4 contra código 990328693: 'Suministro e instalación de conducto de polipropileno diámetro exterior/interior (190/160 mm) para toma de admisión y ex',Verificar si son la misma partida con typos / puntuación distinta. Fusionar si procede.,warning
similar_description,990328693,"Suministro e instalación de conducto de polipropileno diámetro exterior/interior (190/160 mm) para toma de admisión y expulsión de aire - Material: Polipropileno PP - Conductividad 0,042 W/mK- Transmi",Levenshtein=4 contra código 990328696: 'Suministro e instalación de conducto de polipropileno diámetro exterior/interior (230/200 mm) para toma de admisión y ex',Verificar si son la misma partida con typos / puntuación distinta. Fusionar si procede.,warning
similar_description,990430250,"Suministro y colocación de rejilla simple de aspiración/expulsión de aire exterior. Abatible, limpiable, construida en acero inoxidable y con malla anti-insectos. Caudal máximo de 200 m3/h.","Levenshtein=2 contra código 990430580: 'Suministro y colocación de rejilla simple de aspiración/expulsión de aire exterior. Abatible, limpiable, construida en a'",Verificar si son la misma partida con typos / puntuación distinta. Fusionar si procede.,warning
similar_description,990430250,"Suministro y colocación de rejilla simple de aspiración/expulsión de aire exterior. Abatible, limpiable, construida en acero inoxidable y con malla anti-insectos. Caudal máximo de 200 m3/h.","Levenshtein=2 contra código 990430582: 'Suministro y colocación de rejilla simple de aspiración/expulsión de aire exterior. Abatible, limpiable, construida en a'",Verificar si son la misma partida con typos / puntuación distinta. Fusionar si procede.,warning
similar_description,990430580,"Suministro y colocación de rejilla simple de aspiración/expulsión de aire exterior. Abatible, limpiable, construida en acero inoxidable y con malla anti-insectos. Caudal máximo de 350 m3/h.","Levenshtein=1 contra código 990430582: 'Suministro y colocación de rejilla simple de aspiración/expulsión de aire exterior. Abatible, limpiable, construida en a'",Verificar si son la misma partida con typos / puntuación distinta. Fusionar si procede.,warning
similar_description,ADD010c,"Desmonte en roca, para dar al terreno la rasante de explanación prevista, con empleo de medios mecánicos. Incluso carga de los productos de la excavación sobre camión.","Levenshtein=5 contra código ADD010: 'Desmonte en tierra, para dar al terreno la rasante de explanación prevista, con empleo de medios mecánicos. Incluso carg'",Verificar si son la misma partida con typos / puntuación distinta. Fusionar si procede.,warning
similar_description,ADE010b,"Excavación de tierras para formación de zanjas hasta una profundidad de 2 m, en suelo de roca dura, con medios mecánicos, hasta alcanzar la cota de profundidad indicada en el proyecto. Incluso transpo","Levenshtein=5 contra código ADE010e: 'Excavación de tierras para formación de zanjas hasta una profundidad de 2 m, en suelo de roca blanda, con medios mecánic'",Verificar si son la misma partida con typos / puntuación distinta. Fusionar si procede.,warning
similar_description,ANS010,"Solera de hormigón en masa de 15 cm de espesor, realizada con hormigón HM-20/B/20/X0 fabricado en central y vertido desde camión, extendido y vibrado manual mediante regla vibrante, sin tratamiento de","Levenshtein=1 contra código ANS010f: 'Solera de hormigón en masa de 10 cm de espesor, realizada con hormigón HM-20/B/20/X0 fabricado en central y vertido desd'",Verificar si son la misma partida con typos / puntuación distinta. Fusionar si procede.,warning
similar_description,ANS010b,"Solera de hormigón armado de 15 cm de espesor, realizada con hormigón HA-25/F/20/XC2 fabricado en central, y vertido con bomba, y malla electrosoldada ME 20x20 Ø 5-5 B 500 T 6x2,20 UNE-EN 10080 como a","Levenshtein=2 contra código ANS010c: 'Solera de hormigón armado de 20 cm de espesor, realizada con hormigón HA-25/F/20/XC2 fabricado en central, y vertido con'",Verificar si son la misma partida con typos / puntuación distinta. Fusionar si procede.,warning
similar_description,ANS010b,"Solera de hormigón armado de 15 cm de espesor, realizada con hormigón HA-25/F/20/XC2 fabricado en central, y vertido con bomba, y malla electrosoldada ME 20x20 Ø 5-5 B 500 T 6x2,20 UNE-EN 10080 como a","Levenshtein=1 contra código ANS010d: 'Solera de hormigón armado de 10 cm de espesor, realizada con hormigón HA-25/F/20/XC2 fabricado en central, y vertido con'",Verificar si son la misma partida con typos / puntuación distinta. Fusionar si procede.,warning
similar_description,ANS010c,"Solera de hormigón armado de 20 cm de espesor, realizada con hormigón HA-25/F/20/XC2 fabricado en central, y vertido con bomba, y malla electrosoldada ME 20x20 Ø 5-5 B 500 T 6x2,20 UNE-EN 10080 como a","Levenshtein=1 contra código ANS010d: 'Solera de hormigón armado de 10 cm de espesor, realizada con hormigón HA-25/F/20/XC2 fabricado en central, y vertido con'",Verificar si son la misma partida con typos / puntuación distinta. Fusionar si procede.,warning
similar_description,CAV010,"Viga de atado de hormigón armado, realizada con hormigón HA-30/B/20/XC2 fabricado en central, y vertido desde camión, y acero UNE-EN 10080 B 500 S, con una cuantía aproximada de 60 kg/m³. Incluso alam","Levenshtein=2 contra código CAV010c: 'Viga de atado de hormigón armado, realizada con hormigón HA-25/B/20/XC2 fabricado en central, y vertido desde camión, y '",Verificar si son la misma partida con typos / puntuación distinta. Fusionar si procede.,warning
similar_description,CPI050b,"Pilote de cimentación de hormigón armado de 45 cm de diámetro, para grupo de pilotes CPI-5 según NTE-CPI, de hasta 15 m de profundidad. Ejecutado por extracción de tierras, en terreno de menos de 25 k","Levenshtein=3 contra código CPI050c: 'Pilote de cimentación de hormigón armado de 55 cm de diámetro, para grupo de pilotes CPI-5 según NTE-CPI, de hasta 15 m '",Verificar si son la misma partida con typos / puntuación distinta. Fusionar si procede.,warning
similar_description,CSL010,"Losa de cimentación de hormigón armado, realizada con hormigón HA-30/B/20/XC2 fabricado en central, y vertido con bomba, y acero UNE-EN 10080 B 500 S, con una cuantía aproximada de 85 kg/m³; acabado s","Levenshtein=2 contra código CSL010c: 'Losa de cimentación de hormigón armado, realizada con hormigón HA-25/B/20/XC2 fabricado en central, y vertido con bomba,'",Verificar si son la misma partida con typos / puntuación distinta. Fusionar si procede.,warning
similar_description,CSV010b,"Zapata corrida de cimentación, de hormigón armado, realizada en excavación previa, con hormigón HA-25/B/20/XC2 fabricado en central, y vertido desde camión, y acero UNE-EN 10080 B 500 S, con una cuant","Levenshtein=2 contra código CSV010c: 'Zapata corrida de cimentación, de hormigón armado, realizada en excavación previa, con hormigón HA-30/B/20/XC2 fabricado'",Verificar si son la misma partida con typos / puntuación distinta. Fusionar si procede.,warning
similar_description,CSZ010b,"Zapata de cimentación de hormigón armado, realizada con hormigón HA-25/B/20/XC2 fabricado en central, y vertido desde camión, y acero UNE-EN 10080 B 500 S, con una cuantía aproximada de 50 kg/m³. Incl","Levenshtein=2 contra código CSZ010c: 'Zapata de cimentación de hormigón armado, realizada con hormigón HA-30/B/20/XC2 fabricado en central, y vertido desde ca'",Verificar si son la misma partida con typos / puntuación distinta. Fusionar si procede.,warning
similar_description,D3001.0050,"Lijado mecánico de superficie hor. de hormigón con disco de diamante para posterior aplicación de recubrimiento o adhesivo, incluso limpieza del polvo generado.",Levenshtein=3 contra código D3001.0060: 'Lijado mecánico de superficie vert. de hormigón con disco de diamante para posterior aplicación de recubrimiento o adhes',Verificar si son la misma partida con typos / puntuación distinta. Fusionar si procede.,warning
similar_description,D3001.0070,"Picado mecánico mediante pistolete, bujarda o similar, de superficie de hormigón hasta una profundidad de 20 mm, incluso limpieza posterior del soporte y del material extraído.","Levenshtein=1 contra código D3001.0080: 'Picado mecánico mediante pistolete, bujarda o similar, de superficie de hormigón hasta una profundidad de 40 mm, incluso'",Verificar si son la misma partida con typos / puntuación distinta. Fusionar si procede.,warning
similar_description,DEA050,"Desmontaje de viga metálica apoyada, formada por perfil de acero laminado IPN 200 o similar, de hasta 4 m de longitud media, con medios manuales, y carga manual sobre camión o contenedor.","Levenshtein=2 contra código DEA050b: 'Desmontaje de viga metálica apoyada, formada por perfil de acero laminado IPN 120 o similar, de hasta 4 m de longitud me'",Verificar si son la misma partida con typos / puntuación distinta. Fusionar si procede.,warning
similar_description,DEH050,"Demolición de viga de hormigón armado, con medios manuales, martillo neumático y equipo de oxicorte, y carga manual sobre camión o contenedor.","Levenshtein=3 contra código DEH030: 'Demolición de pilar de hormigón armado, con medios manuales, martillo neumático y equipo de oxicorte, y carga manual sob'",Verificar si son la misma partida con typos / puntuación distinta. Fusionar si procede.,warning
similar_description,DFF021,"Demolición de fábrica revestida, formada por ladrillo hueco de 20 cm de espesor, con medios manuales, sin afectar a la estabilidad de los elementos constructivos contiguos, y carga manual sobre camión","Levenshtein=4 contra código DFF020: 'Demolición de fábrica revestida, formada por ladrillo hueco de 24/25 cm de espesor, con medios manuales, sin afectar a l'",Verificar si son la misma partida con typos / puntuación distinta. Fusionar si procede.,warning
similar_description,DIS020,"Demolición de arqueta de obra de fábrica, de hasta 200 l de capacidad, con medios manuales, sin deteriorar las conducciones que conecten con la arqueta, y carga manual sobre camión o contenedor.","Levenshtein=5 contra código DIS020b: 'Demolición de arqueta de obra de fábrica, de 200 a 500 l de capacidad, con medios manuales, sin deteriorar las conduccio'",Verificar si son la misma partida con typos / puntuación distinta. Fusionar si procede.,warning
similar_description,DIS033b,"Desmontaje de bajante de fibrocemento con amianto, para una longitud media a desmontar de entre 6 y 10 m, por empresa cualificada e inscrita en el Registro de Empresas con Riesgo al Amianto, con medio","Levenshtein=3 contra código DIS033c: 'Desmontaje de bajante de fibrocemento con amianto, para una longitud media a desmontar de entre 11 y 20 m, por empresa c'",Verificar si son la misma partida con typos / puntuación distinta. Fusionar si procede.,warning
similar_description,DIS033b,"Desmontaje de bajante de fibrocemento con amianto, para una longitud media a desmontar de entre 6 y 10 m, por empresa cualificada e inscrita en el Registro de Empresas con Riesgo al Amianto, con medio","Levenshtein=4 contra código DIS033d: 'Desmontaje de bajante de fibrocemento con amianto, para una longitud media a desmontar de entre 21 y 25 m, por empresa c'",Verificar si son la misma partida con typos / puntuación distinta. Fusionar si procede.,warning
similar_description,DIS033c,"Desmontaje de bajante de fibrocemento con amianto, para una longitud media a desmontar de entre 11 y 20 m, por empresa cualificada e inscrita en el Registro de Empresas con Riesgo al Amianto, con medi","Levenshtein=2 contra código DIS033d: 'Desmontaje de bajante de fibrocemento con amianto, para una longitud media a desmontar de entre 21 y 25 m, por empresa c'",Verificar si son la misma partida con typos / puntuación distinta. Fusionar si procede.,warning
similar_description,DLC010b,"Desmontaje de hoja de carpintería acristalada de cualquier tipo situada en fachada, de más de 6 m² de superficie, con medios manuales, sin deteriorar los elementos constructivos a los que está sujeta,","Levenshtein=4 contra código DLC010: 'Desmontaje de hoja de carpintería acristalada de cualquier tipo situada en fachada, de menos de 3 m² de superficie, con '",Verificar si son la misma partida con typos / puntuación distinta. Fusionar si procede.,warning
similar_description,DQC030c,"Desmontaje de cobertura de placas de fibrocemento con amianto, sujeta mecánicamente sobre correa estructural, por empresa cualificada e inscrita en el Registro de Empresas con Riesgo al Amianto, en cu","Levenshtein=4 contra código DQC030b: 'Desmontaje de cobertura de placas de fibrocemento con amianto, sujeta mecánicamente sobre correa estructural, por empres'",Verificar si son la misma partida con typos / puntuación distinta. Fusionar si procede.,warning
similar_description,DRS070,"Demolición de pavimento continuo de hormigón en masa de 5 cm de espesor, con martillo neumático, sin deteriorar los elementos constructivos contiguos, y carga manual sobre camión o contenedor.","Levenshtein=2 contra código DRS070b: 'Demolición de pavimento continuo de hormigón en masa de 10 cm de espesor, con martillo neumático, sin deteriorar los ele'",Verificar si son la misma partida con typos / puntuación distinta. Fusionar si procede.,warning
similar_description,EAF010,"Forjado de 25 = 20+5 cm de canto, compuesto de: viguetas de acero laminado en caliente UNE-EN 10025 S275JR, en perfiles simples, IPE 160; bovedilla de hormigón modelo Hourdis, 60x20x20 cm, fabricada c","Levenshtein=1 contra código EAF010c: 'Forjado de 25 = 20+5 cm de canto, compuesto de: viguetas de acero laminado en caliente UNE-EN 10025 S275JR, en perfiles '",Verificar si son la misma partida con typos / puntuación distinta. Fusionar si procede.,warning
similar_description,EAF010b,"Forjado de 25 = 20+5 cm de canto, compuesto de: viguetas de acero laminado en caliente UNE-EN 10025 S275JR, en perfiles simples, IPE 160; bovedilla mecanizada de poliestireno expandido, 60x50x20 cm, p","Levenshtein=1 contra código EAF010d: 'Forjado de 25 = 20+5 cm de canto, compuesto de: viguetas de acero laminado en caliente UNE-EN 10025 S275JR, en perfiles '",Verificar si son la misma partida con typos / puntuación distinta. Fusionar si procede.,warning
similar_description,EAS005,"Suministro y montaje de placa de anclaje de acero UNE-EN 10025 S275JR en perfil plano, de 250x250 mm y espesor 12 mm, con 4 pernos soldados, de acero corrugado UNE-EN 10080 B 500 S de 12 mm de diámetr","Levenshtein=5 contra código EAS005b: 'Suministro y montaje de placa de anclaje de acero UNE-EN 10025 S275JR en perfil plano, de 300x300 mm y espesor 12 mm, co'",Verificar si son la misma partida con typos / puntuación distinta. Fusionar si procede.,warning
similar_description,EAS005,"Suministro y montaje de placa de anclaje de acero UNE-EN 10025 S275JR en perfil plano, de 250x250 mm y espesor 12 mm, con 4 pernos soldados, de acero corrugado UNE-EN 10080 B 500 S de 12 mm de diámetr","Levenshtein=3 contra código EAS005c: 'Suministro y montaje de placa de anclaje de acero UNE-EN 10025 S275JR en perfil plano, de 350x350 mm y espesor 12 mm, co'",Verificar si son la misma partida con typos / puntuación distinta. Fusionar si procede.,warning
similar_description,EAS005b,"Suministro y montaje de placa de anclaje de acero UNE-EN 10025 S275JR en perfil plano, de 300x300 mm y espesor 12 mm, con 4 pernos soldados, de acero corrugado UNE-EN 10080 B 500 S de 16 mm de diámetr","Levenshtein=4 contra código EAS005c: 'Suministro y montaje de placa de anclaje de acero UNE-EN 10025 S275JR en perfil plano, de 350x350 mm y espesor 12 mm, co'",Verificar si son la misma partida con typos / puntuación distinta. Fusionar si procede.,warning
similar_description,EHE010,"Losa de escalera de hormigón armado de 15 cm de espesor, realizada con hormigón HA-30/F/20/XC3 fabricado en central, y vertido con cubilote, y acero UNE-EN 10080 B 500 S, con una cuantía aproximada de","Levenshtein=3 contra código EHE010d: 'Losa de escalera de hormigón armado de 15 cm de espesor, realizada con hormigón HA-25/F/20/XC2 fabricado en central, y v'",Verificar si son la misma partida con typos / puntuación distinta. Fusionar si procede.,warning
similar_description,EHE010c,"Losa de escalera de hormigón armado de 15 cm de espesor, con peldañeado de hormigón, realizada con hormigón HA-30/F/20/XC3 fabricado en central, y vertido con cubilote, y acero UNE-EN 10080 B 500 S, c","Levenshtein=3 contra código EHE010e: 'Losa de escalera de hormigón armado de 15 cm de espesor, con peldañeado de hormigón, realizada con hormigón HA-25/F/20/X'",Verificar si son la misma partida con typos / puntuación distinta. Fusionar si procede.,warning
similar_description,EHE020,"Escalera de hormigón visto, con losa de escalera y peldañeado de hormigón armado, realizada con 15 cm de espesor de hormigón HA-30/F/20/XC3 fabricado en central, y vertido con cubilote, y acero UNE-EN","Levenshtein=3 contra código EHE020c: 'Escalera de hormigón visto, con losa de escalera y peldañeado de hormigón armado, realizada con 15 cm de espesor de horm'",Verificar si son la misma partida con typos / puntuación distinta. Fusionar si procede.,warning
similar_description,EHL010,"Losa maciza de hormigón armado, horizontal, con altura libre de planta de hasta 3 m, canto 25 cm, realizada con hormigón HA-25/F/20/XC2 fabricado en central, y vertido con cubilote, y acero UNE-EN 100","Levenshtein=2 contra código EHL010b: 'Losa maciza de hormigón armado, horizontal, con altura libre de planta de hasta 3 m, canto 30 cm, realizada con hormigón'",Verificar si son la misma partida con typos / puntuación distinta. Fusionar si procede.,warning
similar_description,EHL010,"Losa maciza de hormigón armado, horizontal, con altura libre de planta de hasta 3 m, canto 25 cm, realizada con hormigón HA-25/F/20/XC2 fabricado en central, y vertido con cubilote, y acero UNE-EN 100","Levenshtein=1 contra código EHL010e: 'Losa maciza de hormigón armado, horizontal, con altura libre de planta de hasta 3 m, canto 20 cm, realizada con hormigón'",Verificar si son la misma partida con typos / puntuación distinta. Fusionar si procede.,warning
similar_description,EHL010b,"Losa maciza de hormigón armado, horizontal, con altura libre de planta de hasta 3 m, canto 30 cm, realizada con hormigón HA-25/F/20/XC2 fabricado en central, y vertido con cubilote, y acero UNE-EN 100","Levenshtein=1 contra código EHL010e: 'Losa maciza de hormigón armado, horizontal, con altura libre de planta de hasta 3 m, canto 20 cm, realizada con hormigón'",Verificar si son la misma partida con typos / puntuación distinta. Fusionar si procede.,warning
similar_description,EHN010,"Pantalla de hormigón armado, 2C, de hasta 3 m de altura, de 30 cm de espesor medio, realizada con hormigón HA-30/F/20/XC3 fabricado en central, y vertido con cubilote, y acero UNE-EN 10080 B 500 S, co","Levenshtein=3 contra código EHN010b: 'Pantalla de hormigón armado, 2C, de hasta 3 m de altura, de 30 cm de espesor medio, realizada con hormigón HA-25/F/20/XC'",Verificar si son la misma partida con typos / puntuación distinta. Fusionar si procede.,warning
similar_description,EHR010,"Forjado reticular de hormigón armado con casetón perdido, horizontal, con 15% de zonas macizas, con altura libre de planta de hasta 3 m, canto total 27 = 22+5 cm, realizado con hormigón HA-25/F/20/XC2","Levenshtein=5 contra código EHR010d: 'Forjado reticular de hormigón armado con casetón perdido, horizontal, con 15% de zonas macizas, con altura libre de plan'",Verificar si son la misma partida con typos / puntuación distinta. Fusionar si procede.,warning
similar_description,EHS010,"Pilar de sección rectangular o cuadrada de hormigón armado, de 30x30 cm de sección media, realizado con hormigón HA-30/F/20/XC3 fabricado en central, y vertido con cubilote, y acero UNE-EN 10080 B 500","Levenshtein=3 contra código EHS010c: 'Pilar de sección rectangular o cuadrada de hormigón armado, de 30x30 cm de sección media, realizado con hormigón HA-25/F'",Verificar si son la misma partida con typos / puntuación distinta. Fusionar si procede.,warning
similar_description,EHS011,"Pilar de sección circular de hormigón armado, de 30 cm de diámetro medio, realizado con hormigón HA-30/F/20/XC3 fabricado en central, y vertido con cubilote, y acero UNE-EN 10080 B 500 S, con una cuan","Levenshtein=3 contra código EHS011c: 'Pilar de sección circular de hormigón armado, de 30 cm de diámetro medio, realizado con hormigón HA-25/F/20/XC2 fabricad'",Verificar si son la misma partida con typos / puntuación distinta. Fusionar si procede.,warning
similar_description,EHU010d,"Estructura de hormigón armado, realizada con hormigón HA-25/F/20/XC2 fabricado en central, y vertido con cubilote, con un volumen total de hormigón en forjado y vigas de 0,133 m³/m², y acero UNE-EN 10","Levenshtein=4 contra código EHU010e: 'Estructura de hormigón armado, realizada con hormigón HA-25/F/20/XC2 fabricado en central, y vertido con cubilote, con u'",Verificar si son la misma partida con typos / puntuación distinta. Fusionar si procede.,warning
similar_description,EHU010i,"Estructura de hormigón armado, realizada con hormigón HA-25/F/20/XC2 fabricado en central, y vertido con cubilote, con un volumen total de hormigón en forjado y vigas de 0,131 m³/m², y acero UNE-EN 10","Levenshtein=4 contra código EHU010j: 'Estructura de hormigón armado, realizada con hormigón HA-25/F/20/XC2 fabricado en central, y vertido con cubilote, con u'",Verificar si son la misma partida con typos / puntuación distinta. Fusionar si procede.,warning
similar_description,EHV010,"Viga descolgada, recta, de hormigón armado, de 30x40 cm, realizada con hormigón HA-30/F/20/XC3 fabricado en central, y vertido con cubilote, y acero UNE-EN 10080 B 500 S, con una cuantía aproximada de","Levenshtein=3 contra código EHV010c: 'Viga descolgada, recta, de hormigón armado, de 30x40 cm, realizada con hormigón HA-25/F/20/XC2 fabricado en central, y v'",Verificar si son la misma partida con typos / puntuación distinta. Fusionar si procede.,warning
similar_description,EHV020,"Zuncho de apoyo de forjado de hormigón armado, realizado con hormigón HA-25/F/20/XC2 fabricado en central, y vertido con cubilote, y acero UNE-EN 10080 B 500 S, con una cuantía aproximada de 105 kg/m³","Levenshtein=5 contra código EHV020b: 'Zuncho de borde de forjado de hormigón armado, realizado con hormigón HA-25/F/20/XC2 fabricado en central, y vertido con'",Verificar si son la misma partida con typos / puntuación distinta. Fusionar si procede.,warning
similar_description,EHV020,"Zuncho de apoyo de forjado de hormigón armado, realizado con hormigón HA-25/F/20/XC2 fabricado en central, y vertido con cubilote, y acero UNE-EN 10080 B 500 S, con una cuantía aproximada de 105 kg/m³","Levenshtein=3 contra código EHV020e: 'Zuncho de apoyo de forjado de hormigón armado, realizado con hormigón HA-30/F/20/XC3 fabricado en central, y vertido con'",Verificar si son la misma partida con typos / puntuación distinta. Fusionar si procede.,warning
similar_description,EHV020b,"Zuncho de borde de forjado de hormigón armado, realizado con hormigón HA-25/F/20/XC2 fabricado en central, y vertido con cubilote, y acero UNE-EN 10080 B 500 S, con una cuantía aproximada de 105 kg/m³","Levenshtein=3 contra código EHV020d: 'Zuncho de borde de forjado de hormigón armado, realizado con hormigón HA-30/F/20/XC3 fabricado en central, y vertido con'",Verificar si son la misma partida con typos / puntuación distinta. Fusionar si procede.,warning
similar_description,EHV020d,"Zuncho de borde de forjado de hormigón armado, realizado con hormigón HA-30/F/20/XC3 fabricado en central, y vertido con cubilote, y acero UNE-EN 10080 B 500 S, con una cuantía aproximada de 105 kg/m³","Levenshtein=5 contra código EHV020e: 'Zuncho de apoyo de forjado de hormigón armado, realizado con hormigón HA-30/F/20/XC3 fabricado en central, y vertido con'",Verificar si son la misma partida con typos / puntuación distinta. Fusionar si procede.,warning
similar_description,EPF010,"Losa de 20 cm de canto, realizada con placas alveolares prefabricadas de hormigón pretensado, de 20 cm de canto y 120 cm de anchura, con momento flector último de 17 kN·m/m, con altura libre de planta","Levenshtein=4 contra código EPF010b: 'Losa de 25 cm de canto, realizada con placas alveolares prefabricadas de hormigón pretensado, de 25 cm de canto y 120 cm'",Verificar si son la misma partida con typos / puntuación distinta. Fusionar si procede.,warning
similar_description,EPF010,"Losa de 20 cm de canto, realizada con placas alveolares prefabricadas de hormigón pretensado, de 20 cm de canto y 120 cm de anchura, con momento flector último de 17 kN·m/m, con altura libre de planta","Levenshtein=2 contra código EPF010c: 'Losa de 30 cm de canto, realizada con placas alveolares prefabricadas de hormigón pretensado, de 30 cm de canto y 120 cm'",Verificar si son la misma partida con typos / puntuación distinta. Fusionar si procede.,warning
similar_description,EPF010,"Losa de 20 cm de canto, realizada con placas alveolares prefabricadas de hormigón pretensado, de 20 cm de canto y 120 cm de anchura, con momento flector último de 17 kN·m/m, con altura libre de planta","Levenshtein=5 contra código EPF010e: 'Losa de 15 cm de canto, realizada con placas alveolares prefabricadas de hormigón pretensado, de 15 cm de canto y 120 cm'",Verificar si son la misma partida con typos / puntuación distinta. Fusionar si procede.,warning
similar_description,EPF010b,"Losa de 25 cm de canto, realizada con placas alveolares prefabricadas de hormigón pretensado, de 25 cm de canto y 120 cm de anchura, con momento flector último de 22 kN·m/m, con altura libre de planta","Levenshtein=4 contra código EPF010e: 'Losa de 15 cm de canto, realizada con placas alveolares prefabricadas de hormigón pretensado, de 15 cm de canto y 120 cm'",Verificar si son la misma partida con typos / puntuación distinta. Fusionar si procede.,warning
similar_description,EPF010c,"Losa de 30 cm de canto, realizada con placas alveolares prefabricadas de hormigón pretensado, de 30 cm de canto y 120 cm de anchura, con momento flector último de 17 kN·m/m, con altura libre de planta","Levenshtein=5 contra código EPF010e: 'Losa de 15 cm de canto, realizada con placas alveolares prefabricadas de hormigón pretensado, de 15 cm de canto y 120 cm'",Verificar si son la misma partida con typos / puntuación distinta. Fusionar si procede.,warning
similar_description,EPF010d,"Losa de 15 + 5 cm de canto, realizada con placas alveolares prefabricadas de hormigón pretensado, de 15 cm de canto y 120 cm de anchura, con momento flector último de 13 kN·m/m, con altura libre de pl","Levenshtein=5 contra código EPF010f: 'Losa de 20 + 5 cm de canto, realizada con placas alveolares prefabricadas de hormigón pretensado, de 20 cm de canto y 12'",Verificar si son la misma partida con typos / puntuación distinta. Fusionar si procede.,warning
similar_description,EPF010d,"Losa de 15 + 5 cm de canto, realizada con placas alveolares prefabricadas de hormigón pretensado, de 15 cm de canto y 120 cm de anchura, con momento flector último de 13 kN·m/m, con altura libre de pl","Levenshtein=4 contra código EPF010g: 'Losa de 25 + 5 cm de canto, realizada con placas alveolares prefabricadas de hormigón pretensado, de 25 cm de canto y 12'",Verificar si son la misma partida con typos / puntuación distinta. Fusionar si procede.,warning
similar_description,EPF010d,"Losa de 15 + 5 cm de canto, realizada con placas alveolares prefabricadas de hormigón pretensado, de 15 cm de canto y 120 cm de anchura, con momento flector último de 13 kN·m/m, con altura libre de pl","Levenshtein=5 contra código EPF010h: 'Losa de 30 + 5 cm de canto, realizada con placas alveolares prefabricadas de hormigón pretensado, de 30 cm de canto y 12'",Verificar si son la misma partida con typos / puntuación distinta. Fusionar si procede.,warning
similar_description,EPF010f,"Losa de 20 + 5 cm de canto, realizada con placas alveolares prefabricadas de hormigón pretensado, de 20 cm de canto y 120 cm de anchura, con momento flector último de 17 kN·m/m, con altura libre de pl","Levenshtein=4 contra código EPF010g: 'Losa de 25 + 5 cm de canto, realizada con placas alveolares prefabricadas de hormigón pretensado, de 25 cm de canto y 12'",Verificar si son la misma partida con typos / puntuación distinta. Fusionar si procede.,warning
similar_description,EPF010f,"Losa de 20 + 5 cm de canto, realizada con placas alveolares prefabricadas de hormigón pretensado, de 20 cm de canto y 120 cm de anchura, con momento flector último de 17 kN·m/m, con altura libre de pl","Levenshtein=2 contra código EPF010h: 'Losa de 30 + 5 cm de canto, realizada con placas alveolares prefabricadas de hormigón pretensado, de 30 cm de canto y 12'",Verificar si son la misma partida con typos / puntuación distinta. Fusionar si procede.,warning
similar_description,FAR020c,"Ejecución de muro de 20 cm de espesor de fábrica, de bloque de hormigón ligero con arcilla expandida, macizo, para revestir, 50x20x20 cm, recibida con mortero de cemento industrial, color gris, M-5, I","Levenshtein=2 contra código FAR020d: 'Ejecución de muro de 25 cm de espesor de fábrica, de bloque de hormigón ligero con arcilla expandida, macizo, para reves'",Verificar si son la misma partida con typos / puntuación distinta. Fusionar si procede.,warning
similar_description,FAR020c,"Ejecución de muro de 20 cm de espesor de fábrica, de bloque de hormigón ligero con arcilla expandida, macizo, para revestir, 50x20x20 cm, recibida con mortero de cemento industrial, color gris, M-5, I","Levenshtein=3 contra código FAR020e: 'Ejecución de muro de 30 cm de espesor de fábrica, de bloque de hormigón ligero con arcilla expandida, macizo, para reves'",Verificar si son la misma partida con typos / puntuación distinta. Fusionar si procede.,warning
similar_description,FAR020d,"Ejecución de muro de 25 cm de espesor de fábrica, de bloque de hormigón ligero con arcilla expandida, macizo, para revestir, 50x20x25 cm, recibida con mortero de cemento industrial, color gris, M-5. I","Levenshtein=5 contra código FAR020e: 'Ejecución de muro de 30 cm de espesor de fábrica, de bloque de hormigón ligero con arcilla expandida, macizo, para reves'",Verificar si son la misma partida con typos / puntuación distinta. Fusionar si procede.,warning
similar_description,FBY010b,"Suministro y montaje de tabique múltiple, de 108 mm de espesor total, con nivel de calidad del acabado estándar (Q2), sobre banda acústica, formado por una estructura simple de perfiles de chapa de ac","Levenshtein=5 contra código FBY010c: 'Suministro y montaje de tabique múltiple, de 130 mm de espesor total, con nivel de calidad del acabado estándar (Q2), so'",Verificar si son la misma partida con typos / puntuación distinta. Fusionar si procede.,warning
similar_description,FDB010b,"Suministro y montaje de balaustrada recta formada por balaustres prefabricados de hormigón blanco de sección circular de 70 cm de altura y 15 cm de diámetro, recibida con mortero de cemento y cal M-5 ",Levenshtein=2 contra código FDB010: 'Suministro y montaje de balaustrada recta formada por balaustres prefabricados de hormigón blanco de sección circular de',Verificar si son la misma partida con typos / puntuación distinta. Fusionar si procede.,warning
similar_description,FDZ030,"Suministro y montaje de persiana de lamas fijas prefabricada de hormigón de 40x40 cm, de color gris, recibida con mortero de cemento, industrial, M-5. Totalmente montada.","Levenshtein=2 contra código FDZ030b: 'Suministro y montaje de persiana de lamas fijas prefabricada de hormigón de 60x60 cm, de color gris, recibida con morter'",Verificar si son la misma partida con typos / puntuación distinta. Fusionar si procede.,warning
similar_description,FDZ030,"Suministro y montaje de persiana de lamas fijas prefabricada de hormigón de 40x40 cm, de color gris, recibida con mortero de cemento, industrial, M-5. Totalmente montada.","Levenshtein=2 contra código FDZ030c: 'Suministro y montaje de persiana de lamas fijas prefabricada de hormigón de 50x50 cm, de color gris, recibida con morter'",Verificar si son la misma partida con typos / puntuación distinta. Fusionar si procede.,warning
similar_description,FDZ030,"Suministro y montaje de persiana de lamas fijas prefabricada de hormigón de 40x40 cm, de color gris, recibida con mortero de cemento, industrial, M-5. Totalmente montada.","Levenshtein=1 contra código FDZ030d: 'Suministro y montaje de persiana de lamas fijas prefabricada de hormigón de 20x40 cm, de color gris, recibida con morter'",Verificar si son la misma partida con typos / puntuación distinta. Fusionar si procede.,warning
similar_description,FDZ030b,"Suministro y montaje de persiana de lamas fijas prefabricada de hormigón de 60x60 cm, de color gris, recibida con mortero de cemento, industrial, M-5. Totalmente montada.","Levenshtein=2 contra código FDZ030c: 'Suministro y montaje de persiana de lamas fijas prefabricada de hormigón de 50x50 cm, de color gris, recibida con morter'",Verificar si son la misma partida con typos / puntuación distinta. Fusionar si procede.,warning
similar_description,FDZ030b,"Suministro y montaje de persiana de lamas fijas prefabricada de hormigón de 60x60 cm, de color gris, recibida con mortero de cemento, industrial, M-5. Totalmente montada.","Levenshtein=2 contra código FDZ030d: 'Suministro y montaje de persiana de lamas fijas prefabricada de hormigón de 20x40 cm, de color gris, recibida con morter'",Verificar si son la misma partida con typos / puntuación distinta. Fusionar si procede.,warning
similar_description,FDZ030c,"Suministro y montaje de persiana de lamas fijas prefabricada de hormigón de 50x50 cm, de color gris, recibida con mortero de cemento, industrial, M-5. Totalmente montada.","Levenshtein=2 contra código FDZ030d: 'Suministro y montaje de persiana de lamas fijas prefabricada de hormigón de 20x40 cm, de color gris, recibida con morter'",Verificar si son la misma partida con typos / puntuación distinta. Fusionar si procede.,warning
similar_description,FEF010a,"Ejecución de muro de 14 cm de espesor de fábrica de ladrillo cerámico hueco de carga H-20, para revestir, 24x19x14 cm, resistencia a compresión 8 N/mm², recibida con mortero de cemento industrial, col","Levenshtein=2 contra código FEF033: 'Ejecución de muro de 20 cm de espesor de fábrica de ladrillo cerámico hueco de carga H-20, para revestir, 24x19x14 cm, r'",Verificar si son la misma partida con typos / puntuación distinta. Fusionar si procede.,warning
similar_description,FEF010b,"Ejecución de muro de 20 cm de espesor de fábrica de ladrillo cerámico hueco H-16, para revestir, 24x19x14 cm, recibida con mortero de cemento industrial, color gris, M-5. Incluso p/p de replanteo, niv","Levenshtein=2 contra código FEF010c: 'Ejecución de muro de 14 cm de espesor de fábrica de ladrillo cerámico hueco H-16, para revestir, 24x19x14 cm, recibida c'",Verificar si son la misma partida con typos / puntuación distinta. Fusionar si procede.,warning
similar_description,FEF020b,"Ejecución de muro de carga de 25 cm de espesor de fábrica de bloque de hormigón tipo alemán, de carga, color gris, 40x20x25 cm, categoría I, resistencia normalizada R10 (10 N/mm²), fabricado con grava","Levenshtein=3 contra código FEF020c: 'Ejecución de muro de carga de 20 cm de espesor de fábrica de bloque de hormigón tipo alemán, de carga, color gris, 50x20'",Verificar si son la misma partida con typos / puntuación distinta. Fusionar si procede.,warning
similar_description,FEF023,"Muro de contención de bloque de 25 cms de espesor de hormigón vibrado tipo H de encofrado perdido de 25x20x50, color gris, categoría I, resistencia normalizada R10 (10 N/mm²), fabricado con grava cali","Levenshtein=2 contra código FEF024: 'Muro de contención de bloque de 20 cms de espesor de hormigón vibrado tipo H de encofrado perdido de 20x20x50, color gri'",Verificar si son la misma partida con typos / puntuación distinta. Fusionar si procede.,warning
similar_description,FFP040,"Formación de fábrica de marés de 5 cm de espesor, con piezas de marés de Porreres, de 5x40x80 cm, recibida con mortero de cemento mallorquín y yeso de construcción B1. Incluso p/p de replanteo, nivela","Levenshtein=2 contra código FFP040b: 'Formación de fábrica de marés de 7 cm de espesor, con piezas de marés de Porreres, de 7x40x80 cm, recibida con mortero d'",Verificar si son la misma partida con typos / puntuación distinta. Fusionar si procede.,warning
similar_description,FFQ010,"Fábrica de ladrillo de 5 cm de espesor de fábrica, de ladrillo cerámico Super 5, para revestir,5x19x33 cm, recibida con mortero de cemento portland y arena, dosificación 1:6, con banda elástica, de ba","Levenshtein=5 contra código FFQ010d: 'Fábrica de ladrillo de 8 cm de espesor de fábrica, de ladrillo cerámico Super H-6, para revestir, 8x19x33 cm, recibida c'",Verificar si son la misma partida con typos / puntuación distinta. Fusionar si procede.,warning
similar_description,FFZ020n,"Fábrica de 20 cm de espesor de bloque de hormigón tipo italiano de grava de mares, 50x20x20 cm, categoría II, resistencia normalizada R10 (10 N/mm²),reforzada con armadura de tendel prefabricada de ac","Levenshtein=2 contra código FFZ020w: 'Fábrica de 10 cm de espesor de bloque de hormigón tipo italiano de grava de mares, 50x20x10 cm, categoría II, resistenci'",Verificar si son la misma partida con typos / puntuación distinta. Fusionar si procede.,warning
similar_description,FFZ020n,"Fábrica de 20 cm de espesor de bloque de hormigón tipo italiano de grava de mares, 50x20x20 cm, categoría II, resistencia normalizada R10 (10 N/mm²),reforzada con armadura de tendel prefabricada de ac","Levenshtein=4 contra código FFZ020x: 'Fábrica de 15 cm de espesor de bloque de hormigón tipo italiano de grava de mares, 50x20x15 cm, categoría II, resistenci'",Verificar si son la misma partida con typos / puntuación distinta. Fusionar si procede.,warning
similar_description,FFZ020o,"Fábrica de bloque de 25 cm de espesor, en cerramiento de fachada, de bloque de hormigón tipo italiano, color gris, 40x20x25 cm, categoría II, resistencia normalizada R10 (10 N/mm²), [n_grava], , recib","Levenshtein=3 contra código FFZ020p: 'Fábrica de bloque de 20 cm de espesor, en cerramiento de fachada, de bloque de hormigón tipo italiano, color gris, 50x20'",Verificar si son la misma partida con typos / puntuación distinta. Fusionar si procede.,warning
similar_description,FFZ020o,"Fábrica de bloque de 25 cm de espesor, en cerramiento de fachada, de bloque de hormigón tipo italiano, color gris, 40x20x25 cm, categoría II, resistencia normalizada R10 (10 N/mm²), [n_grava], , recib","Levenshtein=3 contra código FFZ020q: 'Fábrica de bloque de 15 cm de espesor, en cerramiento de fachada, de bloque de hormigón tipo italiano, color gris, 50x20'",Verificar si son la misma partida con typos / puntuación distinta. Fusionar si procede.,warning
similar_description,FFZ020o,"Fábrica de bloque de 25 cm de espesor, en cerramiento de fachada, de bloque de hormigón tipo italiano, color gris, 40x20x25 cm, categoría II, resistencia normalizada R10 (10 N/mm²), [n_grava], , recib","Levenshtein=5 contra código FFZ020r: 'Fábrica de bloque de 10 cm de espesor, en cerramiento de fachada, de bloque de hormigón tipo italiano, color gris, 50x20'",Verificar si son la misma partida con typos / puntuación distinta. Fusionar si procede.,warning
similar_description,FFZ020p,"Fábrica de bloque de 20 cm de espesor, en cerramiento de fachada, de bloque de hormigón tipo italiano, color gris, 50x20x20 cm, categoría II, resistencia normalizada R10 (10 N/mm²), [n_grava], , recib","Levenshtein=4 contra código FFZ020q: 'Fábrica de bloque de 15 cm de espesor, en cerramiento de fachada, de bloque de hormigón tipo italiano, color gris, 50x20'",Verificar si son la misma partida con typos / puntuación distinta. Fusionar si procede.,warning
similar_description,FFZ020p,"Fábrica de bloque de 20 cm de espesor, en cerramiento de fachada, de bloque de hormigón tipo italiano, color gris, 50x20x20 cm, categoría II, resistencia normalizada R10 (10 N/mm²), [n_grava], , recib","Levenshtein=2 contra código FFZ020r: 'Fábrica de bloque de 10 cm de espesor, en cerramiento de fachada, de bloque de hormigón tipo italiano, color gris, 50x20'",Verificar si son la misma partida con typos / puntuación distinta. Fusionar si procede.,warning
similar_description,FFZ020q,"Fábrica de bloque de 15 cm de espesor, en cerramiento de fachada, de bloque de hormigón tipo italiano, color gris, 50x20x15 cm, categoría II, resistencia normalizada R10 (10 N/mm²), [n_grava], , recib","Levenshtein=2 contra código FFZ020r: 'Fábrica de bloque de 10 cm de espesor, en cerramiento de fachada, de bloque de hormigón tipo italiano, color gris, 50x20'",Verificar si son la misma partida con typos / puntuación distinta. Fusionar si procede.,warning
similar_description,FFZ020w,"Fábrica de 10 cm de espesor de bloque de hormigón tipo italiano de grava de mares, 50x20x10 cm, categoría II, resistencia normalizada R10 (10 N/mm²), reforzada con armadura de tendel prefabricada de a","Levenshtein=2 contra código FFZ020x: 'Fábrica de 15 cm de espesor de bloque de hormigón tipo italiano de grava de mares, 50x20x15 cm, categoría II, resistenci'",Verificar si son la misma partida con typos / puntuación distinta. Fusionar si procede.,warning
similar_description,FUO010,"Suministro y montaje de cerramiento acristalado plano con perfiles en ""U"" de vidrio impreso translúcido, de 41+262+41 mm y 6 mm de espesor, colocados en peine para pared simple. Incluso p/p de perfile","Levenshtein=5 contra código FUO010c: 'Suministro y montaje de cerramiento acristalado plano con perfiles en ""U"" de vidrio impreso translúcido, de 41+262+41 mm'",Verificar si son la misma partida con typos / puntuación distinta. Fusionar si procede.,warning
similar_description,FUV010,"Cerramiento de fachada de fábrica de bloques huecos de vidrio moldeado ondulado, incoloro, 190x90x80 mm, recibidos con adhesivo cementoso color blanco, compuesto por cemento blanco de alta resistencia","Levenshtein=1 contra código FUV010b: 'Cerramiento de fachada de fábrica de bloques huecos de vidrio moldeado ondulado, incoloro, 190x190x80 mm, recibidos con '",Verificar si son la misma partida con typos / puntuación distinta. Fusionar si procede.,warning
similar_description,FUV010,"Cerramiento de fachada de fábrica de bloques huecos de vidrio moldeado ondulado, incoloro, 190x90x80 mm, recibidos con adhesivo cementoso color blanco, compuesto por cemento blanco de alta resistencia","Levenshtein=4 contra código FUV010c: 'Cerramiento de fachada de fábrica de bloques huecos de vidrio moldeado ondulado, incoloro, 240x240x80 mm, recibidos con '",Verificar si son la misma partida con typos / puntuación distinta. Fusionar si procede.,warning
similar_description,FUV010b,"Cerramiento de fachada de fábrica de bloques huecos de vidrio moldeado ondulado, incoloro, 190x190x80 mm, recibidos con adhesivo cementoso color blanco, compuesto por cemento blanco de alta resistenci","Levenshtein=4 contra código FUV010c: 'Cerramiento de fachada de fábrica de bloques huecos de vidrio moldeado ondulado, incoloro, 240x240x80 mm, recibidos con '",Verificar si son la misma partida con typos / puntuación distinta. Fusionar si procede.,warning
similar_description,GRB005,"Canon de vertido por entrega de residuos inertes producidos en obras de construcción y/o demolición, con una densidad de 1,0 t/m³, en vertedero específico, instalación de tratamiento de residuos de co","Levenshtein=2 contra código GRB005b: 'Canon de vertido por entrega de residuos inertes producidos en obras de construcción y/o demolición, con una densidad de'",Verificar si son la misma partida con typos / puntuación distinta. Fusionar si procede.,warning
similar_description,GRB005,"Canon de vertido por entrega de residuos inertes producidos en obras de construcción y/o demolición, con una densidad de 1,0 t/m³, en vertedero específico, instalación de tratamiento de residuos de co","Levenshtein=1 contra código GRB005c: 'Canon de vertido por entrega de residuos inertes producidos en obras de construcción y/o demolición, con una densidad de'",Verificar si son la misma partida con typos / puntuación distinta. Fusionar si procede.,warning
similar_description,GRB005,"Canon de vertido por entrega de residuos inertes producidos en obras de construcción y/o demolición, con una densidad de 1,0 t/m³, en vertedero específico, instalación de tratamiento de residuos de co","Levenshtein=1 contra código GRB005d: 'Canon de vertido por entrega de residuos inertes producidos en obras de construcción y/o demolición, con una densidad de'",Verificar si son la misma partida con typos / puntuación distinta. Fusionar si procede.,warning
similar_description,GRB005,"Canon de vertido por entrega de residuos inertes producidos en obras de construcción y/o demolición, con una densidad de 1,0 t/m³, en vertedero específico, instalación de tratamiento de residuos de co","Levenshtein=2 contra código GRB005e: 'Canon de vertido por entrega de residuos inertes producidos en obras de construcción y/o demolición, con una densidad de'",Verificar si son la misma partida con typos / puntuación distinta. Fusionar si procede.,warning
similar_description,GRB005b,"Canon de vertido por entrega de residuos inertes producidos en obras de construcción y/o demolición, con una densidad de 0,5 t/m³, en vertedero específico, instalación de tratamiento de residuos de co","Levenshtein=1 contra código GRB005c: 'Canon de vertido por entrega de residuos inertes producidos en obras de construcción y/o demolición, con una densidad de'",Verificar si son la misma partida con typos / puntuación distinta. Fusionar si procede.,warning
similar_description,GRB005b,"Canon de vertido por entrega de residuos inertes producidos en obras de construcción y/o demolición, con una densidad de 0,5 t/m³, en vertedero específico, instalación de tratamiento de residuos de co","Levenshtein=2 contra código GRB005d: 'Canon de vertido por entrega de residuos inertes producidos en obras de construcción y/o demolición, con una densidad de'",Verificar si son la misma partida con typos / puntuación distinta. Fusionar si procede.,warning
similar_description,GRB005b,"Canon de vertido por entrega de residuos inertes producidos en obras de construcción y/o demolición, con una densidad de 0,5 t/m³, en vertedero específico, instalación de tratamiento de residuos de co","Levenshtein=1 contra código GRB005e: 'Canon de vertido por entrega de residuos inertes producidos en obras de construcción y/o demolición, con una densidad de'",Verificar si son la misma partida con typos / puntuación distinta. Fusionar si procede.,warning
similar_description,GRB005c,"Canon de vertido por entrega de residuos inertes producidos en obras de construcción y/o demolición, con una densidad de 1,5 t/m³, en vertedero específico, instalación de tratamiento de residuos de co","Levenshtein=2 contra código GRB005d: 'Canon de vertido por entrega de residuos inertes producidos en obras de construcción y/o demolición, con una densidad de'",Verificar si son la misma partida con typos / puntuación distinta. Fusionar si procede.,warning
similar_description,GRB005c,"Canon de vertido por entrega de residuos inertes producidos en obras de construcción y/o demolición, con una densidad de 1,5 t/m³, en vertedero específico, instalación de tratamiento de residuos de co","Levenshtein=1 contra código GRB005e: 'Canon de vertido por entrega de residuos inertes producidos en obras de construcción y/o demolición, con una densidad de'",Verificar si son la misma partida con typos / puntuación distinta. Fusionar si procede.,warning
similar_description,GRB005d,"Canon de vertido por entrega de residuos inertes producidos en obras de construcción y/o demolición, con una densidad de 2,0 t/m³, en vertedero específico, instalación de tratamiento de residuos de co","Levenshtein=1 contra código GRB005e: 'Canon de vertido por entrega de residuos inertes producidos en obras de construcción y/o demolición, con una densidad de'",Verificar si son la misma partida con typos / puntuación distinta. Fusionar si procede.,warning
similar_description,HEC010,"Colocación y fijación de premarco de aluminio o de acero galvanizado, mediante recibido al paramento de las patillas de anclaje con mortero de cemento, industrial, con aditivo hidrófugo, M-10, para fi","Levenshtein=5 contra código HEC010c: 'Colocación y fijación de premarco de aluminio o de acero galvanizado, mediante recibido al paramento de las patillas de '",Verificar si son la misma partida con typos / puntuación distinta. Fusionar si procede.,warning
similar_description,ICD010,"Suministro e instalación de depósito homologado de gasóleo enterrado de chapa de acero, de simple pared contenido en cubeto, con una capacidad de 1000 litros. Incluso medidor de nivel, interruptor de ","Levenshtein=1 contra código ICD010b: 'Suministro e instalación de depósito homologado de gasóleo enterrado de chapa de acero, de simple pared contenido en cub'",Verificar si son la misma partida con typos / puntuación distinta. Fusionar si procede.,warning
similar_description,ICE040,"Suministro e instalación de radiador de aluminio inyectado, emisión calorífica 477 kcal/h, según UNE-EN 442-1, para una diferencia media de temperatura de 50°C entre el radiador y el ambiente, compues","Levenshtein=4 contra código ICE040b: 'Suministro e instalación de radiador de aluminio inyectado, emisión calorífica 636 kcal/h, según UNE-EN 442-1, para una '",Verificar si son la misma partida con typos / puntuación distinta. Fusionar si procede.,warning
similar_description,ICE040,"Suministro e instalación de radiador de aluminio inyectado, emisión calorífica 477 kcal/h, según UNE-EN 442-1, para una diferencia media de temperatura de 50°C entre el radiador y el ambiente, compues","Levenshtein=5 contra código ICE040c: 'Suministro e instalación de radiador de aluminio inyectado, emisión calorífica 795 kcal/h, según UNE-EN 442-1, para una '",Verificar si son la misma partida con typos / puntuación distinta. Fusionar si procede.,warning
similar_description,ICE040b,"Suministro e instalación de radiador de aluminio inyectado, emisión calorífica 636 kcal/h, según UNE-EN 442-1, para una diferencia media de temperatura de 50°C entre el radiador y el ambiente, compues","Levenshtein=5 contra código ICE040c: 'Suministro e instalación de radiador de aluminio inyectado, emisión calorífica 795 kcal/h, según UNE-EN 442-1, para una '",Verificar si son la misma partida con typos / puntuación distinta. Fusionar si procede.,warning
similar_description,ICE040ba,"Suministro e instalación de radiador de acero, emisión calorífica 560 kcal/h, según UNE-EN 442-1, para una diferencia media de temperatura de 50°C entre el radiador y el ambiente, compuesto de 10 elem","Levenshtein=5 contra código ICE040x: 'Suministro e instalación de radiador de acero, emisión calorífica 454 kcal/h, según UNE-EN 442-1, para una diferencia me'",Verificar si son la misma partida con typos / puntuación distinta. Fusionar si procede.,warning
similar_description,ICE040c,"Suministro e instalación de radiador de aluminio inyectado, emisión calorífica 795 kcal/h, según UNE-EN 442-1, para una diferencia media de temperatura de 50°C entre el radiador y el ambiente, compues","Levenshtein=5 contra código ICE040i: 'Suministro e instalación de radiador de aluminio inyectado, emisión calorífica 1191 kcal/h, según UNE-EN 442-1, para una'",Verificar si son la misma partida con typos / puntuación distinta. Fusionar si procede.,warning
similar_description,ICE040d,"Suministro e instalación de radiador de aluminio inyectado, emisión calorífica 623,4 kcal/h, según UNE-EN 442-1, para una diferencia media de temperatura de 50°C entre el radiador y el ambiente, compu","Levenshtein=5 contra código ICE040e: 'Suministro e instalación de radiador de aluminio inyectado, emisión calorífica 831,2 kcal/h, según UNE-EN 442-1, para un'",Verificar si son la misma partida con typos / puntuación distinta. Fusionar si procede.,warning
similar_description,ICE040d,"Suministro e instalación de radiador de aluminio inyectado, emisión calorífica 623,4 kcal/h, según UNE-EN 442-1, para una diferencia media de temperatura de 50°C entre el radiador y el ambiente, compu","Levenshtein=5 contra código ICE040g: 'Suministro e instalación de radiador de aluminio inyectado, emisión calorífica 714,6 kcal/h, según UNE-EN 442-1, para un'",Verificar si son la misma partida con typos / puntuación distinta. Fusionar si procede.,warning
similar_description,ICE040d,"Suministro e instalación de radiador de aluminio inyectado, emisión calorífica 623,4 kcal/h, según UNE-EN 442-1, para una diferencia media de temperatura de 50°C entre el radiador y el ambiente, compu","Levenshtein=5 contra código ICE040j: 'Suministro e instalación de radiador de aluminio inyectado, emisión calorífica 802,2 kcal/h, según UNE-EN 442-1, para un'",Verificar si son la misma partida con typos / puntuación distinta. Fusionar si procede.,warning
similar_description,ICE040e,"Suministro e instalación de radiador de aluminio inyectado, emisión calorífica 831,2 kcal/h, según UNE-EN 442-1, para una diferencia media de temperatura de 50°C entre el radiador y el ambiente, compu","Levenshtein=5 contra código ICE040h: 'Suministro e instalación de radiador de aluminio inyectado, emisión calorífica 952,8 kcal/h, según UNE-EN 442-1, para un'",Verificar si son la misma partida con typos / puntuación distinta. Fusionar si procede.,warning
similar_description,ICE040e,"Suministro e instalación de radiador de aluminio inyectado, emisión calorífica 831,2 kcal/h, según UNE-EN 442-1, para una diferencia media de temperatura de 50°C entre el radiador y el ambiente, compu","Levenshtein=4 contra código ICE040j: 'Suministro e instalación de radiador de aluminio inyectado, emisión calorífica 802,2 kcal/h, según UNE-EN 442-1, para un'",Verificar si son la misma partida con typos / puntuación distinta. Fusionar si procede.,warning
similar_description,ICE040f,"Suministro e instalación de radiador de aluminio inyectado, emisión calorífica 1039 kcal/h, según UNE-EN 442-1, para una diferencia media de temperatura de 50°C entre el radiador y el ambiente, compue","Levenshtein=4 contra código ICE040i: 'Suministro e instalación de radiador de aluminio inyectado, emisión calorífica 1191 kcal/h, según UNE-EN 442-1, para una'",Verificar si son la misma partida con typos / puntuación distinta. Fusionar si procede.,warning
similar_description,ICE040f,"Suministro e instalación de radiador de aluminio inyectado, emisión calorífica 1039 kcal/h, según UNE-EN 442-1, para una diferencia media de temperatura de 50°C entre el radiador y el ambiente, compue","Levenshtein=3 contra código ICE040l: 'Suministro e instalación de radiador de aluminio inyectado, emisión calorífica 1337 kcal/h, según UNE-EN 442-1, para una'",Verificar si son la misma partida con typos / puntuación distinta. Fusionar si procede.,warning
similar_description,ICE040g,"Suministro e instalación de radiador de aluminio inyectado, emisión calorífica 714,6 kcal/h, según UNE-EN 442-1, para una diferencia media de temperatura de 50°C entre el radiador y el ambiente, compu","Levenshtein=5 contra código ICE040h: 'Suministro e instalación de radiador de aluminio inyectado, emisión calorífica 952,8 kcal/h, según UNE-EN 442-1, para un'",Verificar si son la misma partida con typos / puntuación distinta. Fusionar si procede.,warning
similar_description,ICE040g,"Suministro e instalación de radiador de aluminio inyectado, emisión calorífica 714,6 kcal/h, según UNE-EN 442-1, para una diferencia media de temperatura de 50°C entre el radiador y el ambiente, compu","Levenshtein=5 contra código ICE040j: 'Suministro e instalación de radiador de aluminio inyectado, emisión calorífica 802,2 kcal/h, según UNE-EN 442-1, para un'",Verificar si son la misma partida con typos / puntuación distinta. Fusionar si procede.,warning
similar_description,ICE040h,"Suministro e instalación de radiador de aluminio inyectado, emisión calorífica 952,8 kcal/h, según UNE-EN 442-1, para una diferencia media de temperatura de 50°C entre el radiador y el ambiente, compu","Levenshtein=5 contra código ICE040j: 'Suministro e instalación de radiador de aluminio inyectado, emisión calorífica 802,2 kcal/h, según UNE-EN 442-1, para un'",Verificar si son la misma partida con typos / puntuación distinta. Fusionar si procede.,warning
similar_description,ICE040i,"Suministro e instalación de radiador de aluminio inyectado, emisión calorífica 1191 kcal/h, según UNE-EN 442-1, para una diferencia media de temperatura de 50°C entre el radiador y el ambiente, compue","Levenshtein=4 contra código ICE040l: 'Suministro e instalación de radiador de aluminio inyectado, emisión calorífica 1337 kcal/h, según UNE-EN 442-1, para una'",Verificar si son la misma partida con typos / puntuación distinta. Fusionar si procede.,warning
similar_description,ICE040j,"Suministro e instalación de radiador de aluminio inyectado, emisión calorífica 802,2 kcal/h, según UNE-EN 442-1, para una diferencia media de temperatura de 50°C entre el radiador y el ambiente, compu","Levenshtein=5 contra código ICE040k: 'Suministro e instalación de radiador de aluminio inyectado, emisión calorífica 1069,6 kcal/h, según UNE-EN 442-1, para u'",Verificar si son la misma partida con typos / puntuación distinta. Fusionar si procede.,warning
similar_description,ICE040m,"Suministro e instalación de radiador de hierro fundido, emisión calorífica 304,2 kcal/h, según UNE-EN 442-1, para una diferencia media de temperatura de 50°C entre el radiador y el ambiente, compuesto","Levenshtein=4 contra código ICE040n: 'Suministro e instalación de radiador de hierro fundido, emisión calorífica 405,6 kcal/h, según UNE-EN 442-1, para una di'",Verificar si son la misma partida con typos / puntuación distinta. Fusionar si procede.,warning
similar_description,ICE040m,"Suministro e instalación de radiador de hierro fundido, emisión calorífica 304,2 kcal/h, según UNE-EN 442-1, para una diferencia media de temperatura de 50°C entre el radiador y el ambiente, compuesto","Levenshtein=5 contra código ICE040p: 'Suministro e instalación de radiador de hierro fundido, emisión calorífica 380,4 kcal/h, según UNE-EN 442-1, para una di'",Verificar si son la misma partida con typos / puntuación distinta. Fusionar si procede.,warning
similar_description,ICE040m,"Suministro e instalación de radiador de hierro fundido, emisión calorífica 304,2 kcal/h, según UNE-EN 442-1, para una diferencia media de temperatura de 50°C entre el radiador y el ambiente, compuesto","Levenshtein=5 contra código ICE040q: 'Suministro e instalación de radiador de hierro fundido, emisión calorífica 507,2 kcal/h, según UNE-EN 442-1, para una di'",Verificar si son la misma partida con typos / puntuación distinta. Fusionar si procede.,warning
similar_description,ICE040n,"Suministro e instalación de radiador de hierro fundido, emisión calorífica 405,6 kcal/h, según UNE-EN 442-1, para una diferencia media de temperatura de 50°C entre el radiador y el ambiente, compuesto","Levenshtein=5 contra código ICE040q: 'Suministro e instalación de radiador de hierro fundido, emisión calorífica 507,2 kcal/h, según UNE-EN 442-1, para una di'",Verificar si son la misma partida con typos / puntuación distinta. Fusionar si procede.,warning
similar_description,ICE040o,"Suministro e instalación de radiador de hierro fundido, emisión calorífica 507 kcal/h, según UNE-EN 442-1, para una diferencia media de temperatura de 50°C entre el radiador y el ambiente, compuesto d","Levenshtein=5 contra código ICE040r: 'Suministro e instalación de radiador de hierro fundido, emisión calorífica 634 kcal/h, según UNE-EN 442-1, para una dife'",Verificar si son la misma partida con typos / puntuación distinta. Fusionar si procede.,warning
similar_description,ICE040p,"Suministro e instalación de radiador de hierro fundido, emisión calorífica 380,4 kcal/h, según UNE-EN 442-1, para una diferencia media de temperatura de 50°C entre el radiador y el ambiente, compuesto","Levenshtein=5 contra código ICE040q: 'Suministro e instalación de radiador de hierro fundido, emisión calorífica 507,2 kcal/h, según UNE-EN 442-1, para una di'",Verificar si son la misma partida con typos / puntuación distinta. Fusionar si procede.,warning
similar_description,ICE040v,"Suministro e instalación de radiador de acero, emisión calorífica 272,4 kcal/h, según UNE-EN 442-1, para una diferencia media de temperatura de 50°C entre el radiador y el ambiente, compuesto de 6 ele","Levenshtein=5 contra código ICE040w: 'Suministro e instalación de radiador de acero, emisión calorífica 363,2 kcal/h, según UNE-EN 442-1, para una diferencia '",Verificar si son la misma partida con typos / puntuación distinta. Fusionar si procede.,warning
similar_description,ICE040y,"Suministro e instalación de radiador de acero, emisión calorífica 336 kcal/h, según UNE-EN 442-1, para una diferencia media de temperatura de 50°C entre el radiador y el ambiente, compuesto de 6 eleme","Levenshtein=4 contra código ICE040z: 'Suministro e instalación de radiador de acero, emisión calorífica 448 kcal/h, según UNE-EN 442-1, para una diferencia me'",Verificar si son la misma partida con typos / puntuación distinta. Fusionar si procede.,warning
similar_description,ICE040y,"Suministro e instalación de radiador de acero, emisión calorífica 336 kcal/h, según UNE-EN 442-1, para una diferencia media de temperatura de 50°C entre el radiador y el ambiente, compuesto de 6 eleme","Levenshtein=5 contra código ICE040ba: 'Suministro e instalación de radiador de acero, emisión calorífica 560 kcal/h, según UNE-EN 442-1, para una diferencia me'",Verificar si son la misma partida con typos / puntuación distinta. Fusionar si procede.,warning
similar_description,ICE040z,"Suministro e instalación de radiador de acero, emisión calorífica 448 kcal/h, según UNE-EN 442-1, para una diferencia media de temperatura de 50°C entre el radiador y el ambiente, compuesto de 8 eleme","Levenshtein=5 contra código ICE040ba: 'Suministro e instalación de radiador de acero, emisión calorífica 560 kcal/h, según UNE-EN 442-1, para una diferencia me'",Verificar si son la misma partida con typos / puntuación distinta. Fusionar si procede.,warning
similar_description,ICE045,"Suministro e instalación de panel doble con convector doble, de chapa de acero, en instalaciones de agua caliente hasta 6 bar y 110°C, de 400x900x100 mm, emisión calorífica 909 kcal/h para una diferen","Levenshtein=5 contra código ICE045c: 'Suministro e instalación de panel doble con convector doble, de chapa de acero, en instalaciones de agua caliente hasta '",Verificar si son la misma partida con typos / puntuación distinta. Fusionar si procede.,warning
similar_description,ICE045,"Suministro e instalación de panel doble con convector doble, de chapa de acero, en instalaciones de agua caliente hasta 6 bar y 110°C, de 400x900x100 mm, emisión calorífica 909 kcal/h para una diferen","Levenshtein=5 contra código ICE045e: 'Suministro e instalación de panel doble con convector doble, de chapa de acero, en instalaciones de agua caliente hasta '",Verificar si son la misma partida con typos / puntuación distinta. Fusionar si procede.,warning
similar_description,ICE045b,"Suministro e instalación de panel doble con convector doble, de chapa de acero, en instalaciones de agua caliente hasta 6 bar y 110°C, de 400x1200x100 mm, emisión calorífica 1213 kcal/h para una difer","Levenshtein=4 contra código ICE045d: 'Suministro e instalación de panel doble con convector doble, de chapa de acero, en instalaciones de agua caliente hasta '",Verificar si son la misma partida con typos / puntuación distinta. Fusionar si procede.,warning
similar_description,ICE045b,"Suministro e instalación de panel doble con convector doble, de chapa de acero, en instalaciones de agua caliente hasta 6 bar y 110°C, de 400x1200x100 mm, emisión calorífica 1213 kcal/h para una difer","Levenshtein=4 contra código ICE045f: 'Suministro e instalación de panel doble con convector doble, de chapa de acero, en instalaciones de agua caliente hasta '",Verificar si son la misma partida con typos / puntuación distinta. Fusionar si procede.,warning
similar_description,ICE045c,"Suministro e instalación de panel doble con convector doble, de chapa de acero, en instalaciones de agua caliente hasta 6 bar y 110°C, de 500x900x100 mm, emisión calorífica 1182 kcal/h para una difere","Levenshtein=4 contra código ICE045e: 'Suministro e instalación de panel doble con convector doble, de chapa de acero, en instalaciones de agua caliente hasta '",Verificar si son la misma partida con typos / puntuación distinta. Fusionar si procede.,warning
similar_description,ICE045c,"Suministro e instalación de panel doble con convector doble, de chapa de acero, en instalaciones de agua caliente hasta 6 bar y 110°C, de 500x900x100 mm, emisión calorífica 1182 kcal/h para una difere","Levenshtein=5 contra código ICE045d: 'Suministro e instalación de panel doble con convector doble, de chapa de acero, en instalaciones de agua caliente hasta '",Verificar si son la misma partida con typos / puntuación distinta. Fusionar si procede.,warning
similar_description,ICE045d,"Suministro e instalación de panel doble con convector doble, de chapa de acero, en instalaciones de agua caliente hasta 6 bar y 110°C, de 500x1200x100 mm, emisión calorífica 1575 kcal/h para una difer","Levenshtein=4 contra código ICE045f: 'Suministro e instalación de panel doble con convector doble, de chapa de acero, en instalaciones de agua caliente hasta '",Verificar si son la misma partida con typos / puntuación distinta. Fusionar si procede.,warning
similar_description,ICE045e,"Suministro e instalación de panel doble con convector doble, de chapa de acero, en instalaciones de agua caliente hasta 6 bar y 110°C, de 600x900x100 mm, emisión calorífica 1377 kcal/h para una difere","Levenshtein=5 contra código ICE045d: 'Suministro e instalación de panel doble con convector doble, de chapa de acero, en instalaciones de agua caliente hasta '",Verificar si son la misma partida con typos / puntuación distinta. Fusionar si procede.,warning
similar_description,ICE045e,"Suministro e instalación de panel doble con convector doble, de chapa de acero, en instalaciones de agua caliente hasta 6 bar y 110°C, de 600x900x100 mm, emisión calorífica 1377 kcal/h para una difere","Levenshtein=5 contra código ICE045f: 'Suministro e instalación de panel doble con convector doble, de chapa de acero, en instalaciones de agua caliente hasta '",Verificar si son la misma partida con typos / puntuación distinta. Fusionar si procede.,warning
similar_description,ICM010b,"Suministro e instalación de emisor térmico seco, potencia 1000 W, panel de control con selector de temperatura y programador y display digitales, de aluminio extruido, doble resistencia, de 8 elemento","Levenshtein=5 contra código ICM010c: 'Suministro e instalación de emisor térmico seco, potencia 1500 W, panel de control con selector de temperatura y program'",Verificar si son la misma partida con typos / puntuación distinta. Fusionar si procede.,warning
similar_description,ICR030,"Suministro y montaje de rejilla de impulsión, de aluminio extruido, anodizado color natural E6-C-0, con lamas horizontales regulables individualmente, de 625x125 mm, con parte posterior de chapa de ac","Levenshtein=2 contra código ICR030b: 'Suministro y montaje de rejilla de impulsión, de aluminio extruido, anodizado color natural E6-C-0, con lamas horizontal'",Verificar si son la misma partida con typos / puntuación distinta. Fusionar si procede.,warning
similar_description,ICR030c,"Suministro y montaje de rejilla de impulsión de aluminio extruido, con doble deflexión con lamas móviles horizontales delanteras y verticales traseras, compuerta de regulación de caudal accionable man","Levenshtein=1 contra código ICR030d: 'Suministro y montaje de rejilla de impulsión de aluminio extruido, con doble deflexión con lamas móviles horizontales de'",Verificar si son la misma partida con typos / puntuación distinta. Fusionar si procede.,warning
similar_description,ICR050,"Suministro y montaje de rejilla de retorno, de aluminio extruido, anodizado color natural E6-C-0, con lamas horizontales regulables individualmente, de 625x125 mm, fijación oculta (con marco de montaj","Levenshtein=2 contra código ICR050c: 'Suministro y montaje de rejilla de retorno, de aluminio extruido, anodizado color natural E6-C-0, con lamas horizontales'",Verificar si son la misma partida con typos / puntuación distinta. Fusionar si procede.,warning
similar_description,ICR050b,"Suministro y montaje de rejilla de retorno, de aluminio extruido, anodizado color natural E6-C-0, con lamas horizontales regulables individualmente, de 625x125 mm, parte posterior de chapa de acero pi","Levenshtein=2 contra código ICR050d: 'Suministro y montaje de rejilla de retorno, de aluminio extruido, anodizado color natural E6-C-0, con lamas horizontales'",Verificar si son la misma partida con typos / puntuación distinta. Fusionar si procede.,warning
similar_description,ICS010,"Suministro e instalación de tubería de distribución de agua caliente de calefacción formada por tubo de cobre rígido con pared de 1 mm de espesor y 16/18 mm de diámetro, colocado superficialmente en e",Levenshtein=4 contra código ICS010b: 'Suministro e instalación de tubería de distribución de agua caliente de calefacción formada por tubo de cobre rígido con',Verificar si son la misma partida con typos / puntuación distinta. Fusionar si procede.,warning
similar_description,ICS010,"Suministro e instalación de tubería de distribución de agua caliente de calefacción formada por tubo de cobre rígido con pared de 1 mm de espesor y 16/18 mm de diámetro, colocado superficialmente en e",Levenshtein=2 contra código ICS010c: 'Suministro e instalación de tubería de distribución de agua caliente de calefacción formada por tubo de cobre rígido con',Verificar si son la misma partida con typos / puntuación distinta. Fusionar si procede.,warning
similar_description,ICS010,"Suministro e instalación de tubería de distribución de agua caliente de calefacción formada por tubo de cobre rígido con pared de 1 mm de espesor y 16/18 mm de diámetro, colocado superficialmente en e",Levenshtein=2 contra código ICS010d: 'Suministro e instalación de tubería de distribución de agua caliente de calefacción formada por tubo de cobre rígido con',Verificar si son la misma partida con typos / puntuación distinta. Fusionar si procede.,warning
similar_description,ICS010b,"Suministro e instalación de tubería de distribución de agua caliente de calefacción formada por tubo de cobre rígido con pared de 1 mm de espesor y 20/22 mm de diámetro, colocado superficialmente en e",Levenshtein=2 contra código ICS010c: 'Suministro e instalación de tubería de distribución de agua caliente de calefacción formada por tubo de cobre rígido con',Verificar si son la misma partida con typos / puntuación distinta. Fusionar si procede.,warning
similar_description,ICS010b,"Suministro e instalación de tubería de distribución de agua caliente de calefacción formada por tubo de cobre rígido con pared de 1 mm de espesor y 20/22 mm de diámetro, colocado superficialmente en e",Levenshtein=4 contra código ICS010d: 'Suministro e instalación de tubería de distribución de agua caliente de calefacción formada por tubo de cobre rígido con',Verificar si son la misma partida con typos / puntuación distinta. Fusionar si procede.,warning
similar_description,ICS010c,"Suministro e instalación de tubería de distribución de agua caliente de calefacción formada por tubo de cobre rígido con pared de 1 mm de espesor y 26/28 mm de diámetro, colocado superficialmente en e",Levenshtein=4 contra código ICS010d: 'Suministro e instalación de tubería de distribución de agua caliente de calefacción formada por tubo de cobre rígido con',Verificar si son la misma partida con typos / puntuación distinta. Fusionar si procede.,warning
similar_description,ICS010e,"Suministro e instalación de tubería de distribución de agua caliente de calefacción formada por tubo de polietileno reticulado (PE-Xa), con barrera de oxígeno (EVOH), de 16 mm de diámetro exterior y 2",Levenshtein=2 contra código ICS010f: 'Suministro e instalación de tubería de distribución de agua caliente de calefacción formada por tubo de polietileno reti',Verificar si son la misma partida con typos / puntuación distinta. Fusionar si procede.,warning
similar_description,ICS040,"Suministro e instalación de vaso de expansión cerrado con una capacidad de 25 l, 425 mm de altura, 320 mm de diámetro, con rosca de 3/4"" de diámetro y 10 bar de presión. Incluso manómetro y elementos ","Levenshtein=3 contra código ICS040b: 'Suministro e instalación de vaso de expansión cerrado con una capacidad de 35 l, 465 mm de altura, 360 mm de diámetro, c'",Verificar si son la misma partida con typos / puntuación distinta. Fusionar si procede.,warning
similar_description,IFD050,"Suministro e instalación de depósito de superficie de poliéster reforzado con fibra de vidrio, cilíndrico, de 500 litros, con tapa, aireador y rebosadero, para agua potable; válvula de corte de compue","Levenshtein=2 contra código IFD050b: 'Suministro e instalación de depósito de superficie de poliéster reforzado con fibra de vidrio, cilíndrico, de 1000 litro'",Verificar si son la misma partida con typos / puntuación distinta. Fusionar si procede.,warning
similar_description,IFI005b,"Suministro y montaje de tubería para instalación interior, colocada superficialmente y fijada al paramento, formada por tubo de policloruro de vinilo no plastificado (PVC-U), de 63 mm de diámetro exte","Levenshtein=5 contra código IFI005: 'Suministro y montaje de tubería para instalación interior, colocada superficialmente y fijada al paramento, formada por '",Verificar si son la misma partida con typos / puntuación distinta. Fusionar si procede.,warning
similar_description,IFI008,"Suministro e instalación de válvula de esfera de latón niquelado para roscar de 3/8"". Totalmente montada, conexionada y probada.","Levenshtein=2 contra código IFI008b: 'Suministro e instalación de válvula de esfera de latón niquelado para roscar de 1/2"". Totalmente montada, conexionada y '",Verificar si son la misma partida con typos / puntuación distinta. Fusionar si procede.,warning
similar_description,IFI008,"Suministro e instalación de válvula de esfera de latón niquelado para roscar de 3/8"". Totalmente montada, conexionada y probada.","Levenshtein=1 contra código IFI008c: 'Suministro e instalación de válvula de esfera de latón niquelado para roscar de 3/4"". Totalmente montada, conexionada y '",Verificar si son la misma partida con typos / puntuación distinta. Fusionar si procede.,warning
similar_description,IFI008,"Suministro e instalación de válvula de esfera de latón niquelado para roscar de 3/8"". Totalmente montada, conexionada y probada.","Levenshtein=4 contra código IFI008e: 'Suministro e instalación de válvula de esfera de latón niquelado para roscar de 1 1/4"". Totalmente montada, conexionada '",Verificar si son la misma partida con typos / puntuación distinta. Fusionar si procede.,warning
similar_description,IFI008b,"Suministro e instalación de válvula de esfera de latón niquelado para roscar de 1/2"". Totalmente montada, conexionada y probada.","Levenshtein=2 contra código IFI008c: 'Suministro e instalación de válvula de esfera de latón niquelado para roscar de 3/4"". Totalmente montada, conexionada y '",Verificar si son la misma partida con typos / puntuación distinta. Fusionar si procede.,warning
similar_description,IFI008b,"Suministro e instalación de válvula de esfera de latón niquelado para roscar de 1/2"". Totalmente montada, conexionada y probada.","Levenshtein=3 contra código IFI008e: 'Suministro e instalación de válvula de esfera de latón niquelado para roscar de 1 1/4"". Totalmente montada, conexionada '",Verificar si son la misma partida con typos / puntuación distinta. Fusionar si procede.,warning
similar_description,IFI008c,"Suministro e instalación de válvula de esfera de latón niquelado para roscar de 3/4"". Totalmente montada, conexionada y probada.","Levenshtein=3 contra código IFI008e: 'Suministro e instalación de válvula de esfera de latón niquelado para roscar de 1 1/4"". Totalmente montada, conexionada '",Verificar si son la misma partida con typos / puntuación distinta. Fusionar si procede.,warning
similar_description,IFI008d,"Suministro e instalación de válvula de esfera de latón niquelado para roscar de 1"". Totalmente montada, conexionada y probada.","Levenshtein=3 contra código IFI008: 'Suministro e instalación de válvula de esfera de latón niquelado para roscar de 3/8"". Totalmente montada, conexionada y '",Verificar si son la misma partida con typos / puntuación distinta. Fusionar si procede.,warning
similar_description,IFI008d,"Suministro e instalación de válvula de esfera de latón niquelado para roscar de 1"". Totalmente montada, conexionada y probada.","Levenshtein=2 contra código IFI008b: 'Suministro e instalación de válvula de esfera de latón niquelado para roscar de 1/2"". Totalmente montada, conexionada y '",Verificar si son la misma partida con typos / puntuación distinta. Fusionar si procede.,warning
similar_description,IFI008d,"Suministro e instalación de válvula de esfera de latón niquelado para roscar de 1"". Totalmente montada, conexionada y probada.","Levenshtein=3 contra código IFI008c: 'Suministro e instalación de válvula de esfera de latón niquelado para roscar de 3/4"". Totalmente montada, conexionada y '",Verificar si son la misma partida con typos / puntuación distinta. Fusionar si procede.,warning
similar_description,IFI008d,"Suministro e instalación de válvula de esfera de latón niquelado para roscar de 1"". Totalmente montada, conexionada y probada.","Levenshtein=4 contra código IFI008e: 'Suministro e instalación de válvula de esfera de latón niquelado para roscar de 1 1/4"". Totalmente montada, conexionada '",Verificar si son la misma partida con typos / puntuación distinta. Fusionar si procede.,warning
similar_description,IFI008f,"Suministro e instalación de válvula de compuerta de latón fundido, de diámetro 1"". Totalmente montada, conexionada y probada.","Levenshtein=3 contra código IFI008g: 'Suministro e instalación de válvula de compuerta de latón fundido, de diámetro 3/4"". Totalmente montada, conexionada y p'",Verificar si son la misma partida con typos / puntuación distinta. Fusionar si procede.,warning
similar_description,ISB010,"Suministro y montaje de bajante interior de la red de evacuación de aguas residuales, formada por tubo de PVC, serie B, de 50 mm de diámetro y 3 mm de espesor; unión pegada con adhesivo. Incluso líqui","Levenshtein=2 contra código ISB010c: 'Suministro y montaje de bajante interior de la red de evacuación de aguas residuales, formada por tubo de PVC, serie B, '",Verificar si son la misma partida con typos / puntuación distinta. Fusionar si procede.,warning
similar_description,ISB010,"Suministro y montaje de bajante interior de la red de evacuación de aguas residuales, formada por tubo de PVC, serie B, de 50 mm de diámetro y 3 mm de espesor; unión pegada con adhesivo. Incluso líqui","Levenshtein=3 contra código ISB010e: 'Suministro y montaje de bajante interior de la red de evacuación de aguas residuales, formada por tubo de PVC, serie B, '",Verificar si son la misma partida con typos / puntuación distinta. Fusionar si procede.,warning
similar_description,ISB010,"Suministro y montaje de bajante interior de la red de evacuación de aguas residuales, formada por tubo de PVC, serie B, de 50 mm de diámetro y 3 mm de espesor; unión pegada con adhesivo. Incluso líqui","Levenshtein=4 contra código ISB010g: 'Suministro y montaje de bajante interior de la red de evacuación de aguas residuales, formada por tubo de PVC, serie B, '",Verificar si son la misma partida con typos / puntuación distinta. Fusionar si procede.,warning
similar_description,ISB010,"Suministro y montaje de bajante interior de la red de evacuación de aguas residuales, formada por tubo de PVC, serie B, de 50 mm de diámetro y 3 mm de espesor; unión pegada con adhesivo. Incluso líqui","Levenshtein=5 contra código ISB010i: 'Suministro y montaje de bajante interior de la red de evacuación de aguas residuales, formada por tubo de PVC, serie B, '",Verificar si son la misma partida con typos / puntuación distinta. Fusionar si procede.,warning
similar_description,ISB010,"Suministro y montaje de bajante interior de la red de evacuación de aguas residuales, formada por tubo de PVC, serie B, de 50 mm de diámetro y 3 mm de espesor; unión pegada con adhesivo. Incluso líqui","Levenshtein=4 contra código ISB010w: 'Suministro y montaje de bajante interior de la red de evacuación de aguas residuales, formada por tubo de PVC, serie B, '",Verificar si son la misma partida con typos / puntuación distinta. Fusionar si procede.,warning
similar_description,ISB010b,"Suministro y montaje de bajante interior insonorizada de la red de evacuación de aguas residuales, formada por tubo de PVC-U, ABS, ASA y PVC-U con carga mineral, de 78 mm de diámetro y 4,9 mm de espes","Levenshtein=4 contra código ISB010d: 'Suministro y montaje de bajante interior insonorizada de la red de evacuación de aguas residuales, formada por tubo de P'",Verificar si son la misma partida con typos / puntuación distinta. Fusionar si procede.,warning
similar_description,ISB010b,"Suministro y montaje de bajante interior insonorizada de la red de evacuación de aguas residuales, formada por tubo de PVC-U, ABS, ASA y PVC-U con carga mineral, de 78 mm de diámetro y 4,9 mm de espes","Levenshtein=5 contra código ISB010h1: 'Suministro y montaje de bajante interior insonorizada de la red de evacuación de aguas residuales, formada por tubo de P'",Verificar si son la misma partida con typos / puntuación distinta. Fusionar si procede.,warning
similar_description,ISB010b,"Suministro y montaje de bajante interior insonorizada de la red de evacuación de aguas residuales, formada por tubo de PVC-U, ABS, ASA y PVC-U con carga mineral, de 78 mm de diámetro y 4,9 mm de espes","Levenshtein=5 contra código ISB010i1: 'Suministro y montaje de bajante interior insonorizada de la red de evacuación de aguas residuales, formada por tubo de P'",Verificar si son la misma partida con typos / puntuación distinta. Fusionar si procede.,warning
similar_description,ISB010c,"Suministro y montaje de bajante interior de la red de evacuación de aguas residuales, formada por tubo de PVC, serie B, de 75 mm de diámetro y 3 mm de espesor; unión pegada con adhesivo. Incluso líqui","Levenshtein=4 contra código ISB010e: 'Suministro y montaje de bajante interior de la red de evacuación de aguas residuales, formada por tubo de PVC, serie B, '",Verificar si son la misma partida con typos / puntuación distinta. Fusionar si procede.,warning
similar_description,ISB010c,"Suministro y montaje de bajante interior de la red de evacuación de aguas residuales, formada por tubo de PVC, serie B, de 75 mm de diámetro y 3 mm de espesor; unión pegada con adhesivo. Incluso líqui","Levenshtein=5 contra código ISB010g: 'Suministro y montaje de bajante interior de la red de evacuación de aguas residuales, formada por tubo de PVC, serie B, '",Verificar si son la misma partida con typos / puntuación distinta. Fusionar si procede.,warning
similar_description,ISB010c,"Suministro y montaje de bajante interior de la red de evacuación de aguas residuales, formada por tubo de PVC, serie B, de 75 mm de diámetro y 3 mm de espesor; unión pegada con adhesivo. Incluso líqui","Levenshtein=4 contra código ISB010i: 'Suministro y montaje de bajante interior de la red de evacuación de aguas residuales, formada por tubo de PVC, serie B, '",Verificar si son la misma partida con typos / puntuación distinta. Fusionar si procede.,warning
similar_description,ISB010c,"Suministro y montaje de bajante interior de la red de evacuación de aguas residuales, formada por tubo de PVC, serie B, de 75 mm de diámetro y 3 mm de espesor; unión pegada con adhesivo. Incluso líqui","Levenshtein=5 contra código ISB010w: 'Suministro y montaje de bajante interior de la red de evacuación de aguas residuales, formada por tubo de PVC, serie B, '",Verificar si son la misma partida con typos / puntuación distinta. Fusionar si procede.,warning
similar_description,ISB010d,"Suministro y montaje de bajante interior insonorizada de la red de evacuación de aguas residuales, formada por tubo de PVC-U, ABS, ASA y PVC-U con carga mineral, de 90 mm de diámetro y 5,1 mm de espes","Levenshtein=4 contra código ISB010h1: 'Suministro y montaje de bajante interior insonorizada de la red de evacuación de aguas residuales, formada por tubo de P'",Verificar si son la misma partida con typos / puntuación distinta. Fusionar si procede.,warning
similar_description,ISB010d,"Suministro y montaje de bajante interior insonorizada de la red de evacuación de aguas residuales, formada por tubo de PVC-U, ABS, ASA y PVC-U con carga mineral, de 90 mm de diámetro y 5,1 mm de espes","Levenshtein=4 contra código ISB010i1: 'Suministro y montaje de bajante interior insonorizada de la red de evacuación de aguas residuales, formada por tubo de P'",Verificar si son la misma partida con typos / puntuación distinta. Fusionar si procede.,warning
similar_description,ISB010d,"Suministro y montaje de bajante interior insonorizada de la red de evacuación de aguas residuales, formada por tubo de PVC-U, ABS, ASA y PVC-U con carga mineral, de 90 mm de diámetro y 5,1 mm de espes","Levenshtein=5 contra código ISB010g1: 'Suministro y montaje de bajante interior insonorizada de la red de evacuación de aguas residuales, formada por tubo de P'",Verificar si son la misma partida con typos / puntuación distinta. Fusionar si procede.,warning
similar_description,ISB010e,"Suministro y montaje de bajante interior de la red de evacuación de aguas residuales, formada por tubo de PVC, serie B, de 90 mm de diámetro y 3,2 mm de espesor; unión pegada con adhesivo. Incluso líq","Levenshtein=2 contra código ISB010g: 'Suministro y montaje de bajante interior de la red de evacuación de aguas residuales, formada por tubo de PVC, serie B, '",Verificar si son la misma partida con typos / puntuación distinta. Fusionar si procede.,warning
similar_description,ISB010e,"Suministro y montaje de bajante interior de la red de evacuación de aguas residuales, formada por tubo de PVC, serie B, de 90 mm de diámetro y 3,2 mm de espesor; unión pegada con adhesivo. Incluso líq","Levenshtein=3 contra código ISB010i: 'Suministro y montaje de bajante interior de la red de evacuación de aguas residuales, formada por tubo de PVC, serie B, '",Verificar si son la misma partida con typos / puntuación distinta. Fusionar si procede.,warning
similar_description,ISB010e,"Suministro y montaje de bajante interior de la red de evacuación de aguas residuales, formada por tubo de PVC, serie B, de 90 mm de diámetro y 3,2 mm de espesor; unión pegada con adhesivo. Incluso líq","Levenshtein=2 contra código ISB010w: 'Suministro y montaje de bajante interior de la red de evacuación de aguas residuales, formada por tubo de PVC, serie B, '",Verificar si son la misma partida con typos / puntuación distinta. Fusionar si procede.,warning
similar_description,ISB010f,"Suministro y montaje de bajante interior de la red de evacuación de aguas pluviales, formada por tubo de PVC, serie B, de 90 mm de diámetro y 3,2 mm de espesor; unión pegada con adhesivo. Incluso líqu","Levenshtein=3 contra código ISB010j: 'Suministro y montaje de bajante interior de la red de evacuación de aguas pluviales, formada por tubo de PVC, serie B, d'",Verificar si son la misma partida con typos / puntuación distinta. Fusionar si procede.,warning
similar_description,ISB010g,"Suministro y montaje de bajante interior de la red de evacuación de aguas residuales, formada por tubo de PVC, serie B, de 110 mm de diámetro y 3,2 mm de espesor; unión pegada con adhesivo. Incluso lí","Levenshtein=2 contra código ISB010i: 'Suministro y montaje de bajante interior de la red de evacuación de aguas residuales, formada por tubo de PVC, serie B, '",Verificar si son la misma partida con typos / puntuación distinta. Fusionar si procede.,warning
similar_description,ISB010g,"Suministro y montaje de bajante interior de la red de evacuación de aguas residuales, formada por tubo de PVC, serie B, de 110 mm de diámetro y 3,2 mm de espesor; unión pegada con adhesivo. Incluso lí","Levenshtein=1 contra código ISB010w: 'Suministro y montaje de bajante interior de la red de evacuación de aguas residuales, formada por tubo de PVC, serie B, '",Verificar si son la misma partida con typos / puntuación distinta. Fusionar si procede.,warning
similar_description,ISB010h1,"Suministro y montaje de bajante interior insonorizada de la red de evacuación de aguas residuales, formada por tubo de PVC-U, ABS, ASA y PVC-U con carga mineral, de 125 mm de diámetro y 5,6 mm de espe","Levenshtein=4 contra código ISB010i1: 'Suministro y montaje de bajante interior insonorizada de la red de evacuación de aguas residuales, formada por tubo de P'",Verificar si son la misma partida con typos / puntuación distinta. Fusionar si procede.,warning
similar_description,ISB010h1,"Suministro y montaje de bajante interior insonorizada de la red de evacuación de aguas residuales, formada por tubo de PVC-U, ABS, ASA y PVC-U con carga mineral, de 125 mm de diámetro y 5,6 mm de espe","Levenshtein=5 contra código ISB010g1: 'Suministro y montaje de bajante interior insonorizada de la red de evacuación de aguas residuales, formada por tubo de P'",Verificar si son la misma partida con typos / puntuación distinta. Fusionar si procede.,warning
similar_description,ISB010i,"Suministro y montaje de bajante interior de la red de evacuación de aguas residuales, formada por tubo de PVC, serie B, de 125 mm de diámetro y 3,2 mm de espesor; unión pegada con adhesivo. Incluso lí","Levenshtein=2 contra código ISB010w: 'Suministro y montaje de bajante interior de la red de evacuación de aguas residuales, formada por tubo de PVC, serie B, '",Verificar si son la misma partida con typos / puntuación distinta. Fusionar si procede.,warning
similar_description,ISB010i1,"Suministro y montaje de bajante interior insonorizada de la red de evacuación de aguas residuales, formada por tubo de PVC-U, ABS, ASA y PVC-U con carga mineral, de 160 mm de diámetro y 6,3 mm de espe","Levenshtein=4 contra código ISB010g1: 'Suministro y montaje de bajante interior insonorizada de la red de evacuación de aguas residuales, formada por tubo de P'",Verificar si son la misma partida con typos / puntuación distinta. Fusionar si procede.,warning
similar_description,ISB020,"Suministro y montaje de bajante circular de cobre, de Ø 80 mm y 0,60 mm de espesor, para recogida de aguas, formada por piezas preformadas, con sistema de unión mediante abocardado, colocadas con abra","Levenshtein=2 contra código ISB020b: 'Suministro y montaje de bajante circular de cobre, de Ø 100 mm y 0,60 mm de espesor, para recogida de aguas, formada por'",Verificar si son la misma partida con typos / puntuación distinta. Fusionar si procede.,warning
similar_description,ISC010j,"Suministro y montaje de canalón circular de zinctitanio, natural, de desarrollo 280 mm, 0,65 mm de espesor y recorte de baquetón, para recogida de aguas, formado por piezas preformadas, fijadas con so","Levenshtein=2 contra código ISC010k: 'Suministro y montaje de canalón circular de zinctitanio, natural, de desarrollo 330 mm, 0,65 mm de espesor y recorte de '",Verificar si son la misma partida con typos / puntuación distinta. Fusionar si procede.,warning
similar_description,ISS010,"Suministro e instalación de colector suspendido de red horizontal, formado por tubo PVC, serie B de 50 mm de diámetro y 3 mm de espesor, unión pegada con adhesivo, con una pendiente mínima del 1,00%, ","Levenshtein=3 contra código ISS010b: 'Suministro e instalación de colector suspendido de red horizontal, formado por tubo PVC, serie B de 90 mm de diámetro y '",Verificar si son la misma partida con typos / puntuación distinta. Fusionar si procede.,warning
similar_description,ISS010,"Suministro e instalación de colector suspendido de red horizontal, formado por tubo PVC, serie B de 50 mm de diámetro y 3 mm de espesor, unión pegada con adhesivo, con una pendiente mínima del 1,00%, ","Levenshtein=4 contra código ISS010c: 'Suministro e instalación de colector suspendido de red horizontal, formado por tubo PVC, serie B de 110 mm de diámetro y'",Verificar si son la misma partida con typos / puntuación distinta. Fusionar si procede.,warning
similar_description,ISS010,"Suministro e instalación de colector suspendido de red horizontal, formado por tubo PVC, serie B de 50 mm de diámetro y 3 mm de espesor, unión pegada con adhesivo, con una pendiente mínima del 1,00%, ","Levenshtein=5 contra código ISS010d: 'Suministro e instalación de colector suspendido de red horizontal, formado por tubo PVC, serie B de 125 mm de diámetro y'",Verificar si son la misma partida con typos / puntuación distinta. Fusionar si procede.,warning
similar_description,ISS010,"Suministro e instalación de colector suspendido de red horizontal, formado por tubo PVC, serie B de 50 mm de diámetro y 3 mm de espesor, unión pegada con adhesivo, con una pendiente mínima del 1,00%, ","Levenshtein=4 contra código ISS010e: 'Suministro e instalación de colector suspendido de red horizontal, formado por tubo PVC, serie B de 160 mm de diámetro y'",Verificar si son la misma partida con typos / puntuación distinta. Fusionar si procede.,warning
similar_description,ISS010b,"Suministro e instalación de colector suspendido de red horizontal, formado por tubo PVC, serie B de 90 mm de diámetro y 3,2 mm de espesor, unión pegada con adhesivo, con una pendiente mínima del 1,00%","Levenshtein=2 contra código ISS010c: 'Suministro e instalación de colector suspendido de red horizontal, formado por tubo PVC, serie B de 110 mm de diámetro y'",Verificar si son la misma partida con typos / puntuación distinta. Fusionar si procede.,warning
similar_description,ISS010b,"Suministro e instalación de colector suspendido de red horizontal, formado por tubo PVC, serie B de 90 mm de diámetro y 3,2 mm de espesor, unión pegada con adhesivo, con una pendiente mínima del 1,00%","Levenshtein=3 contra código ISS010d: 'Suministro e instalación de colector suspendido de red horizontal, formado por tubo PVC, serie B de 125 mm de diámetro y'",Verificar si son la misma partida con typos / puntuación distinta. Fusionar si procede.,warning
similar_description,ISS010b,"Suministro e instalación de colector suspendido de red horizontal, formado por tubo PVC, serie B de 90 mm de diámetro y 3,2 mm de espesor, unión pegada con adhesivo, con una pendiente mínima del 1,00%","Levenshtein=2 contra código ISS010e: 'Suministro e instalación de colector suspendido de red horizontal, formado por tubo PVC, serie B de 160 mm de diámetro y'",Verificar si son la misma partida con typos / puntuación distinta. Fusionar si procede.,warning
similar_description,ISS010c,"Suministro e instalación de colector suspendido de red horizontal, formado por tubo PVC, serie B de 110 mm de diámetro y 3,2 mm de espesor, unión pegada con adhesivo, con una pendiente mínima del 1,00","Levenshtein=2 contra código ISS010d: 'Suministro e instalación de colector suspendido de red horizontal, formado por tubo PVC, serie B de 125 mm de diámetro y'",Verificar si son la misma partida con typos / puntuación distinta. Fusionar si procede.,warning
similar_description,ISS010c,"Suministro e instalación de colector suspendido de red horizontal, formado por tubo PVC, serie B de 110 mm de diámetro y 3,2 mm de espesor, unión pegada con adhesivo, con una pendiente mínima del 1,00","Levenshtein=1 contra código ISS010e: 'Suministro e instalación de colector suspendido de red horizontal, formado por tubo PVC, serie B de 160 mm de diámetro y'",Verificar si son la misma partida con typos / puntuación distinta. Fusionar si procede.,warning
similar_description,ISS010d,"Suministro e instalación de colector suspendido de red horizontal, formado por tubo PVC, serie B de 125 mm de diámetro y 3,2 mm de espesor, unión pegada con adhesivo, con una pendiente mínima del 1,00","Levenshtein=2 contra código ISS010e: 'Suministro e instalación de colector suspendido de red horizontal, formado por tubo PVC, serie B de 160 mm de diámetro y'",Verificar si son la misma partida con typos / puntuación distinta. Fusionar si procede.,warning
similar_description,ISS010f,"Suministro e instalación de colector suspendido insonorizado de red horizontal, formado por tubo PVC-U, ABS, ASA y PVC-U con carga mineral de 78 mm de diámetro y 4,9 mm de espesor, unión a presión con","Levenshtein=4 contra código ISS010g: 'Suministro e instalación de colector suspendido insonorizado de red horizontal, formado por tubo PVC-U, ABS, ASA y PVC-U'",Verificar si son la misma partida con typos / puntuación distinta. Fusionar si procede.,warning
similar_description,ISS010f,"Suministro e instalación de colector suspendido insonorizado de red horizontal, formado por tubo PVC-U, ABS, ASA y PVC-U con carga mineral de 78 mm de diámetro y 4,9 mm de espesor, unión a presión con","Levenshtein=5 contra código ISS010h: 'Suministro e instalación de colector suspendido insonorizado de red horizontal, formado por tubo PVC-U, ABS, ASA y PVC-U'",Verificar si son la misma partida con typos / puntuación distinta. Fusionar si procede.,warning
similar_description,ISS010f,"Suministro e instalación de colector suspendido insonorizado de red horizontal, formado por tubo PVC-U, ABS, ASA y PVC-U con carga mineral de 78 mm de diámetro y 4,9 mm de espesor, unión a presión con","Levenshtein=5 contra código ISS010i: 'Suministro e instalación de colector suspendido insonorizado de red horizontal, formado por tubo PVC-U, ABS, ASA y PVC-U'",Verificar si son la misma partida con typos / puntuación distinta. Fusionar si procede.,warning
similar_description,ISS010f,"Suministro e instalación de colector suspendido insonorizado de red horizontal, formado por tubo PVC-U, ABS, ASA y PVC-U con carga mineral de 78 mm de diámetro y 4,9 mm de espesor, unión a presión con","Levenshtein=5 contra código ISS010j: 'Suministro e instalación de colector suspendido insonorizado de red horizontal, formado por tubo PVC-U, ABS, ASA y PVC-U'",Verificar si son la misma partida con typos / puntuación distinta. Fusionar si procede.,warning
similar_description,ISS010f,"Suministro e instalación de colector suspendido insonorizado de red horizontal, formado por tubo PVC-U, ABS, ASA y PVC-U con carga mineral de 78 mm de diámetro y 4,9 mm de espesor, unión a presión con","Levenshtein=5 contra código ISS010k: 'Suministro e instalación de colector suspendido insonorizado de red horizontal, formado por tubo PVC-U, ABS, ASA y PVC-U'",Verificar si son la misma partida con typos / puntuación distinta. Fusionar si procede.,warning
similar_description,ISS010g,"Suministro e instalación de colector suspendido insonorizado de red horizontal, formado por tubo PVC-U, ABS, ASA y PVC-U con carga mineral de 90 mm de diámetro y 5,1 mm de espesor, unión a presión con","Levenshtein=3 contra código ISS010h: 'Suministro e instalación de colector suspendido insonorizado de red horizontal, formado por tubo PVC-U, ABS, ASA y PVC-U'",Verificar si son la misma partida con typos / puntuación distinta. Fusionar si procede.,warning
similar_description,ISS010g,"Suministro e instalación de colector suspendido insonorizado de red horizontal, formado por tubo PVC-U, ABS, ASA y PVC-U con carga mineral de 90 mm de diámetro y 5,1 mm de espesor, unión a presión con","Levenshtein=4 contra código ISS010i: 'Suministro e instalación de colector suspendido insonorizado de red horizontal, formado por tubo PVC-U, ABS, ASA y PVC-U'",Verificar si son la misma partida con typos / puntuación distinta. Fusionar si procede.,warning
similar_description,ISS010g,"Suministro e instalación de colector suspendido insonorizado de red horizontal, formado por tubo PVC-U, ABS, ASA y PVC-U con carga mineral de 90 mm de diámetro y 5,1 mm de espesor, unión a presión con","Levenshtein=4 contra código ISS010j: 'Suministro e instalación de colector suspendido insonorizado de red horizontal, formado por tubo PVC-U, ABS, ASA y PVC-U'",Verificar si son la misma partida con typos / puntuación distinta. Fusionar si procede.,warning
similar_description,ISS010g,"Suministro e instalación de colector suspendido insonorizado de red horizontal, formado por tubo PVC-U, ABS, ASA y PVC-U con carga mineral de 90 mm de diámetro y 5,1 mm de espesor, unión a presión con","Levenshtein=4 contra código ISS010k: 'Suministro e instalación de colector suspendido insonorizado de red horizontal, formado por tubo PVC-U, ABS, ASA y PVC-U'",Verificar si son la misma partida con typos / puntuación distinta. Fusionar si procede.,warning
similar_description,ISS010h,"Suministro e instalación de colector suspendido insonorizado de red horizontal, formado por tubo PVC-U, ABS, ASA y PVC-U con carga mineral de 110 mm de diámetro y 5,3 mm de espesor, unión a presión co","Levenshtein=3 contra código ISS010i: 'Suministro e instalación de colector suspendido insonorizado de red horizontal, formado por tubo PVC-U, ABS, ASA y PVC-U'",Verificar si son la misma partida con typos / puntuación distinta. Fusionar si procede.,warning
similar_description,ISS010h,"Suministro e instalación de colector suspendido insonorizado de red horizontal, formado por tubo PVC-U, ABS, ASA y PVC-U con carga mineral de 110 mm de diámetro y 5,3 mm de espesor, unión a presión co","Levenshtein=2 contra código ISS010j: 'Suministro e instalación de colector suspendido insonorizado de red horizontal, formado por tubo PVC-U, ABS, ASA y PVC-U'",Verificar si son la misma partida con typos / puntuación distinta. Fusionar si procede.,warning
similar_description,ISS010h,"Suministro e instalación de colector suspendido insonorizado de red horizontal, formado por tubo PVC-U, ABS, ASA y PVC-U con carga mineral de 110 mm de diámetro y 5,3 mm de espesor, unión a presión co","Levenshtein=4 contra código ISS010k: 'Suministro e instalación de colector suspendido insonorizado de red horizontal, formado por tubo PVC-U, ABS, ASA y PVC-U'",Verificar si son la misma partida con typos / puntuación distinta. Fusionar si procede.,warning
similar_description,ISS010i,"Suministro e instalación de colector suspendido insonorizado de red horizontal, formado por tubo PVC-U, ABS, ASA y PVC-U con carga mineral de 125 mm de diámetro y 5,6 mm de espesor, unión a presión co","Levenshtein=4 contra código ISS010j: 'Suministro e instalación de colector suspendido insonorizado de red horizontal, formado por tubo PVC-U, ABS, ASA y PVC-U'",Verificar si son la misma partida con typos / puntuación distinta. Fusionar si procede.,warning
similar_description,ISS010i,"Suministro e instalación de colector suspendido insonorizado de red horizontal, formado por tubo PVC-U, ABS, ASA y PVC-U con carga mineral de 125 mm de diámetro y 5,6 mm de espesor, unión a presión co","Levenshtein=4 contra código ISS010k: 'Suministro e instalación de colector suspendido insonorizado de red horizontal, formado por tubo PVC-U, ABS, ASA y PVC-U'",Verificar si son la misma partida con typos / puntuación distinta. Fusionar si procede.,warning
similar_description,ISS010j,"Suministro e instalación de colector suspendido insonorizado de red horizontal, formado por tubo PVC-U, ABS, ASA y PVC-U con carga mineral de 160 mm de diámetro y 6,3 mm de espesor, unión a presión co","Levenshtein=3 contra código ISS010k: 'Suministro e instalación de colector suspendido insonorizado de red horizontal, formado por tubo PVC-U, ABS, ASA y PVC-U'",Verificar si son la misma partida con typos / puntuación distinta. Fusionar si procede.,warning
similar_description,ITA010,"Suministro e instalación completa de ascensor eléctrico de adherencia de 1 m/s de velocidad, 4 paradas, 320 kg de carga nominal, con capacidad para 4 personas, nivel básico de acabado en cabina de 840","Levenshtein=1 contra código ITA010b: 'Suministro e instalación completa de ascensor eléctrico de adherencia de 1 m/s de velocidad, 6 paradas, 320 kg de carga '",Verificar si son la misma partida con typos / puntuación distinta. Fusionar si procede.,warning
similar_description,ITA010c,"Suministro e instalación completa de ascensor eléctrico de adherencia de 1 m/s de velocidad, 4 paradas, 450 kg de carga nominal, con capacidad para 6 personas, nivel básico de acabado en cabina de 100","Levenshtein=1 contra código ITA010d: 'Suministro e instalación completa de ascensor eléctrico de adherencia de 1 m/s de velocidad, 6 paradas, 450 kg de carga '",Verificar si son la misma partida con typos / puntuación distinta. Fusionar si procede.,warning
similar_description,ITC010c,"Suministro e instalación de montacargas hidráulico para 100 kg, de 3 paradas (6 m), de 1x1 m de plataforma, con guías y un pistón. Totalmente montado, conexionado y probado.","Levenshtein=1 contra código ITC010d: 'Suministro e instalación de montacargas hidráulico para 400 kg, de 3 paradas (6 m), de 1x1 m de plataforma, con guías y '",Verificar si son la misma partida con typos / puntuación distinta. Fusionar si procede.,warning
similar_description,ITC010c,"Suministro e instalación de montacargas hidráulico para 100 kg, de 3 paradas (6 m), de 1x1 m de plataforma, con guías y un pistón. Totalmente montado, conexionado y probado.","Levenshtein=3 contra código ITC010e: 'Suministro e instalación de montacargas hidráulico para 1500 kg, de 3 paradas (6 m), de 2x2 m de plataforma, con guías y'",Verificar si son la misma partida con typos / puntuación distinta. Fusionar si procede.,warning
similar_description,ITC010d,"Suministro e instalación de montacargas hidráulico para 400 kg, de 3 paradas (6 m), de 1x1 m de plataforma, con guías y un pistón. Totalmente montado, conexionado y probado.","Levenshtein=4 contra código ITC010e: 'Suministro e instalación de montacargas hidráulico para 1500 kg, de 3 paradas (6 m), de 2x2 m de plataforma, con guías y'",Verificar si son la misma partida con typos / puntuación distinta. Fusionar si procede.,warning
similar_description,ITE010d,"Suministro e instalación completa de escalera mecánica eléctrica, para interior, de 30° de inclinación, para salvar una altura de 3 m, con un ancho útil de 1 m, balaustrada de 1 m, capacidad de transp","Levenshtein=1 contra código ITE010e: 'Suministro e instalación completa de escalera mecánica eléctrica, para interior, de 30° de inclinación, para salvar una '",Verificar si son la misma partida con typos / puntuación distinta. Fusionar si procede.,warning
similar_description,ITE010d,"Suministro e instalación completa de escalera mecánica eléctrica, para interior, de 30° de inclinación, para salvar una altura de 3 m, con un ancho útil de 1 m, balaustrada de 1 m, capacidad de transp","Levenshtein=1 contra código ITE010f: 'Suministro e instalación completa de escalera mecánica eléctrica, para interior, de 30° de inclinación, para salvar una '",Verificar si son la misma partida con typos / puntuación distinta. Fusionar si procede.,warning
similar_description,ITE010e,"Suministro e instalación completa de escalera mecánica eléctrica, para interior, de 30° de inclinación, para salvar una altura de 4 m, con un ancho útil de 1 m, balaustrada de 1 m, capacidad de transp","Levenshtein=1 contra código ITE010f: 'Suministro e instalación completa de escalera mecánica eléctrica, para interior, de 30° de inclinación, para salvar una '",Verificar si son la misma partida con typos / puntuación distinta. Fusionar si procede.,warning
similar_description,IVN030,"Suministro y montaje de aspirador giratorio con sombrero dinámico, de aluminio (Dureza H-24), para conducto de salida de 250 mm de diámetro exterior, para ventilación natural. Incluso elementos de fij","Levenshtein=1 contra código IVN030b: 'Suministro y montaje de aspirador giratorio con sombrero dinámico, de aluminio (Dureza H-24), para conducto de salida de'",Verificar si son la misma partida con typos / puntuación distinta. Fusionar si procede.,warning
similar_description,IVV020,"Suministro y montaje de conducto circular de ventilación formado por tubo de chapa de acero galvanizado de pared simple lisa, autoconectable macho-hembra, de 250 mm de diámetro y 0,6 mm de espesor de ",Levenshtein=2 contra código IVV020b: 'Suministro y montaje de conducto circular de ventilación formado por tubo de chapa de acero galvanizado de pared simple ',Verificar si son la misma partida con typos / puntuación distinta. Fusionar si procede.,warning
similar_description,IVV030b,"Suministro y montaje de conducto de ventilación, formado por tubo liso de PVC, de 110 mm de diámetro exterior, pegado mediante adhesivo, colocado en posición vertical. Incluso material auxiliar para m","Levenshtein=2 contra código IVV030c: 'Suministro y montaje de conducto de ventilación, formado por tubo liso de PVC, de 125 mm de diámetro exterior, pegado me'",Verificar si son la misma partida con typos / puntuación distinta. Fusionar si procede.,warning
similar_description,LCL060b,"Suministro y montaje de carpintería de aluminio, anodizado natural, para conformado de ventana, abisagrada oscilobatiente de apertura hacia el interior, de 60x60 cm, serie alta, formada por una hoja, ","Levenshtein=2 contra código LCL060d: 'Suministro y montaje de carpintería de aluminio, anodizado natural, para conformado de ventana, abisagrada oscilobatient'",Verificar si son la misma partida con typos / puntuación distinta. Fusionar si procede.,warning
similar_description,LCL060n,"Suministro y montaje de carpintería de aluminio, lacado color blanco, para conformado de ventana, abisagrada practicable de apertura hacia el interior, de 60x60 cm, serie alta, formada por una hoja, c","Levenshtein=2 contra código LCL060r: 'Suministro y montaje de carpintería de aluminio, lacado color blanco, para conformado de ventana, abisagrada practicable'",Verificar si son la misma partida con typos / puntuación distinta. Fusionar si procede.,warning
similar_description,LCL060o,"Suministro y montaje de carpintería de aluminio, lacado color blanco, para conformado de ventana, abisagrada practicable de apertura hacia el interior, de 60x60 cm, serie alta, formada por una hoja, c","Levenshtein=2 contra código LCL060s: 'Suministro y montaje de carpintería de aluminio, lacado color blanco, para conformado de ventana, abisagrada practicable'",Verificar si son la misma partida con typos / puntuación distinta. Fusionar si procede.,warning
similar_description,LCL060p,"Suministro y montaje de carpintería de aluminio, lacado color blanco, para conformado de ventana, abisagrada oscilobatiente de apertura hacia el interior, de 60x60 cm, serie alta, formada por una hoja","Levenshtein=2 contra código LCL060u: 'Suministro y montaje de carpintería de aluminio, lacado color blanco, para conformado de ventana, abisagrada oscilobatie'",Verificar si son la misma partida con typos / puntuación distinta. Fusionar si procede.,warning
similar_description,LCL060q,"Suministro y montaje de carpintería de aluminio, lacado color blanco, para conformado de ventana, abisagrada oscilobatiente de apertura hacia el interior, de 60x60 cm, serie alta, formada por una hoja","Levenshtein=2 contra código LCL060t: 'Suministro y montaje de carpintería de aluminio, lacado color blanco, para conformado de ventana, abisagrada oscilobatie'",Verificar si son la misma partida con typos / puntuación distinta. Fusionar si procede.,warning
similar_description,LCM015,"Suministro y montaje de carpintería exterior de madera de pino, para fijo de 600x600 mm, marco de 68x78 mm de sección, junquillos y tapajuntas de madera maciza de 70x15 mm, con capacidad para recibir ","Levenshtein=1 contra código LCM015j: 'Suministro y montaje de carpintería exterior de madera de pino, para fijo de 600x800 mm, marco de 68x78 mm de sección, j'",Verificar si son la misma partida con typos / puntuación distinta. Fusionar si procede.,warning
similar_description,LCM015a,"Suministro y montaje de carpintería exterior de madera de iroko, para fijo de 600x600 mm, marco de 68x78 mm de sección, moldura recta, junquillos y tapajuntas de madera maciza de 70x15 mm, con capacid","Levenshtein=3 contra código LCM015b1: 'Suministro y montaje de carpintería exterior de madera de iroko, para fijo de 1200x800 mm, marco de 68x78 mm de sección,'",Verificar si son la misma partida con typos / puntuación distinta. Fusionar si procede.,warning
similar_description,LCM015a,"Suministro y montaje de carpintería exterior de madera de iroko, para fijo de 600x600 mm, marco de 68x78 mm de sección, moldura recta, junquillos y tapajuntas de madera maciza de 70x15 mm, con capacid","Levenshtein=4 contra código LCM015c1: 'Suministro y montaje de carpintería exterior de madera de iroko, para fijo de 1200x1200 mm, marco de 68x78 mm de sección'",Verificar si son la misma partida con typos / puntuación distinta. Fusionar si procede.,warning
similar_description,LCM015b1,"Suministro y montaje de carpintería exterior de madera de iroko, para fijo de 1200x800 mm, marco de 68x78 mm de sección, moldura recta, junquillos y tapajuntas de madera maciza de 70x15 mm, con capaci","Levenshtein=2 contra código LCM015c1: 'Suministro y montaje de carpintería exterior de madera de iroko, para fijo de 1200x1200 mm, marco de 68x78 mm de sección'",Verificar si son la misma partida con typos / puntuación distinta. Fusionar si procede.,warning
similar_description,LCM015c,"Suministro y montaje de carpintería exterior de madera de pino, para ventana abisagrada, de 1000x1200 mm, hoja y marco de 68x78 mm de sección, junquillos, tapajuntas de madera maciza de 70x15 mm y vie","Levenshtein=1 contra código LCM015h: 'Suministro y montaje de carpintería exterior de madera de pino, para ventana abisagrada, de 1200x1200 mm, hoja y marco d'",Verificar si son la misma partida con typos / puntuación distinta. Fusionar si procede.,warning
similar_description,LCM015d,"Suministro y montaje de carpintería exterior de madera de iroko, para ventana abisagrada, de 600x800 mm, hoja de 68x78 mm de sección y marco de 68x78 mm, moldura recta, junquillos, tapajuntas de mader","Levenshtein=4 contra código LCM015e1: 'Suministro y montaje de carpintería exterior de madera de iroko, para ventana abisagrada, de 1200x1200 mm, hoja de 68x78'",Verificar si son la misma partida con typos / puntuación distinta. Fusionar si procede.,warning
similar_description,LCM015e,"Suministro y montaje de carpintería exterior de madera de pino, para puerta abisagrada, de 800x2200 mm, hoja y marco de 68x78 mm de sección, junquillos, tapajuntas de madera maciza de 70x15 mm y viert","Levenshtein=2 contra código LCM015g: 'Suministro y montaje de carpintería exterior de madera de pino, para puerta abisagrada, de 1500x2200 mm, hoja y marco de'",Verificar si son la misma partida con typos / puntuación distinta. Fusionar si procede.,warning
similar_description,LCM015i,"Suministro y montaje de carpintería exterior de madera de pino, para ventana abisagrada, de 600x800 mm, hoja y marco de 68x78 mm de sección, junquillos, tapajuntas de madera maciza de 70x15 mm y viert","Levenshtein=4 contra código LCM015c: 'Suministro y montaje de carpintería exterior de madera de pino, para ventana abisagrada, de 1000x1200 mm, hoja y marco d'",Verificar si son la misma partida con typos / puntuación distinta. Fusionar si procede.,warning
similar_description,LCM015i,"Suministro y montaje de carpintería exterior de madera de pino, para ventana abisagrada, de 600x800 mm, hoja y marco de 68x78 mm de sección, junquillos, tapajuntas de madera maciza de 70x15 mm y viert","Levenshtein=4 contra código LCM015h: 'Suministro y montaje de carpintería exterior de madera de pino, para ventana abisagrada, de 1200x1200 mm, hoja y marco d'",Verificar si son la misma partida con typos / puntuación distinta. Fusionar si procede.,warning
similar_description,LCP060,"Suministro y montaje de ventana de PVC, una hoja practicable con dimensiones 600x600 mm, compuesta de marco, hoja y junquillos, color blanco, perfiles de 70 mm de anchura, soldados a inglete, que inco","Levenshtein=2 contra código LCP060b: 'Suministro y montaje de ventana de PVC, una hoja practicable con dimensiones 600x1200 mm, compuesta de marco, hoja y jun'",Verificar si son la misma partida con typos / puntuación distinta. Fusionar si procede.,warning
similar_description,LCP060c,"Suministro y montaje de ventana de PVC, dos hojas practicables con dimensiones 900x1200 mm, compuesta de marco, hoja y junquillos, color blanco, perfiles de 70 mm de anchura, soldados a inglete, que i","Levenshtein=2 contra código LCP060d: 'Suministro y montaje de ventana de PVC, dos hojas practicables con dimensiones 1200x1200 mm, compuesta de marco, hoja y '",Verificar si son la misma partida con typos / puntuación distinta. Fusionar si procede.,warning
similar_description,LCP060e,"Suministro y montaje de ventana de PVC, una hoja oscilobatiente con dimensiones 600x600 mm, compuesta de marco, hoja y junquillos, color blanco, perfiles de 70 mm de anchura, soldados a inglete, que i","Levenshtein=2 contra código LCP060f: 'Suministro y montaje de ventana de PVC, una hoja oscilobatiente con dimensiones 600x1200 mm, compuesta de marco, hoja y '",Verificar si son la misma partida con typos / puntuación distinta. Fusionar si procede.,warning
similar_description,LCP060g,"Suministro y montaje de ventana de PVC, dos hojas correderas, dimensiones 900x1200 mm, compuesta de marco, hoja y junquillos, color blanco, perfiles de 80 mm de anchura, soldados a inglete, que incorp","Levenshtein=2 contra código LCP060h: 'Suministro y montaje de ventana de PVC, dos hojas correderas, dimensiones 1200x1200 mm, compuesta de marco, hoja y junqu'",Verificar si son la misma partida con typos / puntuación distinta. Fusionar si procede.,warning
similar_description,LFM110,"Suministro y colocación de puerta cortafuegos homologada, de madera, EI1 30-C5, de una hoja, lisa, de 203x82,5x4,5 cm, compuesto por alma de tablero aglomerado de partículas ignífugo, recubierto con l","Levenshtein=1 contra código LFM110b: 'Suministro y colocación de puerta cortafuegos homologada, de madera, EI1 60-C5, de una hoja, lisa, de 203x82,5x4,5 cm, c'",Verificar si son la misma partida con typos / puntuación distinta. Fusionar si procede.,warning
similar_description,LPM010,"Suministro y colocación de puerta interior abatible, ciega, de una hoja de 203x72,5x3,5 cm, de tablero de MDF, prelacada en blanco, con moldura de forma recta; precerco de pino país de 90x35 mm; galce","Levenshtein=1 contra código LPM010b: 'Suministro y colocación de puerta interior abatible, ciega, de una hoja de 203x82,5x3,5 cm, de tablero de MDF, prelacada'",Verificar si son la misma partida con typos / puntuación distinta. Fusionar si procede.,warning
similar_description,LPM010c,"Suministro y colocación de puerta interior abatible, ciega, de una hoja de 203x72,5x3,5 cm, de tablero aglomerado, chapado con roble E, barnizada en taller; precerco de pino país de 90x35 mm; galces d","Levenshtein=1 contra código LPM010d: 'Suministro y colocación de puerta interior abatible, ciega, de una hoja de 203x82,5x3,5 cm, de tablero aglomerado, chapa'",Verificar si son la misma partida con typos / puntuación distinta. Fusionar si procede.,warning
similar_description,LSV020a,"Suministro y montaje de persiana mallorquina de aluminio, acabado en anodizado natural, practicable de una hoja de lamas fijas de 70x210 cm. Compuesta por perfiles extrusionados formando marcos y hoja","Levenshtein=3 contra código LSV020b: 'Suministro y montaje de persiana mallorquina de aluminio, acabado en anodizado natural, practicable de una hoja de lamas'",Verificar si son la misma partida con typos / puntuación distinta. Fusionar si procede.,warning
similar_description,LSV020c,"Suministro y montaje de persiana mallorquina de aluminio, acabado en anodizado natural, practicable de dos hojas de lamas fijas, de 120x120 cm. Compuesta por perfiles extrusionados formando marcos y h","Levenshtein=3 contra código LSV020c1: 'Suministro y montaje de persiana mallorquina de aluminio, acabado en anodizado natural, practicable de dos hojas de lama'",Verificar si son la misma partida con typos / puntuación distinta. Fusionar si procede.,warning
similar_description,LSV020c,"Suministro y montaje de persiana mallorquina de aluminio, acabado en anodizado natural, practicable de dos hojas de lamas fijas, de 120x120 cm. Compuesta por perfiles extrusionados formando marcos y h","Levenshtein=2 contra código LSV020e: 'Suministro y montaje de persiana mallorquina de aluminio, acabado en anodizado natural, practicable de dos hojas de lama'",Verificar si son la misma partida con typos / puntuación distinta. Fusionar si procede.,warning
similar_description,LSV020c1,"Suministro y montaje de persiana mallorquina de aluminio, acabado en anodizado natural, practicable de dos hojas de lamas fijas, de 140x210 cm. Compuesta por perfiles extrusionados formando marcos y h","Levenshtein=1 contra código LSV020e: 'Suministro y montaje de persiana mallorquina de aluminio, acabado en anodizado natural, practicable de dos hojas de lama'",Verificar si son la misma partida con typos / puntuación distinta. Fusionar si procede.,warning
similar_description,LSV020d,"Suministro y montaje de persiana mallorquina de aluminio, acabado en lacado color, practicable de una hoja de lamas fijas, de 60x60 cm. Compuesta por perfiles extrusionados formando marcos y hojas de ","Levenshtein=3 contra código LSV020j: 'Suministro y montaje de persiana mallorquina de aluminio, acabado en lacado color, practicable de una hoja de lamas fija'",Verificar si son la misma partida con typos / puntuación distinta. Fusionar si procede.,warning
similar_description,LSV020f,"Suministro y montaje de persiana mallorquina de aluminio, acabado en lacado color, practicable de dos hojas de lamas fijas, de 120x120 cm. Compuesta por perfiles extrusionados formando marcos y hojas ","Levenshtein=2 contra código LSV020g: 'Suministro y montaje de persiana mallorquina de aluminio, acabado en lacado color, practicable de dos hojas de lamas fij'",Verificar si son la misma partida con typos / puntuación distinta. Fusionar si procede.,warning
similar_description,LSV020f,"Suministro y montaje de persiana mallorquina de aluminio, acabado en lacado color, practicable de dos hojas de lamas fijas, de 120x120 cm. Compuesta por perfiles extrusionados formando marcos y hojas ","Levenshtein=3 contra código LSV020h: 'Suministro y montaje de persiana mallorquina de aluminio, acabado en lacado color, practicable de dos hojas de lamas fij'",Verificar si son la misma partida con typos / puntuación distinta. Fusionar si procede.,warning
similar_description,LSV020g,"Suministro y montaje de persiana mallorquina de aluminio, acabado en lacado color, practicable de dos hojas de lamas fijas, de 120x210 cm. Compuesta por perfiles extrusionados formando marcos y hojas ","Levenshtein=1 contra código LSV020h: 'Suministro y montaje de persiana mallorquina de aluminio, acabado en lacado color, practicable de dos hojas de lamas fij'",Verificar si son la misma partida con typos / puntuación distinta. Fusionar si procede.,warning
similar_description,LSV030,"Persiana mallorquina de madera de pino melis para barnizar, de una hoja de lamas fijas, de 60x60 cm. Accesorios herrajes de colgar y apertura, tornillería de acero inoxidable, accesorios y utillajes d","Levenshtein=2 contra código LSV030b: 'Persiana mallorquina de madera de pino melis para barnizar, de una hoja de lamas fijas, de 60x120 cm. Accesorios, herraj'",Verificar si son la misma partida con typos / puntuación distinta. Fusionar si procede.,warning
similar_description,LSV030,"Persiana mallorquina de madera de pino melis para barnizar, de una hoja de lamas fijas, de 60x60 cm. Accesorios herrajes de colgar y apertura, tornillería de acero inoxidable, accesorios y utillajes d","Levenshtein=3 contra código LSV030e: 'Persiana mallorquina de madera de pino melis para barnizar, de una hoja de lamas fijas, de 80x210 cm. Accesorios, herraj'",Verificar si son la misma partida con typos / puntuación distinta. Fusionar si procede.,warning
similar_description,LSV030b,"Persiana mallorquina de madera de pino melis para barnizar, de una hoja de lamas fijas, de 60x120 cm. Accesorios, herrajes de colgar y apertura, tornillería de acero inoxidable, accesorios y utillajes","Levenshtein=3 contra código LSV030e: 'Persiana mallorquina de madera de pino melis para barnizar, de una hoja de lamas fijas, de 80x210 cm. Accesorios, herraj'",Verificar si son la misma partida con typos / puntuación distinta. Fusionar si procede.,warning
similar_description,LSV030c,"Persiana mallorquina de madera de pino melis para barnizar, de dos hojas de lamas fijas, de 120x120 cm. Accesorios, herrajes de colgar y apertura, tornillería de acero inoxidable, accesorios y utillaj","Levenshtein=3 contra código LSV030f: 'Persiana mallorquina de madera de pino melis para barnizar, de dos hojas de lamas fijas, de 100x210 cm. Accesorios, herr'",Verificar si son la misma partida con typos / puntuación distinta. Fusionar si procede.,warning
similar_description,LVC010,"Suministro y colocación de doble acristalamiento estándar, 4/12/4, conjunto formado por vidrio exterior Float incoloro de 4 mm, cámara de aire deshidratada con perfil separador de aluminio y doble sel","Levenshtein=4 contra código LVC010b: 'Suministro y colocación de doble acristalamiento estándar, 4/12/6, conjunto formado por vidrio exterior Float incoloro d'",Verificar si son la misma partida con typos / puntuación distinta. Fusionar si procede.,warning
similar_description,LVC010,"Suministro y colocación de doble acristalamiento estándar, 4/12/4, conjunto formado por vidrio exterior Float incoloro de 4 mm, cámara de aire deshidratada con perfil separador de aluminio y doble sel","Levenshtein=5 contra código LVC010c: 'Suministro y colocación de doble acristalamiento estándar, 4/16/4, conjunto formado por vidrio exterior Float incoloro d'",Verificar si son la misma partida con typos / puntuación distinta. Fusionar si procede.,warning
similar_description,LVC010b,"Suministro y colocación de doble acristalamiento estándar, 4/12/6, conjunto formado por vidrio exterior Float incoloro de 4 mm, cámara de aire deshidratada con perfil separador de aluminio y doble sel","Levenshtein=5 contra código LVC010d: 'Suministro y colocación de doble acristalamiento estándar, 4/16/6, conjunto formado por vidrio exterior Float incoloro d'",Verificar si son la misma partida con typos / puntuación distinta. Fusionar si procede.,warning
similar_description,LVC010c,"Suministro y colocación de doble acristalamiento estándar, 4/16/4, conjunto formado por vidrio exterior Float incoloro de 4 mm, cámara de aire deshidratada con perfil separador de aluminio y doble sel","Levenshtein=4 contra código LVC010d: 'Suministro y colocación de doble acristalamiento estándar, 4/16/6, conjunto formado por vidrio exterior Float incoloro d'",Verificar si son la misma partida con typos / puntuación distinta. Fusionar si procede.,warning
similar_description,LVC010e,"Suministro y colocación de doble acristalamiento de seguridad (laminar), 4/12/ 3+3, conjunto formado por vidrio exterior templado incoloro de 4 mm, cámara de aire deshidratada con perfil separador de ","Levenshtein=4 contra código LVC010h: 'Suministro y colocación de doble acristalamiento de seguridad (laminar), 4/16/ 3+3, conjunto formado por vidrio exterior'",Verificar si son la misma partida con typos / puntuación distinta. Fusionar si procede.,warning
similar_description,LVC010f,"Suministro y colocación de doble acristalamiento de seguridad (laminar), 4/12/ 4+4, conjunto formado por vidrio exterior templado incoloro de 4 mm, cámara de aire deshidratada con perfil separador de ","Levenshtein=4 contra código LVC010i: 'Suministro y colocación de doble acristalamiento de seguridad (laminar), 4/16/ 4+4, conjunto formado por vidrio exterior'",Verificar si son la misma partida con typos / puntuación distinta. Fusionar si procede.,warning
similar_description,LVC010g,"Suministro y colocación de doble acristalamiento de seguridad (laminar), 4/12/ 5+5, conjunto formado por vidrio exterior templado incoloro de 4 mm, cámara de aire deshidratada con perfil separador de ","Levenshtein=5 contra código LVC010j: 'Suministro y colocación de doble acristalamiento de seguridad (laminar), 4/16/ 5+5, conjunto formado por vidrio exterior'",Verificar si son la misma partida con typos / puntuación distinta. Fusionar si procede.,warning
similar_description,LVC010k,"Suministro y colocación de doble acristalamiento templado, 4/12/4, conjunto formado por vidrio exterior Float incoloro de 4 mm, cámara de aire deshidratada con perfil separador de aluminio y doble sel","Levenshtein=4 contra código LVC010l: 'Suministro y colocación de doble acristalamiento templado, 4/12/6, conjunto formado por vidrio exterior Float incoloro d'",Verificar si son la misma partida con typos / puntuación distinta. Fusionar si procede.,warning
similar_description,LVC010k,"Suministro y colocación de doble acristalamiento templado, 4/12/4, conjunto formado por vidrio exterior Float incoloro de 4 mm, cámara de aire deshidratada con perfil separador de aluminio y doble sel","Levenshtein=5 contra código LVC010m: 'Suministro y colocación de doble acristalamiento templado, 4/16/4, conjunto formado por vidrio exterior Float incoloro d'",Verificar si son la misma partida con typos / puntuación distinta. Fusionar si procede.,warning
similar_description,LVC010l,"Suministro y colocación de doble acristalamiento templado, 4/12/6, conjunto formado por vidrio exterior Float incoloro de 4 mm, cámara de aire deshidratada con perfil separador de aluminio y doble sel","Levenshtein=5 contra código LVC010n: 'Suministro y colocación de doble acristalamiento templado, 4/16/6, conjunto formado por vidrio exterior Float incoloro d'",Verificar si son la misma partida con typos / puntuación distinta. Fusionar si procede.,warning
similar_description,LVC010m,"Suministro y colocación de doble acristalamiento templado, 4/16/4, conjunto formado por vidrio exterior Float incoloro de 4 mm, cámara de aire deshidratada con perfil separador de aluminio y doble sel","Levenshtein=4 contra código LVC010n: 'Suministro y colocación de doble acristalamiento templado, 4/16/6, conjunto formado por vidrio exterior Float incoloro d'",Verificar si son la misma partida con typos / puntuación distinta. Fusionar si procede.,warning
similar_description,LVC010o,"Suministro y colocación de doble acristalamiento templado, de baja emisividad térmica, 4/12/4 color gris, conjunto formado por vidrio exterior de baja emisividad térmica de 4 mm, cámara de aire deshid","Levenshtein=4 contra código LVC010p: 'Suministro y colocación de doble acristalamiento templado, de baja emisividad térmica, 4/16/4 color gris, conjunto forma'",Verificar si son la misma partida con typos / puntuación distinta. Fusionar si procede.,warning
similar_description,LVC010q,"Suministro y colocación de doble acristalamiento templado, de baja emisividad térmica, 4/12/4 color gris, conjunto formado por vidrio exterior de baja emisividad térmica de 4 mm, cámara de gas deshidr","Levenshtein=4 contra código LVC010r: 'Suministro y colocación de doble acristalamiento templado, de baja emisividad térmica, 4/16/4 color gris, conjunto forma'",Verificar si son la misma partida con typos / puntuación distinta. Fusionar si procede.,warning
similar_description,LVC010s,"Suministro y colocación de doble acristalamiento templado, de baja emisividad térmica y seguridad (laminar), de color gris 4/12/4+4, conjunto formado por vidrio exterior templado de color gris 4 mm cá","Levenshtein=4 contra código LVC010t: 'Suministro y colocación de doble acristalamiento templado, de baja emisividad térmica y seguridad (laminar), de color gr'",Verificar si son la misma partida con typos / puntuación distinta. Fusionar si procede.,warning
similar_description,LVC010u,"Suministro y colocación de doble acristalamiento templado, de baja emisividad térmica y seguridad (laminar), de color gris 6/12/4+4, conjunto formado por vidrio exterior templado de color gris 6 mm cá","Levenshtein=5 contra código LVC010v: 'Suministro y colocación de doble acristalamiento templado, de baja emisividad térmica y seguridad (laminar), de color gr'",Verificar si son la misma partida con typos / puntuación distinta. Fusionar si procede.,warning
similar_description,LVC010w,"Suministro y colocación de doble acristalamiento de baja emisividad térmica + aislamiento acústico, 3+3/12/4+4, conjunto formado por vidrio exterior laminar acústico 3+3 mm compuesto por dos lunas de ","Levenshtein=5 contra código LVC010x: 'Suministro y colocación de doble acristalamiento de baja emisividad térmica + aislamiento acústico, 3+3/16/4+4, conjunto'",Verificar si son la misma partida con typos / puntuación distinta. Fusionar si procede.,warning
similar_description,LVC010y,"Suministro y colocación de doble acristalamiento de baja emisividad térmica + aislamiento acústico, 3+3/12/4+4, conjunto formado por vidrio exterior laminar acústico 3+3 mm compuesto por dos lunas de ","Levenshtein=5 contra código LVC010z: 'Suministro y colocación de doble acristalamiento de baja emisividad térmica + aislamiento acústico, 3+3/16/4+4, conjunto'",Verificar si son la misma partida con typos / puntuación distinta. Fusionar si procede.,warning
similar_description,LVI010,"Suministro y colocación de vidrio impreso translúcido, de 4 mm de espesor, incoloro, fijado sobre carpintería con acuñado mediante calzos de apoyo perimetrales y laterales, sellado en frío con silicon","Levenshtein=1 contra código LVI010b: 'Suministro y colocación de vidrio impreso translúcido, de 6 mm de espesor, incoloro, fijado sobre carpintería con acuñad'",Verificar si son la misma partida con typos / puntuación distinta. Fusionar si procede.,warning
similar_description,LVI010,"Suministro y colocación de vidrio impreso translúcido, de 4 mm de espesor, incoloro, fijado sobre carpintería con acuñado mediante calzos de apoyo perimetrales y laterales, sellado en frío con silicon","Levenshtein=2 contra código LVI010c: 'Suministro y colocación de vidrio impreso translúcido, de 11 mm de espesor, incoloro, fijado sobre carpintería con acuña'",Verificar si son la misma partida con typos / puntuación distinta. Fusionar si procede.,warning
similar_description,LVI010b,"Suministro y colocación de vidrio impreso translúcido, de 6 mm de espesor, incoloro, fijado sobre carpintería con acuñado mediante calzos de apoyo perimetrales y laterales, sellado en frío con silicon","Levenshtein=2 contra código LVI010c: 'Suministro y colocación de vidrio impreso translúcido, de 11 mm de espesor, incoloro, fijado sobre carpintería con acuña'",Verificar si son la misma partida con typos / puntuación distinta. Fusionar si procede.,warning
similar_description,LVP010,"Suministro y colocación de luna pulida incolora, 4 mm, fijada sobre carpintería con acuñado mediante calzos de apoyo perimetrales y laterales, sellado en frío con silicona sintética incolora (no acríl","Levenshtein=1 contra código LVP010b: 'Suministro y colocación de luna pulida incolora, 5 mm, fijada sobre carpintería con acuñado mediante calzos de apoyo per'",Verificar si son la misma partida con typos / puntuación distinta. Fusionar si procede.,warning
similar_description,LVP010,"Suministro y colocación de luna pulida incolora, 4 mm, fijada sobre carpintería con acuñado mediante calzos de apoyo perimetrales y laterales, sellado en frío con silicona sintética incolora (no acríl","Levenshtein=1 contra código LVP010c: 'Suministro y colocación de luna pulida incolora, 6 mm, fijada sobre carpintería con acuñado mediante calzos de apoyo per'",Verificar si son la misma partida con typos / puntuación distinta. Fusionar si procede.,warning
similar_description,LVP010,"Suministro y colocación de luna pulida incolora, 4 mm, fijada sobre carpintería con acuñado mediante calzos de apoyo perimetrales y laterales, sellado en frío con silicona sintética incolora (no acríl","Levenshtein=1 contra código LVP010d: 'Suministro y colocación de luna pulida incolora, 8 mm, fijada sobre carpintería con acuñado mediante calzos de apoyo per'",Verificar si son la misma partida con typos / puntuación distinta. Fusionar si procede.,warning
similar_description,LVP010,"Suministro y colocación de luna pulida incolora, 4 mm, fijada sobre carpintería con acuñado mediante calzos de apoyo perimetrales y laterales, sellado en frío con silicona sintética incolora (no acríl","Levenshtein=2 contra código LVP010e: 'Suministro y colocación de luna pulida incolora, 10 mm, fijada sobre carpintería con acuñado mediante calzos de apoyo pe'",Verificar si son la misma partida con typos / puntuación distinta. Fusionar si procede.,warning
similar_description,LVP010b,"Suministro y colocación de luna pulida incolora, 5 mm, fijada sobre carpintería con acuñado mediante calzos de apoyo perimetrales y laterales, sellado en frío con silicona sintética incolora (no acríl","Levenshtein=1 contra código LVP010c: 'Suministro y colocación de luna pulida incolora, 6 mm, fijada sobre carpintería con acuñado mediante calzos de apoyo per'",Verificar si son la misma partida con typos / puntuación distinta. Fusionar si procede.,warning
similar_description,LVP010b,"Suministro y colocación de luna pulida incolora, 5 mm, fijada sobre carpintería con acuñado mediante calzos de apoyo perimetrales y laterales, sellado en frío con silicona sintética incolora (no acríl","Levenshtein=1 contra código LVP010d: 'Suministro y colocación de luna pulida incolora, 8 mm, fijada sobre carpintería con acuñado mediante calzos de apoyo per'",Verificar si son la misma partida con typos / puntuación distinta. Fusionar si procede.,warning
similar_description,LVP010b,"Suministro y colocación de luna pulida incolora, 5 mm, fijada sobre carpintería con acuñado mediante calzos de apoyo perimetrales y laterales, sellado en frío con silicona sintética incolora (no acríl","Levenshtein=2 contra código LVP010e: 'Suministro y colocación de luna pulida incolora, 10 mm, fijada sobre carpintería con acuñado mediante calzos de apoyo pe'",Verificar si son la misma partida con typos / puntuación distinta. Fusionar si procede.,warning
similar_description,LVP010c,"Suministro y colocación de luna pulida incolora, 6 mm, fijada sobre carpintería con acuñado mediante calzos de apoyo perimetrales y laterales, sellado en frío con silicona sintética incolora (no acríl","Levenshtein=1 contra código LVP010d: 'Suministro y colocación de luna pulida incolora, 8 mm, fijada sobre carpintería con acuñado mediante calzos de apoyo per'",Verificar si son la misma partida con typos / puntuación distinta. Fusionar si procede.,warning
similar_description,LVP010c,"Suministro y colocación de luna pulida incolora, 6 mm, fijada sobre carpintería con acuñado mediante calzos de apoyo perimetrales y laterales, sellado en frío con silicona sintética incolora (no acríl","Levenshtein=2 contra código LVP010e: 'Suministro y colocación de luna pulida incolora, 10 mm, fijada sobre carpintería con acuñado mediante calzos de apoyo pe'",Verificar si son la misma partida con typos / puntuación distinta. Fusionar si procede.,warning
similar_description,LVP010d,"Suministro y colocación de luna pulida incolora, 8 mm, fijada sobre carpintería con acuñado mediante calzos de apoyo perimetrales y laterales, sellado en frío con silicona sintética incolora (no acríl","Levenshtein=2 contra código LVP010e: 'Suministro y colocación de luna pulida incolora, 10 mm, fijada sobre carpintería con acuñado mediante calzos de apoyo pe'",Verificar si son la misma partida con typos / puntuación distinta. Fusionar si procede.,warning
similar_description,LVP010f,"Suministro y colocación de luna coloreada filtrante, color gris, 4 mm, fijada sobre carpintería con acuñado mediante calzos de apoyo perimetrales y laterales, sellado en frío con silicona sintética in","Levenshtein=1 contra código LVP010g: 'Suministro y colocación de luna coloreada filtrante, color gris, 5 mm, fijada sobre carpintería con acuñado mediante cal'",Verificar si son la misma partida con typos / puntuación distinta. Fusionar si procede.,warning
similar_description,LVP010f,"Suministro y colocación de luna coloreada filtrante, color gris, 4 mm, fijada sobre carpintería con acuñado mediante calzos de apoyo perimetrales y laterales, sellado en frío con silicona sintética in","Levenshtein=1 contra código LVP010i: 'Suministro y colocación de luna coloreada filtrante, color gris, 6 mm, fijada sobre carpintería con acuñado mediante cal'",Verificar si son la misma partida con typos / puntuación distinta. Fusionar si procede.,warning
similar_description,LVP010f,"Suministro y colocación de luna coloreada filtrante, color gris, 4 mm, fijada sobre carpintería con acuñado mediante calzos de apoyo perimetrales y laterales, sellado en frío con silicona sintética in","Levenshtein=5 contra código LVP010h: 'Suministro y colocación de luna coloreada filtrante, color verde, 5 mm, fijada sobre carpintería con acuñado mediante ca'",Verificar si son la misma partida con typos / puntuación distinta. Fusionar si procede.,warning
similar_description,LVP010f,"Suministro y colocación de luna coloreada filtrante, color gris, 4 mm, fijada sobre carpintería con acuñado mediante calzos de apoyo perimetrales y laterales, sellado en frío con silicona sintética in","Levenshtein=2 contra código LVP010j: 'Suministro y colocación de luna coloreada filtrante, color gris, 10 mm, fijada sobre carpintería con acuñado mediante ca'",Verificar si son la misma partida con typos / puntuación distinta. Fusionar si procede.,warning
similar_description,LVP010g,"Suministro y colocación de luna coloreada filtrante, color gris, 5 mm, fijada sobre carpintería con acuñado mediante calzos de apoyo perimetrales y laterales, sellado en frío con silicona sintética in","Levenshtein=1 contra código LVP010i: 'Suministro y colocación de luna coloreada filtrante, color gris, 6 mm, fijada sobre carpintería con acuñado mediante cal'",Verificar si son la misma partida con typos / puntuación distinta. Fusionar si procede.,warning
similar_description,LVP010g,"Suministro y colocación de luna coloreada filtrante, color gris, 5 mm, fijada sobre carpintería con acuñado mediante calzos de apoyo perimetrales y laterales, sellado en frío con silicona sintética in","Levenshtein=4 contra código LVP010h: 'Suministro y colocación de luna coloreada filtrante, color verde, 5 mm, fijada sobre carpintería con acuñado mediante ca'",Verificar si son la misma partida con typos / puntuación distinta. Fusionar si procede.,warning
similar_description,LVP010g,"Suministro y colocación de luna coloreada filtrante, color gris, 5 mm, fijada sobre carpintería con acuñado mediante calzos de apoyo perimetrales y laterales, sellado en frío con silicona sintética in","Levenshtein=2 contra código LVP010j: 'Suministro y colocación de luna coloreada filtrante, color gris, 10 mm, fijada sobre carpintería con acuñado mediante ca'",Verificar si son la misma partida con typos / puntuación distinta. Fusionar si procede.,warning
similar_description,LVP010i,"Suministro y colocación de luna coloreada filtrante, color gris, 6 mm, fijada sobre carpintería con acuñado mediante calzos de apoyo perimetrales y laterales, sellado en frío con silicona sintética in","Levenshtein=5 contra código LVP010h: 'Suministro y colocación de luna coloreada filtrante, color verde, 5 mm, fijada sobre carpintería con acuñado mediante ca'",Verificar si son la misma partida con typos / puntuación distinta. Fusionar si procede.,warning
similar_description,LVP010i,"Suministro y colocación de luna coloreada filtrante, color gris, 6 mm, fijada sobre carpintería con acuñado mediante calzos de apoyo perimetrales y laterales, sellado en frío con silicona sintética in","Levenshtein=2 contra código LVP010j: 'Suministro y colocación de luna coloreada filtrante, color gris, 10 mm, fijada sobre carpintería con acuñado mediante ca'",Verificar si son la misma partida con typos / puntuación distinta. Fusionar si procede.,warning
similar_description,LVS010,"Suministro y colocación de vidrio laminar de seguridad, compuesto por dos lunas de 3 mm de espesor unidas mediante dos láminas incoloras de butiral de polivinilo, de 0,38 mm de espesor cada una, clasi","Levenshtein=1 contra código LVS010b: 'Suministro y colocación de vidrio laminar de seguridad, compuesto por dos lunas de 4 mm de espesor unidas mediante dos l'",Verificar si son la misma partida con typos / puntuación distinta. Fusionar si procede.,warning
similar_description,LVS010,"Suministro y colocación de vidrio laminar de seguridad, compuesto por dos lunas de 3 mm de espesor unidas mediante dos láminas incoloras de butiral de polivinilo, de 0,38 mm de espesor cada una, clasi","Levenshtein=1 contra código LVS010c: 'Suministro y colocación de vidrio laminar de seguridad, compuesto por dos lunas de 5 mm de espesor unidas mediante dos l'",Verificar si son la misma partida con typos / puntuación distinta. Fusionar si procede.,warning
similar_description,LVS010,"Suministro y colocación de vidrio laminar de seguridad, compuesto por dos lunas de 3 mm de espesor unidas mediante dos láminas incoloras de butiral de polivinilo, de 0,38 mm de espesor cada una, clasi","Levenshtein=1 contra código LVS010d: 'Suministro y colocación de vidrio laminar de seguridad, compuesto por dos lunas de 6 mm de espesor unidas mediante dos l'",Verificar si son la misma partida con typos / puntuación distinta. Fusionar si procede.,warning
similar_description,LVS010,"Suministro y colocación de vidrio laminar de seguridad, compuesto por dos lunas de 3 mm de espesor unidas mediante dos láminas incoloras de butiral de polivinilo, de 0,38 mm de espesor cada una, clasi","Levenshtein=1 contra código LVS010e: 'Suministro y colocación de vidrio laminar de seguridad, compuesto por dos lunas de 8 mm de espesor unidas mediante dos l'",Verificar si son la misma partida con typos / puntuación distinta. Fusionar si procede.,warning
similar_description,LVS010,"Suministro y colocación de vidrio laminar de seguridad, compuesto por dos lunas de 3 mm de espesor unidas mediante dos láminas incoloras de butiral de polivinilo, de 0,38 mm de espesor cada una, clasi","Levenshtein=2 contra código LVS010f: 'Suministro y colocación de vidrio laminar de seguridad, compuesto por dos lunas de 10 mm de espesor unidas mediante dos '",Verificar si son la misma partida con typos / puntuación distinta. Fusionar si procede.,warning
similar_description,LVS010b,"Suministro y colocación de vidrio laminar de seguridad, compuesto por dos lunas de 4 mm de espesor unidas mediante dos láminas incoloras de butiral de polivinilo, de 0,38 mm de espesor cada una, clasi","Levenshtein=1 contra código LVS010c: 'Suministro y colocación de vidrio laminar de seguridad, compuesto por dos lunas de 5 mm de espesor unidas mediante dos l'",Verificar si son la misma partida con typos / puntuación distinta. Fusionar si procede.,warning
similar_description,LVS010b,"Suministro y colocación de vidrio laminar de seguridad, compuesto por dos lunas de 4 mm de espesor unidas mediante dos láminas incoloras de butiral de polivinilo, de 0,38 mm de espesor cada una, clasi","Levenshtein=1 contra código LVS010d: 'Suministro y colocación de vidrio laminar de seguridad, compuesto por dos lunas de 6 mm de espesor unidas mediante dos l'",Verificar si son la misma partida con typos / puntuación distinta. Fusionar si procede.,warning
similar_description,LVS010b,"Suministro y colocación de vidrio laminar de seguridad, compuesto por dos lunas de 4 mm de espesor unidas mediante dos láminas incoloras de butiral de polivinilo, de 0,38 mm de espesor cada una, clasi","Levenshtein=1 contra código LVS010e: 'Suministro y colocación de vidrio laminar de seguridad, compuesto por dos lunas de 8 mm de espesor unidas mediante dos l'",Verificar si son la misma partida con typos / puntuación distinta. Fusionar si procede.,warning
similar_description,LVS010b,"Suministro y colocación de vidrio laminar de seguridad, compuesto por dos lunas de 4 mm de espesor unidas mediante dos láminas incoloras de butiral de polivinilo, de 0,38 mm de espesor cada una, clasi","Levenshtein=2 contra código LVS010f: 'Suministro y colocación de vidrio laminar de seguridad, compuesto por dos lunas de 10 mm de espesor unidas mediante dos '",Verificar si son la misma partida con typos / puntuación distinta. Fusionar si procede.,warning
similar_description,LVS010c,"Suministro y colocación de vidrio laminar de seguridad, compuesto por dos lunas de 5 mm de espesor unidas mediante dos láminas incoloras de butiral de polivinilo, de 0,38 mm de espesor cada una, clasi","Levenshtein=1 contra código LVS010d: 'Suministro y colocación de vidrio laminar de seguridad, compuesto por dos lunas de 6 mm de espesor unidas mediante dos l'",Verificar si son la misma partida con typos / puntuación distinta. Fusionar si procede.,warning
similar_description,LVS010c,"Suministro y colocación de vidrio laminar de seguridad, compuesto por dos lunas de 5 mm de espesor unidas mediante dos láminas incoloras de butiral de polivinilo, de 0,38 mm de espesor cada una, clasi","Levenshtein=1 contra código LVS010e: 'Suministro y colocación de vidrio laminar de seguridad, compuesto por dos lunas de 8 mm de espesor unidas mediante dos l'",Verificar si son la misma partida con typos / puntuación distinta. Fusionar si procede.,warning
similar_description,LVS010c,"Suministro y colocación de vidrio laminar de seguridad, compuesto por dos lunas de 5 mm de espesor unidas mediante dos láminas incoloras de butiral de polivinilo, de 0,38 mm de espesor cada una, clasi","Levenshtein=2 contra código LVS010f: 'Suministro y colocación de vidrio laminar de seguridad, compuesto por dos lunas de 10 mm de espesor unidas mediante dos '",Verificar si son la misma partida con typos / puntuación distinta. Fusionar si procede.,warning
similar_description,LVS010d,"Suministro y colocación de vidrio laminar de seguridad, compuesto por dos lunas de 6 mm de espesor unidas mediante dos láminas incoloras de butiral de polivinilo, de 0,38 mm de espesor cada una, clasi","Levenshtein=1 contra código LVS010e: 'Suministro y colocación de vidrio laminar de seguridad, compuesto por dos lunas de 8 mm de espesor unidas mediante dos l'",Verificar si son la misma partida con typos / puntuación distinta. Fusionar si procede.,warning
similar_description,LVS010d,"Suministro y colocación de vidrio laminar de seguridad, compuesto por dos lunas de 6 mm de espesor unidas mediante dos láminas incoloras de butiral de polivinilo, de 0,38 mm de espesor cada una, clasi","Levenshtein=2 contra código LVS010f: 'Suministro y colocación de vidrio laminar de seguridad, compuesto por dos lunas de 10 mm de espesor unidas mediante dos '",Verificar si son la misma partida con typos / puntuación distinta. Fusionar si procede.,warning
similar_description,LVS010e,"Suministro y colocación de vidrio laminar de seguridad, compuesto por dos lunas de 8 mm de espesor unidas mediante dos láminas incoloras de butiral de polivinilo, de 0,38 mm de espesor cada una, clasi","Levenshtein=2 contra código LVS010f: 'Suministro y colocación de vidrio laminar de seguridad, compuesto por dos lunas de 10 mm de espesor unidas mediante dos '",Verificar si son la misma partida con typos / puntuación distinta. Fusionar si procede.,warning
similar_description,LVT010,"Suministro y colocación de vidrio de silicato sodocálcico templado, incoloro, de 10 mm de espesor, clasificación de prestaciones 1C1, según UNE-EN 12600, fijado sobre carpintería con acuñado mediante ","Levenshtein=1 contra código LVT010b: 'Suministro y colocación de vidrio de silicato sodocálcico templado, incoloro, de 12 mm de espesor, clasificación de pres'",Verificar si son la misma partida con typos / puntuación distinta. Fusionar si procede.,warning
similar_description,LVT015,"Suministro y colocación de puerta abatible de vidrio templado incoloro, de 2090x796 mm y de 10 mm de espesor, clasificación de prestaciones 1C1. Incluso kit de herrajes, de acero inoxidable AISI 304. ","Levenshtein=1 contra código LVT015b: 'Suministro y colocación de puerta abatible de vidrio templado incoloro, de 2090x896 mm y de 10 mm de espesor, clasificac'",Verificar si son la misma partida con typos / puntuación distinta. Fusionar si procede.,warning
similar_description,NAA010b,"Suministro y colocación de aislamiento térmico de tubería, colocada superficialmente, para la distribución de fluidos calientes (de +40°C a +60°C), formado por coquilla de espuma elastomérica, de 23 m","Levenshtein=2 contra código NAA010c: 'Suministro y colocación de aislamiento térmico de tubería, colocada superficialmente, para la distribución de fluidos ca'",Verificar si son la misma partida con typos / puntuación distinta. Fusionar si procede.,warning
similar_description,NAA010b,"Suministro y colocación de aislamiento térmico de tubería, colocada superficialmente, para la distribución de fluidos calientes (de +40°C a +60°C), formado por coquilla de espuma elastomérica, de 23 m","Levenshtein=4 contra código NAA010d: 'Suministro y colocación de aislamiento térmico de tubería, colocada superficialmente, para la distribución de fluidos ca'",Verificar si son la misma partida con typos / puntuación distinta. Fusionar si procede.,warning
similar_description,NAA010b,"Suministro y colocación de aislamiento térmico de tubería, colocada superficialmente, para la distribución de fluidos calientes (de +40°C a +60°C), formado por coquilla de espuma elastomérica, de 23 m","Levenshtein=4 contra código NAA010: 'Suministro y colocación de aislamiento térmico de tubería en colocada superficialmente, para la distribución de fluidos '",Verificar si son la misma partida con typos / puntuación distinta. Fusionar si procede.,warning
similar_description,NAA010c,"Suministro y colocación de aislamiento térmico de tubería, colocada superficialmente, para la distribución de fluidos calientes (de +40°C a +60°C), formado por coquilla de espuma elastomérica, de 36 m","Levenshtein=4 contra código NAA010d: 'Suministro y colocación de aislamiento térmico de tubería, colocada superficialmente, para la distribución de fluidos ca'",Verificar si son la misma partida con typos / puntuación distinta. Fusionar si procede.,warning
similar_description,NAA010c,"Suministro y colocación de aislamiento térmico de tubería, colocada superficialmente, para la distribución de fluidos calientes (de +40°C a +60°C), formado por coquilla de espuma elastomérica, de 36 m","Levenshtein=5 contra código NAA010: 'Suministro y colocación de aislamiento térmico de tubería en colocada superficialmente, para la distribución de fluidos '",Verificar si son la misma partida con typos / puntuación distinta. Fusionar si procede.,warning
similar_description,NAF010d,"Suministro y colocación de aislamiento térmico formado por panel rígido de poliestireno expandido, de superficie lisa y mecanizado lateral recto, de 30 mm de espesor, resistencia térmica 1 m²K/W, cond","Levenshtein=2 contra código NAF010j: 'Suministro y colocación de aislamiento térmico formado por panel rígido de poliestireno expandido, de superficie lisa y '",Verificar si son la misma partida con typos / puntuación distinta. Fusionar si procede.,warning
similar_description,NAF010d,"Suministro y colocación de aislamiento térmico formado por panel rígido de poliestireno expandido, de superficie lisa y mecanizado lateral recto, de 30 mm de espesor, resistencia térmica 1 m²K/W, cond","Levenshtein=2 contra código NAF010l: 'Suministro y colocación de aislamiento térmico formado por panel rígido de poliestireno expandido, de superficie lisa y '",Verificar si son la misma partida con typos / puntuación distinta. Fusionar si procede.,warning
similar_description,NAF010f,"Suministro y colocación de aislamiento térmico formado por panel rígido de poliestireno extruido, de superficie lisa y mecanizado lateral machihembrado, de 50 mm de espesor, resistencia a compresión >","Levenshtein=2 contra código NAF010g: 'Suministro y colocación de aislamiento térmico formado por panel rígido de poliestireno extruido, de superficie lisa y m'",Verificar si son la misma partida con typos / puntuación distinta. Fusionar si procede.,warning
similar_description,NAF010j,"Suministro y colocación de aislamiento térmico formado por panel rígido de poliestireno expandido, de superficie lisa y mecanizado lateral recto, de 100 mm de espesor, resistencia térmica 1 m²K/W, con","Levenshtein=1 contra código NAF010l: 'Suministro y colocación de aislamiento térmico formado por panel rígido de poliestireno expandido, de superficie lisa y '",Verificar si son la misma partida con typos / puntuación distinta. Fusionar si procede.,warning
similar_description,NEC010c,"Sellado estanco al aire y lluvia, apto para revestir, por el exterior, de la junta entre la carpintería exterior y el paramento de madera con cinta autoadhesiva, de geotextil especial reforzado con ma","Levenshtein=5 contra código NEC010d: 'Sellado estanco al aire y lluvia, apto para revestir, por el exterior, de la junta entre la carpintería exterior y el pa'",Verificar si son la misma partida con typos / puntuación distinta. Fusionar si procede.,warning
similar_description,NEI010,"Sellado estanco con pieza autoadhesiva, para un cable de 6 a 12 mm de diámetro, de geotextil no tejido de polipropileno y caucho sintético EPDM, de 14,5x14,5 cm, con adhesivo SOLID resistente al agua ","Levenshtein=4 contra código NEI010b: 'Sellado estanco con pieza autoadhesiva, para dos cables de 6 a 12 mm de diámetro, de geotextil no tejido de polipropilen'",Verificar si son la misma partida con typos / puntuación distinta. Fusionar si procede.,warning
similar_description,NEI020b,"Sellado estanco con pieza, para un tubo de de 30 a 50 mm de diámetro, de caucho sintético EPDM, de 14x14 cm, con cinta autoadhesiva, de geotextil especial reforzado con malla, con adhesivo SOLID resis","Levenshtein=2 contra código NEI020c: 'Sellado estanco con pieza, para un tubo de de 50 a 90 mm de diámetro, de caucho sintético EPDM, de 14x14 cm, con cinta a'",Verificar si son la misma partida con typos / puntuación distinta. Fusionar si procede.,warning
similar_description,NEI020d,"Sellado estanco con pieza, para un tubo de de 100 a 120 mm de diámetro, de caucho sintético EPDM, de 20x20 cm, con cinta autoadhesiva, de geotextil especial reforzado con malla, con adhesivo SOLID res","Levenshtein=4 contra código NEI020e: 'Sellado estanco con pieza, para un tubo de de 120 a 170 mm de diámetro, de caucho sintético EPDM, de 25x25 cm, con cinta'",Verificar si son la misma partida con typos / puntuación distinta. Fusionar si procede.,warning
similar_description,NEI020d,"Sellado estanco con pieza, para un tubo de de 100 a 120 mm de diámetro, de caucho sintético EPDM, de 20x20 cm, con cinta autoadhesiva, de geotextil especial reforzado con malla, con adhesivo SOLID res","Levenshtein=4 contra código NEI020f: 'Sellado estanco con pieza, para un tubo de de 170 a 220 mm de diámetro, de caucho sintético EPDM, de 30x30 cm, con cinta'",Verificar si son la misma partida con typos / puntuación distinta. Fusionar si procede.,warning
similar_description,NEI020d,"Sellado estanco con pieza, para un tubo de de 100 a 120 mm de diámetro, de caucho sintético EPDM, de 20x20 cm, con cinta autoadhesiva, de geotextil especial reforzado con malla, con adhesivo SOLID res","Levenshtein=5 contra código NEI020h: 'Sellado estanco con pieza, para un tubo de de 270 a 320 mm de diámetro, de caucho sintético EPDM, de 50x50 cm, con cinta'",Verificar si son la misma partida con typos / puntuación distinta. Fusionar si procede.,warning
similar_description,NEI020e,"Sellado estanco con pieza, para un tubo de de 120 a 170 mm de diámetro, de caucho sintético EPDM, de 25x25 cm, con cinta autoadhesiva, de geotextil especial reforzado con malla, con adhesivo SOLID res","Levenshtein=4 contra código NEI020g: 'Sellado estanco con pieza, para un tubo de de 220 a 270 mm de diámetro, de caucho sintético EPDM, de 45x45 cm, con cinta'",Verificar si son la misma partida con typos / puntuación distinta. Fusionar si procede.,warning
similar_description,NEI020f,"Sellado estanco con pieza, para un tubo de de 170 a 220 mm de diámetro, de caucho sintético EPDM, de 30x30 cm, con cinta autoadhesiva, de geotextil especial reforzado con malla, con adhesivo SOLID res","Levenshtein=4 contra código NEI020h: 'Sellado estanco con pieza, para un tubo de de 270 a 320 mm de diámetro, de caucho sintético EPDM, de 50x50 cm, con cinta'",Verificar si son la misma partida con typos / puntuación distinta. Fusionar si procede.,warning
similar_description,NEI030,"Sellado estanco de tubo para paso de instalaciones con tapón de elastómero termoplástico, de 16 mm de diámetro exterior y 11 mm de diámetro interior. Incluye: Perforación de la pieza. Colocación de la","Levenshtein=3 contra código NEI030b: 'Sellado estanco de tubo para paso de instalaciones con tapón de elastómero termoplástico, de 20 mm de diámetro exterior '",Verificar si son la misma partida con typos / puntuación distinta. Fusionar si procede.,warning
similar_description,NEI030,"Sellado estanco de tubo para paso de instalaciones con tapón de elastómero termoplástico, de 16 mm de diámetro exterior y 11 mm de diámetro interior. Incluye: Perforación de la pieza. Colocación de la","Levenshtein=4 contra código NEI030d: 'Sellado estanco de tubo para paso de instalaciones con tapón de elastómero termoplástico, de 32 mm de diámetro exterior '",Verificar si son la misma partida con typos / puntuación distinta. Fusionar si procede.,warning
similar_description,NEI030,"Sellado estanco de tubo para paso de instalaciones con tapón de elastómero termoplástico, de 16 mm de diámetro exterior y 11 mm de diámetro interior. Incluye: Perforación de la pieza. Colocación de la","Levenshtein=5 contra código NEI030c: 'Sellado estanco de tubo para paso de instalaciones con tapón de elastómero termoplástico, de 25 mm de diámetro exterior '",Verificar si son la misma partida con typos / puntuación distinta. Fusionar si procede.,warning
similar_description,NEI030,"Sellado estanco de tubo para paso de instalaciones con tapón de elastómero termoplástico, de 16 mm de diámetro exterior y 11 mm de diámetro interior. Incluye: Perforación de la pieza. Colocación de la","Levenshtein=5 contra código NEI030e: 'Sellado estanco de tubo para paso de instalaciones con tapón de elastómero termoplástico, de 40 mm de diámetro exterior '",Verificar si son la misma partida con typos / puntuación distinta. Fusionar si procede.,warning
similar_description,NEI030b,"Sellado estanco de tubo para paso de instalaciones con tapón de elastómero termoplástico, de 20 mm de diámetro exterior y 15 mm de diámetro interior. Incluye: Perforación de la pieza. Colocación de la","Levenshtein=3 contra código NEI030d: 'Sellado estanco de tubo para paso de instalaciones con tapón de elastómero termoplástico, de 32 mm de diámetro exterior '",Verificar si son la misma partida con typos / puntuación distinta. Fusionar si procede.,warning
similar_description,NEI030b,"Sellado estanco de tubo para paso de instalaciones con tapón de elastómero termoplástico, de 20 mm de diámetro exterior y 15 mm de diámetro interior. Incluye: Perforación de la pieza. Colocación de la","Levenshtein=3 contra código NEI030c: 'Sellado estanco de tubo para paso de instalaciones con tapón de elastómero termoplástico, de 25 mm de diámetro exterior '",Verificar si son la misma partida con typos / puntuación distinta. Fusionar si procede.,warning
similar_description,NEI030b,"Sellado estanco de tubo para paso de instalaciones con tapón de elastómero termoplástico, de 20 mm de diámetro exterior y 15 mm de diámetro interior. Incluye: Perforación de la pieza. Colocación de la","Levenshtein=3 contra código NEI030e: 'Sellado estanco de tubo para paso de instalaciones con tapón de elastómero termoplástico, de 40 mm de diámetro exterior '",Verificar si son la misma partida con typos / puntuación distinta. Fusionar si procede.,warning
similar_description,NEI030c,"Sellado estanco de tubo para paso de instalaciones con tapón de elastómero termoplástico, de 25 mm de diámetro exterior y 19,5 mm de diámetro interior. Incluye: Perforación de la pieza. Colocación de ","Levenshtein=4 contra código NEI030e: 'Sellado estanco de tubo para paso de instalaciones con tapón de elastómero termoplástico, de 40 mm de diámetro exterior '",Verificar si son la misma partida con typos / puntuación distinta. Fusionar si procede.,warning
similar_description,NEI030d,"Sellado estanco de tubo para paso de instalaciones con tapón de elastómero termoplástico, de 32 mm de diámetro exterior y 25 mm de diámetro interior. Incluye: Perforación de la pieza. Colocación de la","Levenshtein=5 contra código NEI030c: 'Sellado estanco de tubo para paso de instalaciones con tapón de elastómero termoplástico, de 25 mm de diámetro exterior '",Verificar si son la misma partida con typos / puntuación distinta. Fusionar si procede.,warning
similar_description,NEI030d,"Sellado estanco de tubo para paso de instalaciones con tapón de elastómero termoplástico, de 32 mm de diámetro exterior y 25 mm de diámetro interior. Incluye: Perforación de la pieza. Colocación de la","Levenshtein=5 contra código NEI030e: 'Sellado estanco de tubo para paso de instalaciones con tapón de elastómero termoplástico, de 40 mm de diámetro exterior '",Verificar si son la misma partida con typos / puntuación distinta. Fusionar si procede.,warning
similar_description,RAG018,Suministro y colocación de cantonera de PVC.,Levenshtein=5 contra código RAG018c: 'Suministro y colocación de cantonera de latón.',Verificar si son la misma partida con typos / puntuación distinta. Fusionar si procede.,warning
similar_description,RME030,"Formación de capa de esmalte al agua, color blanco, acabado brillante, sobre superficie de carpintería interior de madera, mediante aplicación de una mano de fondo con imprimación selladora, a base de","Levenshtein=2 contra código RME030b: 'Formación de capa de esmalte al agua, color blanco, acabado brillante, sobre superficie de carpintería exterior de mader'",Verificar si son la misma partida con typos / puntuación distinta. Fusionar si procede.,warning
similar_description,RSM020,"Suministro y colocación de entarimado tradicional formado por tablas machihembradas de madera maciza de roble, de 70x22 mm, colocadas a rompejuntas sobre rastreles de madera de pino de 50x25 mm, fijad","Levenshtein=5 contra código RSM020b: 'Suministro y colocación de entarimado tradicional formado por tablas machihembradas de madera maciza de jatoba, de 70x22'",Verificar si son la misma partida con typos / puntuación distinta. Fusionar si procede.,warning
similar_description,RSM050b,"Suministro y colocación de rodapié de aglomerado chapado de haya de 6x1,2 cm, clavado en paramento.","Levenshtein=5 contra código RSM050c: 'Suministro y colocación de rodapié de aglomerado chapado de roble de 6x1,2 cm, clavado en paramento.'",Verificar si son la misma partida con typos / puntuación distinta. Fusionar si procede.,warning
similar_description,RSM050b,"Suministro y colocación de rodapié de aglomerado chapado de haya de 6x1,2 cm, clavado en paramento.","Levenshtein=5 contra código RSM050d: 'Suministro y colocación de rodapié de aglomerado chapado de castaño de 6x1,2 cm, clavado en paramento.'",Verificar si son la misma partida con typos / puntuación distinta. Fusionar si procede.,warning
similar_description,RSM050e,"Suministro y colocación de rodapié de aglomerado chapado de cerezo de 6x1,2 cm, clavado en paramento.","Levenshtein=5 contra código RSM050d: 'Suministro y colocación de rodapié de aglomerado chapado de castaño de 6x1,2 cm, clavado en paramento.'",Verificar si son la misma partida con typos / puntuación distinta. Fusionar si procede.,warning
similar_description,RSP010b,"Suministro y colocación de pavimento de baldosas de arenisca Caliza Capri, de 60x40x2 cm, acabado apomazado; recibidas con adhesivo cementoso mejorado, C2 TE, con deslizamiento reducido y tiempo abier","Levenshtein=5 contra código RSP010: 'Suministro y colocación de pavimento de baldosas de arenisca Caliza Capri, de 60x40x2 cm, acabado abujardado; recibidas '",Verificar si son la misma partida con typos / puntuación distinta. Fusionar si procede.,warning
similar_description,RSP010c,"Suministro y colocación de pavimento de baldosas de arenisca Caliza Capri, de 60x40x2 cm, acabado arenado; recibidas con adhesivo cementoso mejorado, C2 TE, con deslizamiento reducido y tiempo abierto","Levenshtein=5 contra código RSP010b: 'Suministro y colocación de pavimento de baldosas de arenisca Caliza Capri, de 60x40x2 cm, acabado apomazado; recibidas c'",Verificar si son la misma partida con typos / puntuación distinta. Fusionar si procede.,warning
similar_description,RTC021,"Suministro y montaje de trampilla de registro de acero, de 300x300 mm, formada por marco, puerta, cierre y brazo de seguridad, para falso techo continuo de placas de yeso laminado. Incluso accesorios ","Levenshtein=2 contra código RTC021b: 'Suministro y montaje de trampilla de registro de acero, de 600x600 mm, formada por marco, puerta, cierre y brazo de segu'",Verificar si son la misma partida con typos / puntuación distinta. Fusionar si procede.,warning
similar_description,RVE010,"Suministro y colocación de espejo de luna incolora de 3 mm de espesor, con pintura de protección, color plata, por su cara posterior, fijado con masilla al paramento. Incluso canteado perimetral, y ma","Levenshtein=4 contra código RVE010g: 'Suministro y colocación de espejo de luna de color de 3 mm de espesor, con pintura de protección, color plata, por su ca'",Verificar si son la misma partida con typos / puntuación distinta. Fusionar si procede.,warning
similar_description,RVE010c,"Suministro y colocación de espejo de luna incolora de 3 mm de espesor, con pintura de protección, color plata, por su cara posterior, fijado con masilla al paramento. Incluso canteado perimetral, bise","Levenshtein=1 contra código RVE010d: 'Suministro y colocación de espejo de luna incolora de 5 mm de espesor, con pintura de protección, color plata, por su ca'",Verificar si son la misma partida con typos / puntuación distinta. Fusionar si procede.,warning
similar_description,RVE010c,"Suministro y colocación de espejo de luna incolora de 3 mm de espesor, con pintura de protección, color plata, por su cara posterior, fijado con masilla al paramento. Incluso canteado perimetral, bise","Levenshtein=5 contra código RVE010i: 'Suministro y colocación de espejo de luna de color de 5 mm de espesor, con pintura de protección, color plata, por su ca'",Verificar si son la misma partida con typos / puntuación distinta. Fusionar si procede.,warning
similar_description,RVE010d,"Suministro y colocación de espejo de luna incolora de 5 mm de espesor, con pintura de protección, color plata, por su cara posterior, fijado con masilla al paramento. Incluso canteado perimetral, bise","Levenshtein=4 contra código RVE010i: 'Suministro y colocación de espejo de luna de color de 5 mm de espesor, con pintura de protección, color plata, por su ca'",Verificar si son la misma partida con typos / puntuación distinta. Fusionar si procede.,warning
similar_description,SAC020,"Suministro e instalación de lavabo de porcelana sanitaria con pedestal,color blanco, de 520x410 mm, con grifería monomando, acabado cromado, con aireador y desagüe, acabado con sifón botella. Incluso ","Levenshtein=3 contra código SAC020c: 'Suministro e instalación de lavabo de porcelana sanitaria con pedestal, color blanco, de 650x510 mm, con grifería monoma'",Verificar si son la misma partida con typos / puntuación distinta. Fusionar si procede.,warning
similar_description,SAC020j,"Suministro e instalación de bañera de acero color blanco, de 140x70 cm, sin asas, con grifería monomando, acabado cromado. Incluso conexión a las redes de agua fría y caliente y a la red de evacuación","Levenshtein=1 contra código SAC020k: 'Suministro e instalación de bañera de acero color blanco, de 150x70 cm, sin asas, con grifería monomando, acabado cromad'",Verificar si son la misma partida con typos / puntuación distinta. Fusionar si procede.,warning
similar_description,SAC020j,"Suministro e instalación de bañera de acero color blanco, de 140x70 cm, sin asas, con grifería monomando, acabado cromado. Incluso conexión a las redes de agua fría y caliente y a la red de evacuación","Levenshtein=1 contra código SAC020l: 'Suministro e instalación de bañera de acero color blanco, de 160x70 cm, sin asas, con grifería monomando, acabado cromad'",Verificar si son la misma partida con typos / puntuación distinta. Fusionar si procede.,warning
similar_description,SAC020k,"Suministro e instalación de bañera de acero color blanco, de 150x70 cm, sin asas, con grifería monomando, acabado cromado. Incluso conexión a las redes de agua fría y caliente y a la red de evacuación","Levenshtein=1 contra código SAC020l: 'Suministro e instalación de bañera de acero color blanco, de 160x70 cm, sin asas, con grifería monomando, acabado cromad'",Verificar si son la misma partida con typos / puntuación distinta. Fusionar si procede.,warning
similar_description,SAC020m,"Suministro e instalación de bañera de hierro fundido color blanco, de 140x70 cm, sin asas, con grifería monomando, acabado cromado. Incluso conexión a las redes de agua fría y caliente y a la red de e","Levenshtein=1 contra código SAC020n: 'Suministro e instalación de bañera de hierro fundido color blanco, de 150x70 cm, sin asas, con grifería monomando, acaba'",Verificar si son la misma partida con typos / puntuación distinta. Fusionar si procede.,warning
similar_description,SAC020m,"Suministro e instalación de bañera de hierro fundido color blanco, de 140x70 cm, sin asas, con grifería monomando, acabado cromado. Incluso conexión a las redes de agua fría y caliente y a la red de e","Levenshtein=1 contra código SAC020o: 'Suministro e instalación de bañera de hierro fundido color blanco, de 160x70 cm, sin asas, con grifería monomando, acaba'",Verificar si son la misma partida con typos / puntuación distinta. Fusionar si procede.,warning
similar_description,SAC020n,"Suministro e instalación de bañera de hierro fundido color blanco, de 150x70 cm, sin asas, con grifería monomando, acabado cromado. Incluso conexión a las redes de agua fría y caliente y a la red de e","Levenshtein=1 contra código SAC020o: 'Suministro e instalación de bañera de hierro fundido color blanco, de 160x70 cm, sin asas, con grifería monomando, acaba'",Verificar si son la misma partida con typos / puntuación distinta. Fusionar si procede.,warning
similar_description,SAC020q,"Suministro e instalación de plato de ducha de porcelana sanitaria color blanco, 80x80x10 cm, con grifería monomando, acabado cromado. Incluso conexión a las redes de agua fría y caliente y a la red de","Levenshtein=2 contra código SAC020r: 'Suministro e instalación de plato de ducha de porcelana sanitaria color blanco, 90x90x10 cm, con grifería monomando, aca'",Verificar si son la misma partida con typos / puntuación distinta. Fusionar si procede.,warning
similar_description,SCF010,"Suministro e instalación de fregadero de acero inoxidable para instalación en encimera, de 1 cubeta, de 450x490 mm, con válvula de desagüe, equipado con grifo mezclador monomando mural para fregadero,","Levenshtein=5 contra código SCF010c: 'Suministro e instalación de fregadero de acero inoxidable para instalación en encimera, de 2 cubetas, de 800x490 mm, con'",Verificar si son la misma partida con typos / puntuación distinta. Fusionar si procede.,warning
similar_description,SCF010b,"Suministro e instalación de fregadero de acero inoxidable para instalación en encimera, de 1 cubeta y 1 escurridor, de 800x490 mm, con válvula de desagüe, equipado con grifo mezclador monomando mural ","Levenshtein=5 contra código SCF010d: 'Suministro e instalación de fregadero de acero inoxidable para instalación en encimera, de 2 cubetas y 1 escurridor, de '",Verificar si son la misma partida con typos / puntuación distinta. Fusionar si procede.,warning
similar_description,SGD020,"Suministro y colocación de grifería monomando formada por grifo mezclador monomando mural para ducha, de latón, acabado cromado, con cartucho cerámico, aireador, inversor, equipo de ducha formado por ","Levenshtein=5 contra código SGB020: 'Suministro y colocación de grifería monomando formada por grifo mezclador monomando mural para baño/ducha, de latón, aca'",Verificar si son la misma partida con typos / puntuación distinta. Fusionar si procede.,warning
similar_description,UAA010g,"Formación de arqueta de paso, registrable, enterrada, construida con fábrica de ladrillo cerámico hueco, de 1/2 pie de espesor, recibido con mortero de cemento M-5, de dimensiones interiores 50x50x50 ","Levenshtein=2 contra código UAA010h: 'Formación de arqueta de paso, registrable, enterrada, construida con fábrica de ladrillo cerámico hueco, de 1/2 pie de e'",Verificar si son la misma partida con typos / puntuación distinta. Fusionar si procede.,warning
similar_description,UAA010g,"Formación de arqueta de paso, registrable, enterrada, construida con fábrica de ladrillo cerámico hueco, de 1/2 pie de espesor, recibido con mortero de cemento M-5, de dimensiones interiores 50x50x50 ","Levenshtein=2 contra código UAA010i: 'Formación de arqueta de paso, registrable, enterrada, construida con fábrica de ladrillo cerámico hueco, de 1/2 pie de e'",Verificar si son la misma partida con typos / puntuación distinta. Fusionar si procede.,warning
similar_description,UAA010h,"Formación de arqueta de paso, registrable, enterrada, construida con fábrica de ladrillo cerámico hueco, de 1/2 pie de espesor, recibido con mortero de cemento M-5, de dimensiones interiores 60x60x50 ","Levenshtein=2 contra código UAA010i: 'Formación de arqueta de paso, registrable, enterrada, construida con fábrica de ladrillo cerámico hueco, de 1/2 pie de e'",Verificar si son la misma partida con typos / puntuación distinta. Fusionar si procede.,warning
similar_description,UAA010j,"Formación de arqueta de paso, registrable, enterrada, construida con fábrica de ladrillo cerámico hueco, de 1/2 pie de espesor, recibido con mortero de cemento M-5, de dimensiones interiores 60x60x80 ","Levenshtein=3 contra código UAA010l: 'Formación de arqueta de paso, registrable, enterrada, construida con fábrica de ladrillo cerámico hueco, de 1/2 pie de e'",Verificar si son la misma partida con typos / puntuación distinta. Fusionar si procede.,warning
similar_description,UAC010,"Suministro y montaje de colector enterrado en terreno no agresivo, con refuerzo bajo calzada, formado por tubo de PVC liso, serie SN-4, rigidez anular nominal 4 kN/m², de 110 mm de diámetro exterior y","Levenshtein=2 contra código UAC010d: 'Suministro y montaje de colector enterrado en terreno no agresivo, con refuerzo bajo calzada, formado por tubo de PVC li'",Verificar si son la misma partida con typos / puntuación distinta. Fusionar si procede.,warning
similar_description,UAC010,"Suministro y montaje de colector enterrado en terreno no agresivo, con refuerzo bajo calzada, formado por tubo de PVC liso, serie SN-4, rigidez anular nominal 4 kN/m², de 110 mm de diámetro exterior y","Levenshtein=1 contra código UAC010f: 'Suministro y montaje de colector enterrado en terreno no agresivo, con refuerzo bajo calzada, formado por tubo de PVC li'",Verificar si son la misma partida con typos / puntuación distinta. Fusionar si procede.,warning
similar_description,UAC010,"Suministro y montaje de colector enterrado en terreno no agresivo, con refuerzo bajo calzada, formado por tubo de PVC liso, serie SN-4, rigidez anular nominal 4 kN/m², de 110 mm de diámetro exterior y","Levenshtein=2 contra código UAC010j: 'Suministro y montaje de colector enterrado en terreno no agresivo, con refuerzo bajo calzada, formado por tubo de PVC li'",Verificar si son la misma partida con typos / puntuación distinta. Fusionar si procede.,warning
similar_description,UAC010d,"Suministro y montaje de colector enterrado en terreno no agresivo, con refuerzo bajo calzada, formado por tubo de PVC liso, serie SN-4, rigidez anular nominal 4 kN/m², de 125 mm de diámetro exterior y","Levenshtein=2 contra código UAC010f: 'Suministro y montaje de colector enterrado en terreno no agresivo, con refuerzo bajo calzada, formado por tubo de PVC li'",Verificar si son la misma partida con typos / puntuación distinta. Fusionar si procede.,warning
similar_description,UAC010d,"Suministro y montaje de colector enterrado en terreno no agresivo, con refuerzo bajo calzada, formado por tubo de PVC liso, serie SN-4, rigidez anular nominal 4 kN/m², de 125 mm de diámetro exterior y","Levenshtein=3 contra código UAC010j: 'Suministro y montaje de colector enterrado en terreno no agresivo, con refuerzo bajo calzada, formado por tubo de PVC li'",Verificar si son la misma partida con typos / puntuación distinta. Fusionar si procede.,warning
similar_description,UAC010f,"Suministro y montaje de colector enterrado en terreno no agresivo, con refuerzo bajo calzada, formado por tubo de PVC liso, serie SN-4, rigidez anular nominal 4 kN/m², de 160 mm de diámetro exterior y","Levenshtein=2 contra código UAC010j: 'Suministro y montaje de colector enterrado en terreno no agresivo, con refuerzo bajo calzada, formado por tubo de PVC li'",Verificar si son la misma partida con typos / puntuación distinta. Fusionar si procede.,warning
similar_description,UAI020,"Suministro y montaje de imbornal prefabricado de hormigón fck=25 MPa, de 50x30x60 cm de medidas interiores, para recogida de aguas pluviales, colocado sobre solera de hormigón en masa HM-20/P/20/I de ","Levenshtein=3 contra código UAI020b: 'Suministro y montaje de imbornal prefabricado de hormigón fck=25 MPa, de 60x30x75 cm de medidas interiores, para recogid'",Verificar si son la misma partida con typos / puntuación distinta. Fusionar si procede.,warning
similar_description,UAP010,"Formación de pozo de registro de fábrica de ladrillo cerámico hueco de 1 pie de espesor, de 1,00 m de diámetro interior y de 1,6 m de altura útil interior, formado por: solera de 25 cm de espesor de h","Levenshtein=2 contra código UAP010c: 'Formación de pozo de registro de fábrica de ladrillo cerámico hueco de 1 pie de espesor, de 0,80 m de diámetro interior '",Verificar si son la misma partida con typos / puntuación distinta. Fusionar si procede.,warning
similar_description,UJP010bb,"Suministro, apertura de hoyo de 110x110x70 cm por medios mecánicos y plantación de Olivo (Olea europaea), de 60 a 80 cm de diámetro, suministrado con cepellón. Incluso aportación de tierra vegetal sel","Levenshtein=5 contra código UJP010bc: 'Suministro, apertura de hoyo de 120x120x70 cm por medios mecánicos y plantación de Olivo (Olea europaea), de 80 a 100 cm'",Verificar si son la misma partida con typos / puntuación distinta. Fusionar si procede.,warning
similar_description,UNM020,"Muro de contención de tierras de superficie plana, sin talón, de hormigón armado, de hasta 3 m de altura, realizado con hormigón HA-25/B/20/XC2 fabricado en central, y vertido con cubilote, y acero UN","Levenshtein=2 contra código UNM020b: 'Muro de contención de tierras de superficie plana, sin talón, de hormigón armado, de hasta 3 m de altura, realizado con '",Verificar si son la misma partida con typos / puntuación distinta. Fusionar si procede.,warning
similar_description,UPD020b,"Suministro e instalación de electrobomba autoaspirante de polipropileno reforzado con fibra de vidrio, con una potencia de 0,61 kW, 3000 r.p.m., cierre mecánico de acero inoxidable AISI 316, motor así","Levenshtein=3 contra código UPD020c: 'Suministro e instalación de electrobomba autoaspirante de polipropileno reforzado con fibra de vidrio, con una potencia '",Verificar si son la misma partida con typos / puntuación distinta. Fusionar si procede.,warning
similar_description,UPD030b,"Suministro e instalación de filtro de fibra de vidrio reforzada con resina de poliéster, de 600 mm de diámetro, con dos salidas de 2"", caudal de 15 m³/h y presión máxima de trabajo de 2,5 bar. Incluso","Levenshtein=4 contra código UPD030c: 'Suministro e instalación de filtro de fibra de vidrio reforzada con resina de poliéster, de 750 mm de diámetro, con dos '",Verificar si son la misma partida con typos / puntuación distinta. Fusionar si procede.,warning
similar_description,UPG010A,"Suministro de hormigón HA-30/F/12/XD2, proyectado por vía húmeda para formación de vaso de piscina, de 15 cm de espesor, con doble malla electrosoldada ME 20x20 Ø 5-5 B 500 T 6x2,20 UNE-EN 10080, y ar","Levenshtein=2 contra código UPG010bA: 'Suministro de hormigón HA-30/F/12/XD2, proyectado por vía húmeda para formación de vaso de piscina, de 20 cm de espesor,'",Verificar si son la misma partida con typos / puntuación distinta. Fusionar si procede.,warning
similar_description,USE020,"Suministro e instalación de estación depuradora de aguas grises domésticas de baja contaminación, con capacidad para 12 usuarios (H.E.), compuesta de filtro de polietileno para gruesos, dos bombas de ","Levenshtein=3 contra código USE020b: 'Suministro e instalación de estación depuradora de aguas grises domésticas de baja contaminación, con capacidad para 6 u'",Verificar si son la misma partida con typos / puntuación distinta. Fusionar si procede.,warning
similar_description,UVT010,"Formación de vallado mediante malla de simple torsión, de 12 mm de paso de malla y 1,1 mm de diámetro, acabado galvanizado y postes de acero galvanizado de 48 mm de diámetro y 1 m de altura. Incluso p","Levenshtein=1 contra código UVT010c: 'Formación de vallado mediante malla de simple torsión, de 12 mm de paso de malla y 1,1 mm de diámetro, acabado galvaniza'",Verificar si son la misma partida con typos / puntuación distinta. Fusionar si procede.,warning
similar_description,UVT010,"Formación de vallado mediante malla de simple torsión, de 12 mm de paso de malla y 1,1 mm de diámetro, acabado galvanizado y postes de acero galvanizado de 48 mm de diámetro y 1 m de altura. Incluso p","Levenshtein=2 contra código UVT010b: 'Formación de vallado mediante malla de simple torsión, de 12 mm de paso de malla y 1,1 mm de diámetro, acabado galvaniza'",Verificar si son la misma partida con typos / puntuación distinta. Fusionar si procede.,warning
similar_description,UVT010c,"Formación de vallado mediante malla de simple torsión, de 12 mm de paso de malla y 1,1 mm de diámetro, acabado galvanizado y postes de acero galvanizado de 48 mm de diámetro y 2 m de altura. Incluso p","Levenshtein=3 contra código UVT010b: 'Formación de vallado mediante malla de simple torsión, de 12 mm de paso de malla y 1,1 mm de diámetro, acabado galvaniza'",Verificar si son la misma partida con typos / puntuación distinta. Fusionar si procede.,warning
similar_description,UVT010d,"Formación de vallado mediante malla de simple torsión, de 40 mm de paso de malla y 2/3 mm de diámetro, acabado galvanizado y plastificado en color verde RAL 6015 y postes de acero pintado de 48 mm de ","Levenshtein=1 contra código UVT010e: 'Formación de vallado mediante malla de simple torsión, de 40 mm de paso de malla y 2/3 mm de diámetro, acabado galvaniza'",Verificar si son la misma partida con typos / puntuación distinta. Fusionar si procede.,warning
similar_description,UXC010b,"Pavimento continuo de hormigón impreso, con juntas, de 10 cm de espesor, realizado con hormigón HA-25/B/20/XC2 fabricado en central, y vertido desde camión, extendido y vibrado manual, y malla electro","Levenshtein=1 contra código UXC010c: 'Pavimento continuo de hormigón impreso, con juntas, de 15 cm de espesor, realizado con hormigón HA-25/B/20/XC2 fabricado'",Verificar si son la misma partida con typos / puntuación distinta. Fusionar si procede.,warning
similar_description,XBH010g,"Ensayos a realizar en laboratorio inscrito en el registro del CTE, sobre una muestra de baldosa, tomada en obra, para la determinación de las siguientes características: resistencia al deslizamiento e","Levenshtein=5 contra código XBH010f: 'Ensayos a realizar en laboratorio inscrito en el registro del CTE, sobre una muestra de baldosa, tomada en obra, para la'",Verificar si son la misma partida con typos / puntuación distinta. Fusionar si procede.,warning
similar_description,XEI090,"Ensayo a realizar en laboratorio inscrito en el registro del CTE, para determinar la resistencia a compresión de un hormigón endurecido, mediante la extracción de probeta testigo de 75 mm de diámetro ","Levenshtein=5 contra código XEI090b: 'Ensayo a realizar en laboratorio inscrito en el registro del CTE, para determinar la resistencia a compresión de un horm'",Verificar si son la misma partida con typos / puntuación distinta. Fusionar si procede.,warning
similar_description,XFB010a,"Ensayo Blower Door, para medir el volumen de infiltraciones de aire, en vivienda unifamiliar de entre 100 y 150 m² de superficie útil, durante la ejecución de la obra, una vez cerrada la envolvente, m","Levenshtein=3 contra código XFB010b: 'Ensayo Blower Door, para medir el volumen de infiltraciones de aire, en vivienda unifamiliar de entre 150 y 200 m² de su'",Verificar si son la misma partida con typos / puntuación distinta. Fusionar si procede.,warning
similar_description,XFB010a,"Ensayo Blower Door, para medir el volumen de infiltraciones de aire, en vivienda unifamiliar de entre 100 y 150 m² de superficie útil, durante la ejecución de la obra, una vez cerrada la envolvente, m","Levenshtein=2 contra código XFB010c: 'Ensayo Blower Door, para medir el volumen de infiltraciones de aire, en vivienda unifamiliar de entre 200 y 250 m² de su'",Verificar si son la misma partida con typos / puntuación distinta. Fusionar si procede.,warning
similar_description,XFB010b,"Ensayo Blower Door, para medir el volumen de infiltraciones de aire, en vivienda unifamiliar de entre 150 y 200 m² de superficie útil, durante la ejecución de la obra, una vez cerrada la envolvente, m","Levenshtein=3 contra código XFB010c: 'Ensayo Blower Door, para medir el volumen de infiltraciones de aire, en vivienda unifamiliar de entre 200 y 250 m² de su'",Verificar si son la misma partida con typos / puntuación distinta. Fusionar si procede.,warning
similar_description,XFB010f,"Ensayo Blower Door, para medir el volumen de infiltraciones de aire, en vivienda de edificio plurifamiliar de entre 100 y 150 m² de superficie útil, durante la ejecución de la obra, una vez cerrada la","Levenshtein=3 contra código XFB010g: 'Ensayo Blower Door, para medir el volumen de infiltraciones de aire, en vivienda de edificio plurifamiliar de entre 150 '",Verificar si son la misma partida con typos / puntuación distinta. Fusionar si procede.,warning
similar_description,XFB010f,"Ensayo Blower Door, para medir el volumen de infiltraciones de aire, en vivienda de edificio plurifamiliar de entre 100 y 150 m² de superficie útil, durante la ejecución de la obra, una vez cerrada la","Levenshtein=2 contra código XFB010h: 'Ensayo Blower Door, para medir el volumen de infiltraciones de aire, en vivienda de edificio plurifamiliar de entre 200 '",Verificar si son la misma partida con typos / puntuación distinta. Fusionar si procede.,warning
similar_description,XFB010g,"Ensayo Blower Door, para medir el volumen de infiltraciones de aire, en vivienda de edificio plurifamiliar de entre 150 y 200 m² de superficie útil, durante la ejecución de la obra, una vez cerrada la","Levenshtein=3 contra código XFB010h: 'Ensayo Blower Door, para medir el volumen de infiltraciones de aire, en vivienda de edificio plurifamiliar de entre 200 '",Verificar si son la misma partida con typos / puntuación distinta. Fusionar si procede.,warning
similar_description,XFB010k,"Ensayo Blower Door, para medir el volumen de infiltraciones de aire, en vivienda unifamiliar de entre 100 y 150 m² de superficie útil, una vez finalizada la obra, método A según UNE-EN 13829. Incluso ","Levenshtein=3 contra código XFB010l: 'Ensayo Blower Door, para medir el volumen de infiltraciones de aire, en vivienda unifamiliar de entre 150 y 200 m² de su'",Verificar si son la misma partida con typos / puntuación distinta. Fusionar si procede.,warning
similar_description,XFB010k,"Ensayo Blower Door, para medir el volumen de infiltraciones de aire, en vivienda unifamiliar de entre 100 y 150 m² de superficie útil, una vez finalizada la obra, método A según UNE-EN 13829. Incluso ","Levenshtein=2 contra código XFB010m: 'Ensayo Blower Door, para medir el volumen de infiltraciones de aire, en vivienda unifamiliar de entre 200 y 250 m² de su'",Verificar si son la misma partida con typos / puntuación distinta. Fusionar si procede.,warning
similar_description,XFB010l,"Ensayo Blower Door, para medir el volumen de infiltraciones de aire, en vivienda unifamiliar de entre 150 y 200 m² de superficie útil, una vez finalizada la obra, método A según UNE-EN 13829. Incluso ","Levenshtein=3 contra código XFB010m: 'Ensayo Blower Door, para medir el volumen de infiltraciones de aire, en vivienda unifamiliar de entre 200 y 250 m² de su'",Verificar si son la misma partida con typos / puntuación distinta. Fusionar si procede.,warning
similar_description,XFB010p,"Ensayo Blower Door, para medir el volumen de infiltraciones de aire, en vivienda de edificio plurifamiliar de entre 100 y 150 m² de superficie útil, una vez finalizada la obra, método A según UNE-EN 1","Levenshtein=3 contra código XFB010q: 'Ensayo Blower Door, para medir el volumen de infiltraciones de aire, en vivienda de edificio plurifamiliar de entre 150 '",Verificar si son la misma partida con typos / puntuación distinta. Fusionar si procede.,warning
similar_description,XFB010p,"Ensayo Blower Door, para medir el volumen de infiltraciones de aire, en vivienda de edificio plurifamiliar de entre 100 y 150 m² de superficie útil, una vez finalizada la obra, método A según UNE-EN 1","Levenshtein=2 contra código XFB010r: 'Ensayo Blower Door, para medir el volumen de infiltraciones de aire, en vivienda de edificio plurifamiliar de entre 200 '",Verificar si son la misma partida con typos / puntuación distinta. Fusionar si procede.,warning
similar_description,XFB010q,"Ensayo Blower Door, para medir el volumen de infiltraciones de aire, en vivienda de edificio plurifamiliar de entre 150 y 200 m² de superficie útil, una vez finalizada la obra, método A según UNE-EN 1","Levenshtein=3 contra código XFB010r: 'Ensayo Blower Door, para medir el volumen de infiltraciones de aire, en vivienda de edificio plurifamiliar de entre 200 '",Verificar si son la misma partida con typos / puntuación distinta. Fusionar si procede.,warning
similar_description,XSC010,Informe geotécnico en base a sondeos SPT y/o DPSH y ensayos de laboratorio para terreno tipo T1 y estructura tipo C0 según CTE-DB-SE-C.,Levenshtein=1 contra código XSC010b: 'Informe geotécnico en base a sondeos SPT y/o DPSH y ensayos de laboratorio para terreno tipo T2 y estructura tipo C0 seg',Verificar si son la misma partida con typos / puntuación distinta. Fusionar si procede.,warning
similar_description,XSC010,Informe geotécnico en base a sondeos SPT y/o DPSH y ensayos de laboratorio para terreno tipo T1 y estructura tipo C0 según CTE-DB-SE-C.,Levenshtein=1 contra código XSC010c: 'Informe geotécnico en base a sondeos SPT y/o DPSH y ensayos de laboratorio para terreno tipo T3 y estructura tipo C0 seg',Verificar si son la misma partida con typos / puntuación distinta. Fusionar si procede.,warning
similar_description,XSC010,Informe geotécnico en base a sondeos SPT y/o DPSH y ensayos de laboratorio para terreno tipo T1 y estructura tipo C0 según CTE-DB-SE-C.,Levenshtein=1 contra código XSC010d: 'Informe geotécnico en base a sondeos SPT y/o DPSH y ensayos de laboratorio para terreno tipo T1 y estructura tipo C1 seg',Verificar si son la misma partida con typos / puntuación distinta. Fusionar si procede.,warning
similar_description,XSC010,Informe geotécnico en base a sondeos SPT y/o DPSH y ensayos de laboratorio para terreno tipo T1 y estructura tipo C0 según CTE-DB-SE-C.,Levenshtein=2 contra código XSC010e: 'Informe geotécnico en base a sondeos SPT y/o DPSH y ensayos de laboratorio para terreno tipo T2 y estructura tipo C1 seg',Verificar si son la misma partida con typos / puntuación distinta. Fusionar si procede.,warning
similar_description,XSC010,Informe geotécnico en base a sondeos SPT y/o DPSH y ensayos de laboratorio para terreno tipo T1 y estructura tipo C0 según CTE-DB-SE-C.,Levenshtein=2 contra código XSC010f: 'Informe geotécnico en base a sondeos SPT y/o DPSH y ensayos de laboratorio para terreno tipo T3 y estructura tipo C1 seg',Verificar si son la misma partida con typos / puntuación distinta. Fusionar si procede.,warning
similar_description,XSC010,Informe geotécnico en base a sondeos SPT y/o DPSH y ensayos de laboratorio para terreno tipo T1 y estructura tipo C0 según CTE-DB-SE-C.,Levenshtein=1 contra código XSC010g: 'Informe geotécnico en base a sondeos SPT y/o DPSH y ensayos de laboratorio para terreno tipo T1 y estructura tipo C2 seg',Verificar si son la misma partida con typos / puntuación distinta. Fusionar si procede.,warning
similar_description,XSC010,Informe geotécnico en base a sondeos SPT y/o DPSH y ensayos de laboratorio para terreno tipo T1 y estructura tipo C0 según CTE-DB-SE-C.,Levenshtein=2 contra código XSC010h: 'Informe geotécnico en base a sondeos SPT y/o DPSH y ensayos de laboratorio para terreno tipo T2 y estructura tipo C2 seg',Verificar si son la misma partida con typos / puntuación distinta. Fusionar si procede.,warning
similar_description,XSC010,Informe geotécnico en base a sondeos SPT y/o DPSH y ensayos de laboratorio para terreno tipo T1 y estructura tipo C0 según CTE-DB-SE-C.,Levenshtein=2 contra código XSC010i: 'Informe geotécnico en base a sondeos SPT y/o DPSH y ensayos de laboratorio para terreno tipo T3 y estructura tipo C2 seg',Verificar si son la misma partida con typos / puntuación distinta. Fusionar si procede.,warning
similar_description,XSC010b,Informe geotécnico en base a sondeos SPT y/o DPSH y ensayos de laboratorio para terreno tipo T2 y estructura tipo C0 según CTE-DB-SE-C.,Levenshtein=1 contra código XSC010c: 'Informe geotécnico en base a sondeos SPT y/o DPSH y ensayos de laboratorio para terreno tipo T3 y estructura tipo C0 seg',Verificar si son la misma partida con typos / puntuación distinta. Fusionar si procede.,warning
similar_description,XSC010b,Informe geotécnico en base a sondeos SPT y/o DPSH y ensayos de laboratorio para terreno tipo T2 y estructura tipo C0 según CTE-DB-SE-C.,Levenshtein=2 contra código XSC010d: 'Informe geotécnico en base a sondeos SPT y/o DPSH y ensayos de laboratorio para terreno tipo T1 y estructura tipo C1 seg',Verificar si son la misma partida con typos / puntuación distinta. Fusionar si procede.,warning
similar_description,XSC010b,Informe geotécnico en base a sondeos SPT y/o DPSH y ensayos de laboratorio para terreno tipo T2 y estructura tipo C0 según CTE-DB-SE-C.,Levenshtein=1 contra código XSC010e: 'Informe geotécnico en base a sondeos SPT y/o DPSH y ensayos de laboratorio para terreno tipo T2 y estructura tipo C1 seg',Verificar si son la misma partida con typos / puntuación distinta. Fusionar si procede.,warning
similar_description,XSC010b,Informe geotécnico en base a sondeos SPT y/o DPSH y ensayos de laboratorio para terreno tipo T2 y estructura tipo C0 según CTE-DB-SE-C.,Levenshtein=2 contra código XSC010f: 'Informe geotécnico en base a sondeos SPT y/o DPSH y ensayos de laboratorio para terreno tipo T3 y estructura tipo C1 seg',Verificar si son la misma partida con typos / puntuación distinta. Fusionar si procede.,warning
similar_description,XSC010b,Informe geotécnico en base a sondeos SPT y/o DPSH y ensayos de laboratorio para terreno tipo T2 y estructura tipo C0 según CTE-DB-SE-C.,Levenshtein=2 contra código XSC010g: 'Informe geotécnico en base a sondeos SPT y/o DPSH y ensayos de laboratorio para terreno tipo T1 y estructura tipo C2 seg',Verificar si son la misma partida con typos / puntuación distinta. Fusionar si procede.,warning
similar_description,XSC010b,Informe geotécnico en base a sondeos SPT y/o DPSH y ensayos de laboratorio para terreno tipo T2 y estructura tipo C0 según CTE-DB-SE-C.,Levenshtein=1 contra código XSC010h: 'Informe geotécnico en base a sondeos SPT y/o DPSH y ensayos de laboratorio para terreno tipo T2 y estructura tipo C2 seg',Verificar si son la misma partida con typos / puntuación distinta. Fusionar si procede.,warning
similar_description,XSC010b,Informe geotécnico en base a sondeos SPT y/o DPSH y ensayos de laboratorio para terreno tipo T2 y estructura tipo C0 según CTE-DB-SE-C.,Levenshtein=2 contra código XSC010i: 'Informe geotécnico en base a sondeos SPT y/o DPSH y ensayos de laboratorio para terreno tipo T3 y estructura tipo C2 seg',Verificar si son la misma partida con typos / puntuación distinta. Fusionar si procede.,warning
similar_description,XSC010c,Informe geotécnico en base a sondeos SPT y/o DPSH y ensayos de laboratorio para terreno tipo T3 y estructura tipo C0 según CTE-DB-SE-C.,Levenshtein=2 contra código XSC010d: 'Informe geotécnico en base a sondeos SPT y/o DPSH y ensayos de laboratorio para terreno tipo T1 y estructura tipo C1 seg',Verificar si son la misma partida con typos / puntuación distinta. Fusionar si procede.,warning
similar_description,XSC010c,Informe geotécnico en base a sondeos SPT y/o DPSH y ensayos de laboratorio para terreno tipo T3 y estructura tipo C0 según CTE-DB-SE-C.,Levenshtein=2 contra código XSC010e: 'Informe geotécnico en base a sondeos SPT y/o DPSH y ensayos de laboratorio para terreno tipo T2 y estructura tipo C1 seg',Verificar si son la misma partida con typos / puntuación distinta. Fusionar si procede.,warning
similar_description,XSC010c,Informe geotécnico en base a sondeos SPT y/o DPSH y ensayos de laboratorio para terreno tipo T3 y estructura tipo C0 según CTE-DB-SE-C.,Levenshtein=1 contra código XSC010f: 'Informe geotécnico en base a sondeos SPT y/o DPSH y ensayos de laboratorio para terreno tipo T3 y estructura tipo C1 seg',Verificar si son la misma partida con typos / puntuación distinta. Fusionar si procede.,warning
similar_description,XSC010c,Informe geotécnico en base a sondeos SPT y/o DPSH y ensayos de laboratorio para terreno tipo T3 y estructura tipo C0 según CTE-DB-SE-C.,Levenshtein=2 contra código XSC010g: 'Informe geotécnico en base a sondeos SPT y/o DPSH y ensayos de laboratorio para terreno tipo T1 y estructura tipo C2 seg',Verificar si son la misma partida con typos / puntuación distinta. Fusionar si procede.,warning
similar_description,XSC010c,Informe geotécnico en base a sondeos SPT y/o DPSH y ensayos de laboratorio para terreno tipo T3 y estructura tipo C0 según CTE-DB-SE-C.,Levenshtein=2 contra código XSC010h: 'Informe geotécnico en base a sondeos SPT y/o DPSH y ensayos de laboratorio para terreno tipo T2 y estructura tipo C2 seg',Verificar si son la misma partida con typos / puntuación distinta. Fusionar si procede.,warning
similar_description,XSC010c,Informe geotécnico en base a sondeos SPT y/o DPSH y ensayos de laboratorio para terreno tipo T3 y estructura tipo C0 según CTE-DB-SE-C.,Levenshtein=1 contra código XSC010i: 'Informe geotécnico en base a sondeos SPT y/o DPSH y ensayos de laboratorio para terreno tipo T3 y estructura tipo C2 seg',Verificar si son la misma partida con typos / puntuación distinta. Fusionar si procede.,warning
similar_description,XSC010d,Informe geotécnico en base a sondeos SPT y/o DPSH y ensayos de laboratorio para terreno tipo T1 y estructura tipo C1 según CTE-DB-SE-C.,Levenshtein=1 contra código XSC010e: 'Informe geotécnico en base a sondeos SPT y/o DPSH y ensayos de laboratorio para terreno tipo T2 y estructura tipo C1 seg',Verificar si son la misma partida con typos / puntuación distinta. Fusionar si procede.,warning
similar_description,XSC010d,Informe geotécnico en base a sondeos SPT y/o DPSH y ensayos de laboratorio para terreno tipo T1 y estructura tipo C1 según CTE-DB-SE-C.,Levenshtein=1 contra código XSC010f: 'Informe geotécnico en base a sondeos SPT y/o DPSH y ensayos de laboratorio para terreno tipo T3 y estructura tipo C1 seg',Verificar si son la misma partida con typos / puntuación distinta. Fusionar si procede.,warning
similar_description,XSC010d,Informe geotécnico en base a sondeos SPT y/o DPSH y ensayos de laboratorio para terreno tipo T1 y estructura tipo C1 según CTE-DB-SE-C.,Levenshtein=1 contra código XSC010g: 'Informe geotécnico en base a sondeos SPT y/o DPSH y ensayos de laboratorio para terreno tipo T1 y estructura tipo C2 seg',Verificar si son la misma partida con typos / puntuación distinta. Fusionar si procede.,warning
similar_description,XSC010d,Informe geotécnico en base a sondeos SPT y/o DPSH y ensayos de laboratorio para terreno tipo T1 y estructura tipo C1 según CTE-DB-SE-C.,Levenshtein=2 contra código XSC010h: 'Informe geotécnico en base a sondeos SPT y/o DPSH y ensayos de laboratorio para terreno tipo T2 y estructura tipo C2 seg',Verificar si son la misma partida con typos / puntuación distinta. Fusionar si procede.,warning
similar_description,XSC010d,Informe geotécnico en base a sondeos SPT y/o DPSH y ensayos de laboratorio para terreno tipo T1 y estructura tipo C1 según CTE-DB-SE-C.,Levenshtein=2 contra código XSC010i: 'Informe geotécnico en base a sondeos SPT y/o DPSH y ensayos de laboratorio para terreno tipo T3 y estructura tipo C2 seg',Verificar si son la misma partida con typos / puntuación distinta. Fusionar si procede.,warning
similar_description,XSC010e,Informe geotécnico en base a sondeos SPT y/o DPSH y ensayos de laboratorio para terreno tipo T2 y estructura tipo C1 según CTE-DB-SE-C.,Levenshtein=1 contra código XSC010f: 'Informe geotécnico en base a sondeos SPT y/o DPSH y ensayos de laboratorio para terreno tipo T3 y estructura tipo C1 seg',Verificar si son la misma partida con typos / puntuación distinta. Fusionar si procede.,warning
similar_description,XSC010e,Informe geotécnico en base a sondeos SPT y/o DPSH y ensayos de laboratorio para terreno tipo T2 y estructura tipo C1 según CTE-DB-SE-C.,Levenshtein=2 contra código XSC010g: 'Informe geotécnico en base a sondeos SPT y/o DPSH y ensayos de laboratorio para terreno tipo T1 y estructura tipo C2 seg',Verificar si son la misma partida con typos / puntuación distinta. Fusionar si procede.,warning
similar_description,XSC010e,Informe geotécnico en base a sondeos SPT y/o DPSH y ensayos de laboratorio para terreno tipo T2 y estructura tipo C1 según CTE-DB-SE-C.,Levenshtein=1 contra código XSC010h: 'Informe geotécnico en base a sondeos SPT y/o DPSH y ensayos de laboratorio para terreno tipo T2 y estructura tipo C2 seg',Verificar si son la misma partida con typos / puntuación distinta. Fusionar si procede.,warning
similar_description,XSC010e,Informe geotécnico en base a sondeos SPT y/o DPSH y ensayos de laboratorio para terreno tipo T2 y estructura tipo C1 según CTE-DB-SE-C.,Levenshtein=2 contra código XSC010i: 'Informe geotécnico en base a sondeos SPT y/o DPSH y ensayos de laboratorio para terreno tipo T3 y estructura tipo C2 seg',Verificar si son la misma partida con typos / puntuación distinta. Fusionar si procede.,warning
similar_description,XSC010f,Informe geotécnico en base a sondeos SPT y/o DPSH y ensayos de laboratorio para terreno tipo T3 y estructura tipo C1 según CTE-DB-SE-C.,Levenshtein=2 contra código XSC010g: 'Informe geotécnico en base a sondeos SPT y/o DPSH y ensayos de laboratorio para terreno tipo T1 y estructura tipo C2 seg',Verificar si son la misma partida con typos / puntuación distinta. Fusionar si procede.,warning
similar_description,XSC010f,Informe geotécnico en base a sondeos SPT y/o DPSH y ensayos de laboratorio para terreno tipo T3 y estructura tipo C1 según CTE-DB-SE-C.,Levenshtein=2 contra código XSC010h: 'Informe geotécnico en base a sondeos SPT y/o DPSH y ensayos de laboratorio para terreno tipo T2 y estructura tipo C2 seg',Verificar si son la misma partida con typos / puntuación distinta. Fusionar si procede.,warning
similar_description,XSC010f,Informe geotécnico en base a sondeos SPT y/o DPSH y ensayos de laboratorio para terreno tipo T3 y estructura tipo C1 según CTE-DB-SE-C.,Levenshtein=1 contra código XSC010i: 'Informe geotécnico en base a sondeos SPT y/o DPSH y ensayos de laboratorio para terreno tipo T3 y estructura tipo C2 seg',Verificar si son la misma partida con typos / puntuación distinta. Fusionar si procede.,warning
similar_description,XSC010g,Informe geotécnico en base a sondeos SPT y/o DPSH y ensayos de laboratorio para terreno tipo T1 y estructura tipo C2 según CTE-DB-SE-C.,Levenshtein=1 contra código XSC010h: 'Informe geotécnico en base a sondeos SPT y/o DPSH y ensayos de laboratorio para terreno tipo T2 y estructura tipo C2 seg',Verificar si son la misma partida con typos / puntuación distinta. Fusionar si procede.,warning
similar_description,XSC010g,Informe geotécnico en base a sondeos SPT y/o DPSH y ensayos de laboratorio para terreno tipo T1 y estructura tipo C2 según CTE-DB-SE-C.,Levenshtein=1 contra código XSC010i: 'Informe geotécnico en base a sondeos SPT y/o DPSH y ensayos de laboratorio para terreno tipo T3 y estructura tipo C2 seg',Verificar si son la misma partida con typos / puntuación distinta. Fusionar si procede.,warning
similar_description,XSC010h,Informe geotécnico en base a sondeos SPT y/o DPSH y ensayos de laboratorio para terreno tipo T2 y estructura tipo C2 según CTE-DB-SE-C.,Levenshtein=1 contra código XSC010i: 'Informe geotécnico en base a sondeos SPT y/o DPSH y ensayos de laboratorio para terreno tipo T3 y estructura tipo C2 seg',Verificar si son la misma partida con typos / puntuación distinta. Fusionar si procede.,warning
similar_description,YIM010d,"Suministro de par de guantes para trabajos eléctricos, de baja tensión.","Levenshtein=3 contra código YIM010e: 'Suministro de par de guantes para trabajos eléctricos, de alta tensión.'",Verificar si son la misma partida con typos / puntuación distinta. Fusionar si procede.,warning
similar_description,YIV020,"Suministro de mascarilla autofiltrante contra partículas, fabricada totalmente de material filtrante, que cubre la nariz, la boca y la barbilla, garantizando un ajuste hermético a la cara del trabajad","Levenshtein=1 contra código YIV020b: 'Suministro de mascarilla autofiltrante contra partículas, fabricada totalmente de material filtrante, que cubre la nariz'",Verificar si son la misma partida con typos / puntuación distinta. Fusionar si procede.,warning
similar_description,YIV020,"Suministro de mascarilla autofiltrante contra partículas, fabricada totalmente de material filtrante, que cubre la nariz, la boca y la barbilla, garantizando un ajuste hermético a la cara del trabajad","Levenshtein=1 contra código YIV020c: 'Suministro de mascarilla autofiltrante contra partículas, fabricada totalmente de material filtrante, que cubre la nariz'",Verificar si son la misma partida con typos / puntuación distinta. Fusionar si procede.,warning
similar_description,YIV020b,"Suministro de mascarilla autofiltrante contra partículas, fabricada totalmente de material filtrante, que cubre la nariz, la boca y la barbilla, garantizando un ajuste hermético a la cara del trabajad","Levenshtein=1 contra código YIV020c: 'Suministro de mascarilla autofiltrante contra partículas, fabricada totalmente de material filtrante, que cubre la nariz'",Verificar si son la misma partida con typos / puntuación distinta. Fusionar si procede.,warning
