issue_type,code,description,current_value,suggested_fix,severity
price_total_mismatch,UXH010c…,"Solado losetas hormigón para uso exterior, panot, direccional (acanalada) 20x20x5, resistencia a flexión T, carga de rotura 3, resistencia al desgaste G, gris, para uso privado en exteriores en zona d","priceTotal=50.6700, sum(breakdown.price)=204.3300, diff_rel=75.20%","Revisar el ingest del item: o el priceTotal está mal asignado o falta(n) breakdown(s). Si la diferencia es intencional (margen/redondeos), documentar.",error
price_total_mismatch,UXH010c…,"Solado losetas hormigón para uso exterior, panot, podotáctil 16 tacos, 20x20x5, resistencia a flexión T, carga de rotura 3, resistencia al desgaste G, gris, para uso privado en exteriores en zona de p","priceTotal=50.6700, sum(breakdown.price)=204.3300, diff_rel=75.20%","Revisar el ingest del item: o el priceTotal está mal asignado o falta(n) breakdown(s). Si la diferencia es intencional (margen/redondeos), documentar.",error
price_total_mismatch,UXH010c…,"Solado losetas hormigón para uso exterior, panot, liso peatonal y trafico ligero, 20x20x5, resistencia a flexión T, carga de rotura 3, resistencia al desgaste G, gris, para uso privado en exteriores e","priceTotal=41.3100, sum(breakdown.price)=204.3300, diff_rel=79.78%","Revisar el ingest del item: o el priceTotal está mal asignado o falta(n) breakdown(s). Si la diferencia es intencional (margen/redondeos), documentar.",error
price_total_mismatch,UXH010c…,"Solado losetas hormigón para uso exterior, panot, liso trafico pesado, 20x20x7.5, gris, para uso privado en exteriores en zona de pasos de peatones, colocadas al tendido sobre capa de arena-cemento. N","priceTotal=61.6800, sum(breakdown.price)=204.3300, diff_rel=69.81%","Revisar el ingest del item: o el priceTotal está mal asignado o falta(n) breakdown(s). Si la diferencia es intencional (margen/redondeos), documentar.",error
duplicate_description,79500226,"Aplicación de coste de puesta en marcha de sistema de ventilación mecánica por parte de un técnico especializado. Incluye la comprobacion visual de la instalacion del sistema de ventilacion, equilibra",description normalizada idéntica a códigos: ['79500227'],"Verificar si son entradas duplicadas y fusionar; si son legítimamente distintas (variantes, libros), diferenciar la descripción.",warning
duplicate_description,79500227,"Aplicación de coste de puesta en marcha de sistema de ventilación mecánica por parte de un técnico especializado. Incluye la comprobacion visual de la instalacion del sistema de ventilacion, equilibra",description normalizada idéntica a códigos: ['79500226'],"Verificar si son entradas duplicadas y fusionar; si son legítimamente distintas (variantes, libros), diferenciar la descripción.",warning
duplicate_description,FBY010,"Suministro y montaje de tabique sencillo, de 78 mm de espesor total, con nivel de calidad del acabado estándar (Q2), sobre banda acústica, formado por una estructura simple de perfiles de chapa de ace",description normalizada idéntica a códigos: ['FBY010a'],"Verificar si son entradas duplicadas y fusionar; si son legítimamente distintas (variantes, libros), diferenciar la descripción.",warning
duplicate_description,FBY010a,"Suministro y montaje de tabique sencillo, de 78 mm de espesor total, con nivel de calidad del acabado estándar (Q2), sobre banda acústica, formado por una estructura simple de perfiles de chapa de ace",description normalizada idéntica a códigos: ['FBY010'],"Verificar si son entradas duplicadas y fusionar; si son legítimamente distintas (variantes, libros), diferenciar la descripción.",warning
item_without_breakdowns,IOS010,"Placa de señalización de equipos contra incendios, de PVC fotoluminiscente, con categoría de fotoluminiscencia A según UNE 23035-4, de 210x210 mm. Incluso elementos de fijación. Incluye: Replanteo. Fi","priceTotal=15.80, breakdowns=0","Verificar si el item tiene componentes en el JSON fuente y están siendo ingeridos. Si es una partida alzada legítima, marcarla con is_lump_sum=true.",warning
item_without_breakdowns,R00001,"Desplazamiento de laborante a obra, para toma de muestra, entre 20-40 Km del laboratorio.","priceTotal=29.81, breakdowns=0","Verificar si el item tiene componentes en el JSON fuente y están siendo ingeridos. Si es una partida alzada legítima, marcarla con is_lump_sum=true.",warning
item_without_breakdowns,R00023,"Desplazamiento de laborante a obra, para toma de muestra, a más de 40 Km del laboratorio.","priceTotal=43.69, breakdowns=0","Verificar si el item tiene componentes en el JSON fuente y están siendo ingeridos. Si es una partida alzada legítima, marcarla con is_lump_sum=true.",warning
item_without_breakdowns,R00024,Dersplazamiento de técnico especialista a obra en T.M. de Palma.,"priceTotal=36.49, breakdowns=0","Verificar si el item tiene componentes en el JSON fuente y están siendo ingeridos. Si es una partida alzada legítima, marcarla con is_lump_sum=true.",warning
item_without_breakdowns,R00025,Dersplazamiento de técnico especialista a obra fuera del T.M. de Palma.,"priceTotal=60.14, breakdowns=0","Verificar si el item tiene componentes en el JSON fuente y están siendo ingeridos. Si es una partida alzada legítima, marcarla con is_lump_sum=true.",warning
similar_description,06000085,Batería deshumidificadora isotérmica con post-calentamiento y pos-enfriamiento con flujo de aire máximo de 200 m3/h Preparado para la entrada de control ON / OFF y conexión BUS. Instalación en techo.I,Levenshtein=2 contra código 06000107: 'Batería deshumidificadora isotérmica con post-calentamiento y pos-enfriamiento con flujo de aire máximo de 150 m3/h Prep',Verificar si son la misma partida con typos / puntuación distinta. Fusionar si procede.,warning
similar_description,06000085,Batería deshumidificadora isotérmica con post-calentamiento y pos-enfriamiento con flujo de aire máximo de 200 m3/h Preparado para la entrada de control ON / OFF y conexión BUS. Instalación en techo.I,Levenshtein=2 contra código 06000086: 'Batería deshumidificadora isotérmica con post-calentamiento y pos-enfriamiento con flujo de aire máximo de 350 m3/h Prep',Verificar si son la misma partida con typos / puntuación distinta. Fusionar si procede.,warning
similar_description,06000085,Batería deshumidificadora isotérmica con post-calentamiento y pos-enfriamiento con flujo de aire máximo de 200 m3/h Preparado para la entrada de control ON / OFF y conexión BUS. Instalación en techo.I,Levenshtein=1 contra código 06000088: 'Batería deshumidificadora isotérmica con post-calentamiento y pos-enfriamiento con flujo de aire máximo de 500 m3/h Prep',Verificar si son la misma partida con typos / puntuación distinta. Fusionar si procede.,warning
similar_description,06000086,Batería deshumidificadora isotérmica con post-calentamiento y pos-enfriamiento con flujo de aire máximo de 350 m3/h Preparado para la entrada de control ON / OFF y conexión BUS. Instalación en techo. ,Levenshtein=2 contra código 06000088: 'Batería deshumidificadora isotérmica con post-calentamiento y pos-enfriamiento con flujo de aire máximo de 500 m3/h Prep',Verificar si son la misma partida con typos / puntuación distinta. Fusionar si procede.,warning
similar_description,06000107,Batería deshumidificadora isotérmica con post-calentamiento y pos-enfriamiento con flujo de aire máximo de 150 m3/h Preparado para la entrada de control ON / OFF y conexión BUS. Instalación en techo. ,Levenshtein=1 contra código 06000086: 'Batería deshumidificadora isotérmica con post-calentamiento y pos-enfriamiento con flujo de aire máximo de 350 m3/h Prep',Verificar si son la misma partida con typos / puntuación distinta. Fusionar si procede.,warning
similar_description,06000107,Batería deshumidificadora isotérmica con post-calentamiento y pos-enfriamiento con flujo de aire máximo de 150 m3/h Preparado para la entrada de control ON / OFF y conexión BUS. Instalación en techo. ,Levenshtein=2 contra código 06000088: 'Batería deshumidificadora isotérmica con post-calentamiento y pos-enfriamiento con flujo de aire máximo de 500 m3/h Prep',Verificar si son la misma partida con typos / puntuación distinta. Fusionar si procede.,warning
similar_description,471224655,"Suministro e instalación de recuperador de calor doble flujo a contracorriente de altísima eficiencia con intercambiador entálpico, de 255 m3/h Caudal de aire maximo 255m3/h Unidad con By-pass free-co",Levenshtein=2 contra código 471502117: 'Suministro e instalación de recuperador de calor doble flujo a contracorriente de altísima eficiencia con intercambiador',Verificar si son la misma partida con typos / puntuación distinta. Fusionar si procede.,warning
similar_description,471224655,"Suministro e instalación de recuperador de calor doble flujo a contracorriente de altísima eficiencia con intercambiador entálpico, de 255 m3/h Caudal de aire maximo 255m3/h Unidad con By-pass free-co",Levenshtein=2 contra código 471502119: 'Suministro e instalación de recuperador de calor doble flujo a contracorriente de altísima eficiencia con intercambiador',Verificar si son la misma partida con typos / puntuación distinta. Fusionar si procede.,warning
similar_description,471224655,"Suministro e instalación de recuperador de calor doble flujo a contracorriente de altísima eficiencia con intercambiador entálpico, de 255 m3/h Caudal de aire maximo 255m3/h Unidad con By-pass free-co",Levenshtein=3 contra código 471502121: 'Suministro e instalación de recuperador de calor doble flujo a contracorriente de altísima eficiencia con intercambiador',Verificar si son la misma partida con typos / puntuación distinta. Fusionar si procede.,warning
similar_description,471502117,"Suministro e instalación de recuperador de calor doble flujo a contracorriente de altísima eficiencia con intercambiador entálpico, de 350 m3/h Caudal de aire maximo 255m3/h Unidad con By-pass free-co",Levenshtein=1 contra código 471502119: 'Suministro e instalación de recuperador de calor doble flujo a contracorriente de altísima eficiencia con intercambiador',Verificar si son la misma partida con typos / puntuación distinta. Fusionar si procede.,warning
similar_description,471502117,"Suministro e instalación de recuperador de calor doble flujo a contracorriente de altísima eficiencia con intercambiador entálpico, de 350 m3/h Caudal de aire maximo 255m3/h Unidad con By-pass free-co",Levenshtein=2 contra código 471502121: 'Suministro e instalación de recuperador de calor doble flujo a contracorriente de altísima eficiencia con intercambiador',Verificar si son la misma partida con typos / puntuación distinta. Fusionar si procede.,warning
similar_description,471502119,"Suministro e instalación de recuperador de calor doble flujo a contracorriente de altísima eficiencia con intercambiador entálpico, de 450 m3/h Caudal de aire maximo 255m3/h Unidad con By-pass free-co",Levenshtein=2 contra código 471502121: 'Suministro e instalación de recuperador de calor doble flujo a contracorriente de altísima eficiencia con intercambiador',Verificar si son la misma partida con typos / puntuación distinta. Fusionar si procede.,warning
similar_description,990320026,Suministro y colocación de kit de regulación de caudal para conducto flexible redondo de 75 mm.,Levenshtein=2 contra código 990320027: 'Suministro y colocación de kit de regulación de caudal para conducto flexible redondo de 90 mm.',Verificar si son la misma partida con typos / puntuación distinta. Fusionar si procede.,warning
similar_description,990320529,"Suministro y colocación de plénum de ventilación para 2 conductos de 90 mm de impulsion o retorno, caudal de aire recomendado de 100 m3/h a velocidad de 3 m/s. Boca registrable para su limpieza. Tapa ","Levenshtein=3 contra código 990320545: 'Suministro y colocación de plénum de ventilación para 3 conductos de 90 mm de impulsion o retorno, caudal de aire recome'",Verificar si son la misma partida con typos / puntuación distinta. Fusionar si procede.,warning
similar_description,990320534,"Suministro y colocación de plénum de ventilación para 2 conductos de 75 mm de impulsion o retorno, caudal de aire recomendado de 60 m3/h a velocidad de 3 m/s. Boca registrable para su limpieza. Tapa d","Levenshtein=3 contra código 990320533: 'Suministro y colocación de plénum de ventilación para 3 conductos de 75 mm de impulsion o retorno, caudal de aire recome'",Verificar si son la misma partida con typos / puntuación distinta. Fusionar si procede.,warning
similar_description,990320641,Suministro y colocación de rejilla rectangular 260 x 160 mm color blanco o inox.,Levenshtein=2 contra código 990320647: 'Suministro y colocación de rejilla rectangular 430 x 160 mm color blanco o inox.',Verificar si son la misma partida con typos / puntuación distinta. Fusionar si procede.,warning
similar_description,990320811,"Suministro y colocación de plénum de ventilación para conducto de 75 mm de impulsion o retorno, caudal de aire recomendado de 30 m3/h a velocidad de 3 m/s. Boca registrable para su limpieza. Tapa dese","Levenshtein=2 contra código 990320814: 'Suministro y colocación de plénum de ventilación para conducto de 75 mm de impulsion o retorno, caudal de aire recomenda'",Verificar si son la misma partida con typos / puntuación distinta. Fusionar si procede.,warning
similar_description,990320811,"Suministro y colocación de plénum de ventilación para conducto de 75 mm de impulsion o retorno, caudal de aire recomendado de 30 m3/h a velocidad de 3 m/s. Boca registrable para su limpieza. Tapa dese","Levenshtein=3 contra código 990320849: 'Suministro y colocación de plénum de ventilación para conducto de 75 mm de impulsion o retorno, caudal de aire recomenda'",Verificar si son la misma partida con typos / puntuación distinta. Fusionar si procede.,warning
similar_description,990320814,"Suministro y colocación de plénum de ventilación para conducto de 75 mm de impulsion o retorno, caudal de aire recomendado de 30 m3/h a velocidad de 3 m/s. Boca registrable para su limpieza. Tapa dese","Levenshtein=2 contra código 990320849: 'Suministro y colocación de plénum de ventilación para conducto de 75 mm de impulsion o retorno, caudal de aire recomenda'",Verificar si son la misma partida con typos / puntuación distinta. Fusionar si procede.,warning
similar_description,990320845,"Suministro y colocación de plénum de ventilación para conducto de 90 mm de impulsion o retorno, caudal de aire recomendado de 50 m3/h a velocidad de 3 m/s. Boca registrable para su limpieza. Tapa dese","Levenshtein=2 contra código 990320851: 'Suministro y colocación de plénum de ventilación para conducto de 90 mm de impulsion o retorno, caudal de aire recomenda'",Verificar si son la misma partida con typos / puntuación distinta. Fusionar si procede.,warning
similar_description,990323500,"Suministro e instalación de sistema de distribución de 4 conductos diámetro 75 mm y silenciador para recuperador de calor - Amortiguador acústico - Filtros finos, filtros de carbón activo - Cajas de d",Levenshtein=1 contra código 990323612: 'Suministro e instalación de sistema de distribución de 6 conductos diámetro 75 mm y silenciador para recuperador de calo',Verificar si son la misma partida con typos / puntuación distinta. Fusionar si procede.,warning
similar_description,990323500,"Suministro e instalación de sistema de distribución de 4 conductos diámetro 75 mm y silenciador para recuperador de calor - Amortiguador acústico - Filtros finos, filtros de carbón activo - Cajas de d",Levenshtein=1 contra código 990323621: 'Suministro e instalación de sistema de distribución de 8 conductos diámetro 75 mm y silenciador para recuperador de calo',Verificar si son la misma partida con typos / puntuación distinta. Fusionar si procede.,warning
similar_description,990323500,"Suministro e instalación de sistema de distribución de 4 conductos diámetro 75 mm y silenciador para recuperador de calor - Amortiguador acústico - Filtros finos, filtros de carbón activo - Cajas de d",Levenshtein=2 contra código 990323521: 'Suministro e instalación de sistema de distribución de 4 conductos diámetro 90 mm y silenciador para recuperador de calo',Verificar si son la misma partida con typos / puntuación distinta. Fusionar si procede.,warning
similar_description,990323500,"Suministro e instalación de sistema de distribución de 4 conductos diámetro 75 mm y silenciador para recuperador de calor - Amortiguador acústico - Filtros finos, filtros de carbón activo - Cajas de d",Levenshtein=3 contra código 990323523: 'Suministro e instalación de sistema de distribución de 6 conductos diámetro 90 mm y silenciador para recuperador de calo',Verificar si son la misma partida con typos / puntuación distinta. Fusionar si procede.,warning
similar_description,990323500,"Suministro e instalación de sistema de distribución de 4 conductos diámetro 75 mm y silenciador para recuperador de calor - Amortiguador acústico - Filtros finos, filtros de carbón activo - Cajas de d",Levenshtein=3 contra código 990323622: 'Suministro e instalación de sistema de distribución de 8 conductos diámetro 90 mm y silenciador para recuperador de calo',Verificar si son la misma partida con typos / puntuación distinta. Fusionar si procede.,warning
similar_description,990323500,"Suministro e instalación de sistema de distribución de 4 conductos diámetro 75 mm y silenciador para recuperador de calor - Amortiguador acústico - Filtros finos, filtros de carbón activo - Cajas de d",Levenshtein=2 contra código 990323614: 'Suministro e instalación de sistema de distribución de 10 conductos diámetro 75 mm y silenciador para recuperador de cal',Verificar si son la misma partida con typos / puntuación distinta. Fusionar si procede.,warning
similar_description,990323500,"Suministro e instalación de sistema de distribución de 4 conductos diámetro 75 mm y silenciador para recuperador de calor - Amortiguador acústico - Filtros finos, filtros de carbón activo - Cajas de d",Levenshtein=2 contra código 990323631: 'Suministro e instalación de sistema de distribución de 12 conductos diámetro 75 mm y silenciador para recuperador de cal',Verificar si son la misma partida con typos / puntuación distinta. Fusionar si procede.,warning
similar_description,990323500,"Suministro e instalación de sistema de distribución de 4 conductos diámetro 75 mm y silenciador para recuperador de calor - Amortiguador acústico - Filtros finos, filtros de carbón activo - Cajas de d",Levenshtein=4 contra código 990323615: 'Suministro e instalación de sistema de distribución de 10 conductos diámetro 90 mm y silenciador para recuperador de cal',Verificar si son la misma partida con typos / puntuación distinta. Fusionar si procede.,warning
similar_description,990323500,"Suministro e instalación de sistema de distribución de 4 conductos diámetro 75 mm y silenciador para recuperador de calor - Amortiguador acústico - Filtros finos, filtros de carbón activo - Cajas de d",Levenshtein=4 contra código 990323632: 'Suministro e instalación de sistema de distribución de 12 conductos diámetro 90 mm y silenciador para recuperador de cal',Verificar si son la misma partida con typos / puntuación distinta. Fusionar si procede.,warning
similar_description,990323521,"Suministro e instalación de sistema de distribución de 4 conductos diámetro 90 mm y silenciador para recuperador de calor - Amortiguador acústico - Filtros finos, filtros de carbón activo - Cajas de d",Levenshtein=1 contra código 990323523: 'Suministro e instalación de sistema de distribución de 6 conductos diámetro 90 mm y silenciador para recuperador de calo',Verificar si son la misma partida con typos / puntuación distinta. Fusionar si procede.,warning
similar_description,990323521,"Suministro e instalación de sistema de distribución de 4 conductos diámetro 90 mm y silenciador para recuperador de calor - Amortiguador acústico - Filtros finos, filtros de carbón activo - Cajas de d",Levenshtein=1 contra código 990323622: 'Suministro e instalación de sistema de distribución de 8 conductos diámetro 90 mm y silenciador para recuperador de calo',Verificar si son la misma partida con typos / puntuación distinta. Fusionar si procede.,warning
similar_description,990323521,"Suministro e instalación de sistema de distribución de 4 conductos diámetro 90 mm y silenciador para recuperador de calor - Amortiguador acústico - Filtros finos, filtros de carbón activo - Cajas de d",Levenshtein=4 contra código 990323614: 'Suministro e instalación de sistema de distribución de 10 conductos diámetro 75 mm y silenciador para recuperador de cal',Verificar si son la misma partida con typos / puntuación distinta. Fusionar si procede.,warning
similar_description,990323521,"Suministro e instalación de sistema de distribución de 4 conductos diámetro 90 mm y silenciador para recuperador de calor - Amortiguador acústico - Filtros finos, filtros de carbón activo - Cajas de d",Levenshtein=4 contra código 990323631: 'Suministro e instalación de sistema de distribución de 12 conductos diámetro 75 mm y silenciador para recuperador de cal',Verificar si son la misma partida con typos / puntuación distinta. Fusionar si procede.,warning
similar_description,990323521,"Suministro e instalación de sistema de distribución de 4 conductos diámetro 90 mm y silenciador para recuperador de calor - Amortiguador acústico - Filtros finos, filtros de carbón activo - Cajas de d",Levenshtein=2 contra código 990323615: 'Suministro e instalación de sistema de distribución de 10 conductos diámetro 90 mm y silenciador para recuperador de cal',Verificar si son la misma partida con typos / puntuación distinta. Fusionar si procede.,warning
similar_description,990323521,"Suministro e instalación de sistema de distribución de 4 conductos diámetro 90 mm y silenciador para recuperador de calor - Amortiguador acústico - Filtros finos, filtros de carbón activo - Cajas de d",Levenshtein=2 contra código 990323632: 'Suministro e instalación de sistema de distribución de 12 conductos diámetro 90 mm y silenciador para recuperador de cal',Verificar si son la misma partida con typos / puntuación distinta. Fusionar si procede.,warning
similar_description,990323523,"Suministro e instalación de sistema de distribución de 6 conductos diámetro 90 mm y silenciador para recuperador de calor - Amortiguador acústico - Filtros finos, filtros de carbón activo - Cajas de d",Levenshtein=1 contra código 990323622: 'Suministro e instalación de sistema de distribución de 8 conductos diámetro 90 mm y silenciador para recuperador de calo',Verificar si son la misma partida con typos / puntuación distinta. Fusionar si procede.,warning
similar_description,990323523,"Suministro e instalación de sistema de distribución de 6 conductos diámetro 90 mm y silenciador para recuperador de calor - Amortiguador acústico - Filtros finos, filtros de carbón activo - Cajas de d",Levenshtein=4 contra código 990323614: 'Suministro e instalación de sistema de distribución de 10 conductos diámetro 75 mm y silenciador para recuperador de cal',Verificar si son la misma partida con typos / puntuación distinta. Fusionar si procede.,warning
similar_description,990323523,"Suministro e instalación de sistema de distribución de 6 conductos diámetro 90 mm y silenciador para recuperador de calor - Amortiguador acústico - Filtros finos, filtros de carbón activo - Cajas de d",Levenshtein=4 contra código 990323631: 'Suministro e instalación de sistema de distribución de 12 conductos diámetro 75 mm y silenciador para recuperador de cal',Verificar si son la misma partida con typos / puntuación distinta. Fusionar si procede.,warning
similar_description,990323523,"Suministro e instalación de sistema de distribución de 6 conductos diámetro 90 mm y silenciador para recuperador de calor - Amortiguador acústico - Filtros finos, filtros de carbón activo - Cajas de d",Levenshtein=2 contra código 990323615: 'Suministro e instalación de sistema de distribución de 10 conductos diámetro 90 mm y silenciador para recuperador de cal',Verificar si son la misma partida con typos / puntuación distinta. Fusionar si procede.,warning
similar_description,990323523,"Suministro e instalación de sistema de distribución de 6 conductos diámetro 90 mm y silenciador para recuperador de calor - Amortiguador acústico - Filtros finos, filtros de carbón activo - Cajas de d",Levenshtein=2 contra código 990323632: 'Suministro e instalación de sistema de distribución de 12 conductos diámetro 90 mm y silenciador para recuperador de cal',Verificar si son la misma partida con typos / puntuación distinta. Fusionar si procede.,warning
similar_description,990323612,"Suministro e instalación de sistema de distribución de 6 conductos diámetro 75 mm y silenciador para recuperador de calor - Amortiguador acústico - Filtros finos, filtros de carbón activo - Cajas de d",Levenshtein=1 contra código 990323621: 'Suministro e instalación de sistema de distribución de 8 conductos diámetro 75 mm y silenciador para recuperador de calo',Verificar si son la misma partida con typos / puntuación distinta. Fusionar si procede.,warning
similar_description,990323612,"Suministro e instalación de sistema de distribución de 6 conductos diámetro 75 mm y silenciador para recuperador de calor - Amortiguador acústico - Filtros finos, filtros de carbón activo - Cajas de d",Levenshtein=3 contra código 990323521: 'Suministro e instalación de sistema de distribución de 4 conductos diámetro 90 mm y silenciador para recuperador de calo',Verificar si son la misma partida con typos / puntuación distinta. Fusionar si procede.,warning
similar_description,990323612,"Suministro e instalación de sistema de distribución de 6 conductos diámetro 75 mm y silenciador para recuperador de calor - Amortiguador acústico - Filtros finos, filtros de carbón activo - Cajas de d",Levenshtein=2 contra código 990323523: 'Suministro e instalación de sistema de distribución de 6 conductos diámetro 90 mm y silenciador para recuperador de calo',Verificar si son la misma partida con typos / puntuación distinta. Fusionar si procede.,warning
similar_description,990323612,"Suministro e instalación de sistema de distribución de 6 conductos diámetro 75 mm y silenciador para recuperador de calor - Amortiguador acústico - Filtros finos, filtros de carbón activo - Cajas de d",Levenshtein=3 contra código 990323622: 'Suministro e instalación de sistema de distribución de 8 conductos diámetro 90 mm y silenciador para recuperador de calo',Verificar si son la misma partida con typos / puntuación distinta. Fusionar si procede.,warning
similar_description,990323612,"Suministro e instalación de sistema de distribución de 6 conductos diámetro 75 mm y silenciador para recuperador de calor - Amortiguador acústico - Filtros finos, filtros de carbón activo - Cajas de d",Levenshtein=2 contra código 990323614: 'Suministro e instalación de sistema de distribución de 10 conductos diámetro 75 mm y silenciador para recuperador de cal',Verificar si son la misma partida con typos / puntuación distinta. Fusionar si procede.,warning
similar_description,990323612,"Suministro e instalación de sistema de distribución de 6 conductos diámetro 75 mm y silenciador para recuperador de calor - Amortiguador acústico - Filtros finos, filtros de carbón activo - Cajas de d",Levenshtein=2 contra código 990323631: 'Suministro e instalación de sistema de distribución de 12 conductos diámetro 75 mm y silenciador para recuperador de cal',Verificar si son la misma partida con typos / puntuación distinta. Fusionar si procede.,warning
similar_description,990323612,"Suministro e instalación de sistema de distribución de 6 conductos diámetro 75 mm y silenciador para recuperador de calor - Amortiguador acústico - Filtros finos, filtros de carbón activo - Cajas de d",Levenshtein=4 contra código 990323615: 'Suministro e instalación de sistema de distribución de 10 conductos diámetro 90 mm y silenciador para recuperador de cal',Verificar si son la misma partida con typos / puntuación distinta. Fusionar si procede.,warning
similar_description,990323612,"Suministro e instalación de sistema de distribución de 6 conductos diámetro 75 mm y silenciador para recuperador de calor - Amortiguador acústico - Filtros finos, filtros de carbón activo - Cajas de d",Levenshtein=4 contra código 990323632: 'Suministro e instalación de sistema de distribución de 12 conductos diámetro 90 mm y silenciador para recuperador de cal',Verificar si son la misma partida con typos / puntuación distinta. Fusionar si procede.,warning
similar_description,990323614,"Suministro e instalación de sistema de distribución de 10 conductos diámetro 75 mm y silenciador para recuperador de calor - Amortiguador acústico - Filtros finos, filtros de carbón activo - Cajas de ",Levenshtein=1 contra código 990323631: 'Suministro e instalación de sistema de distribución de 12 conductos diámetro 75 mm y silenciador para recuperador de cal',Verificar si son la misma partida con typos / puntuación distinta. Fusionar si procede.,warning
similar_description,990323614,"Suministro e instalación de sistema de distribución de 10 conductos diámetro 75 mm y silenciador para recuperador de calor - Amortiguador acústico - Filtros finos, filtros de carbón activo - Cajas de ",Levenshtein=2 contra código 990323615: 'Suministro e instalación de sistema de distribución de 10 conductos diámetro 90 mm y silenciador para recuperador de cal',Verificar si son la misma partida con typos / puntuación distinta. Fusionar si procede.,warning
similar_description,990323614,"Suministro e instalación de sistema de distribución de 10 conductos diámetro 75 mm y silenciador para recuperador de calor - Amortiguador acústico - Filtros finos, filtros de carbón activo - Cajas de ",Levenshtein=3 contra código 990323632: 'Suministro e instalación de sistema de distribución de 12 conductos diámetro 90 mm y silenciador para recuperador de cal',Verificar si son la misma partida con typos / puntuación distinta. Fusionar si procede.,warning
similar_description,990323615,"Suministro e instalación de sistema de distribución de 10 conductos diámetro 90 mm y silenciador para recuperador de calor - Amortiguador acústico - Filtros finos, filtros de carbón activo - Cajas de ",Levenshtein=1 contra código 990323632: 'Suministro e instalación de sistema de distribución de 12 conductos diámetro 90 mm y silenciador para recuperador de cal',Verificar si son la misma partida con typos / puntuación distinta. Fusionar si procede.,warning
similar_description,990323621,"Suministro e instalación de sistema de distribución de 8 conductos diámetro 75 mm y silenciador para recuperador de calor - Amortiguador acústico - Filtros finos, filtros de carbón activo - Cajas de d",Levenshtein=3 contra código 990323521: 'Suministro e instalación de sistema de distribución de 4 conductos diámetro 90 mm y silenciador para recuperador de calo',Verificar si son la misma partida con typos / puntuación distinta. Fusionar si procede.,warning
similar_description,990323621,"Suministro e instalación de sistema de distribución de 8 conductos diámetro 75 mm y silenciador para recuperador de calor - Amortiguador acústico - Filtros finos, filtros de carbón activo - Cajas de d",Levenshtein=3 contra código 990323523: 'Suministro e instalación de sistema de distribución de 6 conductos diámetro 90 mm y silenciador para recuperador de calo',Verificar si son la misma partida con typos / puntuación distinta. Fusionar si procede.,warning
similar_description,990323621,"Suministro e instalación de sistema de distribución de 8 conductos diámetro 75 mm y silenciador para recuperador de calor - Amortiguador acústico - Filtros finos, filtros de carbón activo - Cajas de d",Levenshtein=2 contra código 990323622: 'Suministro e instalación de sistema de distribución de 8 conductos diámetro 90 mm y silenciador para recuperador de calo',Verificar si son la misma partida con typos / puntuación distinta. Fusionar si procede.,warning
similar_description,990323621,"Suministro e instalación de sistema de distribución de 8 conductos diámetro 75 mm y silenciador para recuperador de calor - Amortiguador acústico - Filtros finos, filtros de carbón activo - Cajas de d",Levenshtein=2 contra código 990323614: 'Suministro e instalación de sistema de distribución de 10 conductos diámetro 75 mm y silenciador para recuperador de cal',Verificar si son la misma partida con typos / puntuación distinta. Fusionar si procede.,warning
similar_description,990323621,"Suministro e instalación de sistema de distribución de 8 conductos diámetro 75 mm y silenciador para recuperador de calor - Amortiguador acústico - Filtros finos, filtros de carbón activo - Cajas de d",Levenshtein=2 contra código 990323631: 'Suministro e instalación de sistema de distribución de 12 conductos diámetro 75 mm y silenciador para recuperador de cal',Verificar si son la misma partida con typos / puntuación distinta. Fusionar si procede.,warning
similar_description,990323621,"Suministro e instalación de sistema de distribución de 8 conductos diámetro 75 mm y silenciador para recuperador de calor - Amortiguador acústico - Filtros finos, filtros de carbón activo - Cajas de d",Levenshtein=4 contra código 990323615: 'Suministro e instalación de sistema de distribución de 10 conductos diámetro 90 mm y silenciador para recuperador de cal',Verificar si son la misma partida con typos / puntuación distinta. Fusionar si procede.,warning
similar_description,990323621,"Suministro e instalación de sistema de distribución de 8 conductos diámetro 75 mm y silenciador para recuperador de calor - Amortiguador acústico - Filtros finos, filtros de carbón activo - Cajas de d",Levenshtein=4 contra código 990323632: 'Suministro e instalación de sistema de distribución de 12 conductos diámetro 90 mm y silenciador para recuperador de cal',Verificar si son la misma partida con typos / puntuación distinta. Fusionar si procede.,warning
similar_description,990323622,"Suministro e instalación de sistema de distribución de 8 conductos diámetro 90 mm y silenciador para recuperador de calor - Amortiguador acústico - Filtros finos, filtros de carbón activo - Cajas de d",Levenshtein=4 contra código 990323614: 'Suministro e instalación de sistema de distribución de 10 conductos diámetro 75 mm y silenciador para recuperador de cal',Verificar si son la misma partida con typos / puntuación distinta. Fusionar si procede.,warning
similar_description,990323622,"Suministro e instalación de sistema de distribución de 8 conductos diámetro 90 mm y silenciador para recuperador de calor - Amortiguador acústico - Filtros finos, filtros de carbón activo - Cajas de d",Levenshtein=4 contra código 990323631: 'Suministro e instalación de sistema de distribución de 12 conductos diámetro 75 mm y silenciador para recuperador de cal',Verificar si son la misma partida con typos / puntuación distinta. Fusionar si procede.,warning
similar_description,990323622,"Suministro e instalación de sistema de distribución de 8 conductos diámetro 90 mm y silenciador para recuperador de calor - Amortiguador acústico - Filtros finos, filtros de carbón activo - Cajas de d",Levenshtein=2 contra código 990323615: 'Suministro e instalación de sistema de distribución de 10 conductos diámetro 90 mm y silenciador para recuperador de cal',Verificar si son la misma partida con typos / puntuación distinta. Fusionar si procede.,warning
similar_description,990323622,"Suministro e instalación de sistema de distribución de 8 conductos diámetro 90 mm y silenciador para recuperador de calor - Amortiguador acústico - Filtros finos, filtros de carbón activo - Cajas de d",Levenshtein=2 contra código 990323632: 'Suministro e instalación de sistema de distribución de 12 conductos diámetro 90 mm y silenciador para recuperador de cal',Verificar si son la misma partida con typos / puntuación distinta. Fusionar si procede.,warning
similar_description,990323631,"Suministro e instalación de sistema de distribución de 12 conductos diámetro 75 mm y silenciador para recuperador de calor - Amortiguador acústico - Filtros finos, filtros de carbón activo - Cajas de ",Levenshtein=3 contra código 990323615: 'Suministro e instalación de sistema de distribución de 10 conductos diámetro 90 mm y silenciador para recuperador de cal',Verificar si son la misma partida con typos / puntuación distinta. Fusionar si procede.,warning
similar_description,990323631,"Suministro e instalación de sistema de distribución de 12 conductos diámetro 75 mm y silenciador para recuperador de calor - Amortiguador acústico - Filtros finos, filtros de carbón activo - Cajas de ",Levenshtein=2 contra código 990323632: 'Suministro e instalación de sistema de distribución de 12 conductos diámetro 90 mm y silenciador para recuperador de cal',Verificar si son la misma partida con typos / puntuación distinta. Fusionar si procede.,warning
similar_description,990326001,"Suministro y colocación de boca circular de ventilación para conducto de 75 mm de impulsion o retorno, caudal de aire recomendado de 30 m3/h a velocidad de 3 m/s. Boca registrable para su limpieza. Ta","Levenshtein=5 contra código 990326121: 'Suministro y colocación de boca circular de ventilación para 2 conductos de 75 mm de impulsion o retorno, caudal de aire'",Verificar si son la misma partida con typos / puntuación distinta. Fusionar si procede.,warning
similar_description,990328007,"Suministro y colocación de conducto para instalación de ventilación, formado por tubo flexible corrugado por fuera y liso por dentro conforme a la norma DIN EN 60529, color blanco, colocado en posició","Levenshtein=4 contra código 990328009: 'Suministro y colocación de conducto para instalación de ventilación, formado por tubo flexible corrugado por fuera y lis'",Verificar si son la misma partida con typos / puntuación distinta. Fusionar si procede.,warning
similar_description,990328007,"Suministro y colocación de conducto para instalación de ventilación, formado por tubo flexible corrugado por fuera y liso por dentro conforme a la norma DIN EN 60529, color blanco, colocado en posició","Levenshtein=4 contra código 990328011: 'Suministro y colocación de conducto para instalación de ventilación, formado por tubo flexible corrugado por fuera y lis'",Verificar si son la misma partida con typos / puntuación distinta. Fusionar si procede.,warning
similar_description,990328009,"Suministro y colocación de conducto para instalación de ventilación, formado por tubo flexible corrugado por fuera y liso por dentro conforme a la norma DIN EN 60529, color blanco, colocado en posició","Levenshtein=4 contra código 990328011: 'Suministro y colocación de conducto para instalación de ventilación, formado por tubo flexible corrugado por fuera y lis'",Verificar si son la misma partida con typos / puntuación distinta. Fusionar si procede.,warning
similar_description,990328690,"Suministro e instalación de conducto de polipropileno diámetro exterior/interior (155/125 mm) para toma de admisión y expulsión de aire - Material: Polipropileno PP - Conductividad 0,042 W/mK- Transmi",Levenshtein=4 contra código 990328693: 'Suministro e instalación de conducto de polipropileno diámetro exterior/interior (190/160 mm) para toma de admisión y ex',Verificar si son la misma partida con typos / puntuación distinta. Fusionar si procede.,warning
similar_description,990328693,"Suministro e instalación de conducto de polipropileno diámetro exterior/interior (190/160 mm) para toma de admisión y expulsión de aire - Material: Polipropileno PP - Conductividad 0,042 W/mK- Transmi",Levenshtein=4 contra código 990328696: 'Suministro e instalación de conducto de polipropileno diámetro exterior/interior (230/200 mm) para toma de admisión y ex',Verificar si son la misma partida con typos / puntuación distinta. Fusionar si procede.,warning
similar_description,990430250,"Suministro y colocación de rejilla simple de aspiración/expulsión de aire exterior. Abatible, limpiable, construida en acero inoxidable y con malla anti-insectos. Caudal máximo de 200 m3/h.","Levenshtein=2 contra código 990430580: 'Suministro y colocación de rejilla simple de aspiración/expulsión de aire exterior. Abatible, limpiable, construida en a'",Verificar si son la misma partida con typos / puntuación distinta. Fusionar si procede.,warning
similar_description,990430250,"Suministro y colocación de rejilla simple de aspiración/expulsión de aire exterior. Abatible, limpiable, construida en acero inoxidable y con malla anti-insectos. Caudal máximo de 200 m3/h.","Levenshtein=2 contra código 990430582: 'Suministro y colocación de rejilla simple de aspiración/expulsión de aire exterior. Abatible, limpiable, construida en a'",Verificar si son la misma partida con typos / puntuación distinta. Fusionar si procede.,warning
similar_description,990430580,"Suministro y colocación de rejilla simple de aspiración/expulsión de aire exterior. Abatible, limpiable, construida en acero inoxidable y con malla anti-insectos. Caudal máximo de 350 m3/h.","Levenshtein=1 contra código 990430582: 'Suministro y colocación de rejilla simple de aspiración/expulsión de aire exterior. Abatible, limpiable, construida en a'",Verificar si son la misma partida con typos / puntuación distinta. Fusionar si procede.,warning
similar_description,ADD010c,"Desmonte en roca, para dar al terreno la rasante de explanación prevista, con empleo de medios mecánicos. Incluso carga de los productos de la excavación sobre camión.","Levenshtein=5 contra código ADD010: 'Desmonte en tierra, para dar al terreno la rasante de explanación prevista, con empleo de medios mecánicos. Incluso carg'",Verificar si son la misma partida con typos / puntuación distinta. Fusionar si procede.,warning
similar_description,ADE010b,"Excavación de tierras para formación de zanjas hasta una profundidad de 2 m, en suelo de roca dura, con medios mecánicos, hasta alcanzar la cota de profundidad indicada en el proyecto. Incluso transpo","Levenshtein=5 contra código ADE010e: 'Excavación de tierras para formación de zanjas hasta una profundidad de 2 m, en suelo de roca blanda, con medios mecánic'",Verificar si son la misma partida con typos / puntuación distinta. Fusionar si procede.,warning
similar_description,ANS010b,"Solera de hormigón armado de 15 cm de espesor, realizada con hormigón HA-25/F/20/XC2 fabricado en central, y vertido con bomba, y malla electrosoldada ME 20x20 Ø 5-5 B 500 T 6x2,20 UNE-EN 10080 como a","Levenshtein=2 contra código ANS010c: 'Solera de hormigón armado de 20 cm de espesor, realizada con hormigón HA-25/F/20/XC2 fabricado en central, y vertido con'",Verificar si son la misma partida con typos / puntuación distinta. Fusionar si procede.,warning
similar_description,ANS010d,"Solera de hormigón armado de 10 cm de espesor, realizada con hormigón HA-25/F/20/XC2 fabricado en central, y vertido con bomba, y malla electrosoldada ME 20x20 Ø 5-5 B 500 T 6x2,20 UNE-EN 10080 como a","Levenshtein=1 contra código ANS010b: 'Solera de hormigón armado de 15 cm de espesor, realizada con hormigón HA-25/F/20/XC2 fabricado en central, y vertido con'",Verificar si son la misma partida con typos / puntuación distinta. Fusionar si procede.,warning
similar_description,ANS010d,"Solera de hormigón armado de 10 cm de espesor, realizada con hormigón HA-25/F/20/XC2 fabricado en central, y vertido con bomba, y malla electrosoldada ME 20x20 Ø 5-5 B 500 T 6x2,20 UNE-EN 10080 como a","Levenshtein=1 contra código ANS010c: 'Solera de hormigón armado de 20 cm de espesor, realizada con hormigón HA-25/F/20/XC2 fabricado en central, y vertido con'",Verificar si son la misma partida con typos / puntuación distinta. Fusionar si procede.,warning
similar_description,ANS010f,"Solera de hormigón en masa de 10 cm de espesor, realizada con hormigón HM-20/B/20/X0 fabricado en central y vertido desde camión, extendido y vibrado manual mediante regla vibrante, sin tratamiento de","Levenshtein=1 contra código ANS010: 'Solera de hormigón en masa de 15 cm de espesor, realizada con hormigón HM-20/B/20/X0 fabricado en central y vertido desd'",Verificar si son la misma partida con typos / puntuación distinta. Fusionar si procede.,warning
similar_description,CAV010c,"Viga de atado de hormigón armado, realizada con hormigón HA-25/B/20/XC2 fabricado en central, y vertido desde camión, y acero UNE-EN 10080 B 500 S, con una cuantía aproximada de 60 kg/m³. Incluso alam","Levenshtein=2 contra código CAV010: 'Viga de atado de hormigón armado, realizada con hormigón HA-30/B/20/XC2 fabricado en central, y vertido desde camión, y '",Verificar si son la misma partida con typos / puntuación distinta. Fusionar si procede.,warning
similar_description,CPI050b,"Pilote de cimentación de hormigón armado de 45 cm de diámetro, para grupo de pilotes CPI-5 según NTE-CPI, de hasta 15 m de profundidad. Ejecutado por extracción de tierras, en terreno de menos de 25 k","Levenshtein=3 contra código CPI050c: 'Pilote de cimentación de hormigón armado de 55 cm de diámetro, para grupo de pilotes CPI-5 según NTE-CPI, de hasta 15 m '",Verificar si son la misma partida con typos / puntuación distinta. Fusionar si procede.,warning
similar_description,CSL010c,"Losa de cimentación de hormigón armado, realizada con hormigón HA-25/B/20/XC2 fabricado en central, y vertido con bomba, y acero UNE-EN 10080 B 500 S, con una cuantía aproximada de 85 kg/m³; acabado s","Levenshtein=2 contra código CSL010: 'Losa de cimentación de hormigón armado, realizada con hormigón HA-30/B/20/XC2 fabricado en central, y vertido con bomba,'",Verificar si son la misma partida con typos / puntuación distinta. Fusionar si procede.,warning
similar_description,CSV010b,"Zapata corrida de cimentación, de hormigón armado, realizada en excavación previa, con hormigón HA-25/B/20/XC2 fabricado en central, y vertido desde camión, y acero UNE-EN 10080 B 500 S, con una cuant","Levenshtein=2 contra código CSV010c: 'Zapata corrida de cimentación, de hormigón armado, realizada en excavación previa, con hormigón HA-30/B/20/XC2 fabricado'",Verificar si son la misma partida con typos / puntuación distinta. Fusionar si procede.,warning
similar_description,CSZ010b,"Zapata de cimentación de hormigón armado, realizada con hormigón HA-25/B/20/XC2 fabricado en central, y vertido desde camión, y acero UNE-EN 10080 B 500 S, con una cuantía aproximada de 50 kg/m³. Incl","Levenshtein=2 contra código CSZ010c: 'Zapata de cimentación de hormigón armado, realizada con hormigón HA-30/B/20/XC2 fabricado en central, y vertido desde ca'",Verificar si son la misma partida con typos / puntuación distinta. Fusionar si procede.,warning
similar_description,D3001.0050,"Lijado mecánico de superficie hor. de hormigón con disco de diamante para posterior aplicación de recubrimiento o adhesivo, incluso limpieza del polvo generado.",Levenshtein=3 contra código D3001.0060: 'Lijado mecánico de superficie vert. de hormigón con disco de diamante para posterior aplicación de recubrimiento o adhes',Verificar si son la misma partida con typos / puntuación distinta. Fusionar si procede.,warning
similar_description,D3001.0070,"Picado mecánico mediante pistolete, bujarda o similar, de superficie de hormigón hasta una profundidad de 20 mm, incluso limpieza posterior del soporte y del material extraído.","Levenshtein=1 contra código D3001.0080: 'Picado mecánico mediante pistolete, bujarda o similar, de superficie de hormigón hasta una profundidad de 40 mm, incluso'",Verificar si son la misma partida con typos / puntuación distinta. Fusionar si procede.,warning
similar_description,DEA050,"Desmontaje de viga metálica apoyada, formada por perfil de acero laminado IPN 200 o similar, de hasta 4 m de longitud media, con medios manuales, y carga manual sobre camión o contenedor.","Levenshtein=2 contra código DEA050b: 'Desmontaje de viga metálica apoyada, formada por perfil de acero laminado IPN 120 o similar, de hasta 4 m de longitud me'",Verificar si son la misma partida con typos / puntuación distinta. Fusionar si procede.,warning
similar_description,DEH050,"Demolición de viga de hormigón armado, con medios manuales, martillo neumático y equipo de oxicorte, y carga manual sobre camión o contenedor.","Levenshtein=3 contra código DEH030: 'Demolición de pilar de hormigón armado, con medios manuales, martillo neumático y equipo de oxicorte, y carga manual sob'",Verificar si son la misma partida con typos / puntuación distinta. Fusionar si procede.,warning
similar_description,DFF021,"Demolición de fábrica revestida, formada por ladrillo hueco de 20 cm de espesor, con medios manuales, sin afectar a la estabilidad de los elementos constructivos contiguos, y carga manual sobre camión","Levenshtein=4 contra código DFF020: 'Demolición de fábrica revestida, formada por ladrillo hueco de 24/25 cm de espesor, con medios manuales, sin afectar a l'",Verificar si son la misma partida con typos / puntuación distinta. Fusionar si procede.,warning
similar_description,DIS020,"Demolición de arqueta de obra de fábrica, de hasta 200 l de capacidad, con medios manuales, sin deteriorar las conducciones que conecten con la arqueta, y carga manual sobre camión o contenedor.","Levenshtein=5 contra código DIS020b: 'Demolición de arqueta de obra de fábrica, de 200 a 500 l de capacidad, con medios manuales, sin deteriorar las conduccio'",Verificar si son la misma partida con typos / puntuación distinta. Fusionar si procede.,warning
similar_description,DIS033b,"Desmontaje de bajante de fibrocemento con amianto, para una longitud media a desmontar de entre 6 y 10 m, por empresa cualificada e inscrita en el Registro de Empresas con Riesgo al Amianto, con medio","Levenshtein=3 contra código DIS033c: 'Desmontaje de bajante de fibrocemento con amianto, para una longitud media a desmontar de entre 11 y 20 m, por empresa c'",Verificar si son la misma partida con typos / puntuación distinta. Fusionar si procede.,warning
similar_description,DIS033b,"Desmontaje de bajante de fibrocemento con amianto, para una longitud media a desmontar de entre 6 y 10 m, por empresa cualificada e inscrita en el Registro de Empresas con Riesgo al Amianto, con medio","Levenshtein=4 contra código DIS033d: 'Desmontaje de bajante de fibrocemento con amianto, para una longitud media a desmontar de entre 21 y 25 m, por empresa c'",Verificar si son la misma partida con typos / puntuación distinta. Fusionar si procede.,warning
similar_description,DIS033c,"Desmontaje de bajante de fibrocemento con amianto, para una longitud media a desmontar de entre 11 y 20 m, por empresa cualificada e inscrita en el Registro de Empresas con Riesgo al Amianto, con medi","Levenshtein=2 contra código DIS033d: 'Desmontaje de bajante de fibrocemento con amianto, para una longitud media a desmontar de entre 21 y 25 m, por empresa c'",Verificar si son la misma partida con typos / puntuación distinta. Fusionar si procede.,warning
similar_description,DLC010b,"Desmontaje de hoja de carpintería acristalada de cualquier tipo situada en fachada, de más de 6 m² de superficie, con medios manuales, sin deteriorar los elementos constructivos a los que está sujeta,","Levenshtein=4 contra código DLC010: 'Desmontaje de hoja de carpintería acristalada de cualquier tipo situada en fachada, de menos de 3 m² de superficie, con '",Verificar si son la misma partida con typos / puntuación distinta. Fusionar si procede.,warning
similar_description,DQC030c,"Desmontaje de cobertura de placas de fibrocemento con amianto, sujeta mecánicamente sobre correa estructural, por empresa cualificada e inscrita en el Registro de Empresas con Riesgo al Amianto, en cu","Levenshtein=4 contra código DQC030b: 'Desmontaje de cobertura de placas de fibrocemento con amianto, sujeta mecánicamente sobre correa estructural, por empres'",Verificar si son la misma partida con typos / puntuación distinta. Fusionar si procede.,warning
similar_description,DRS070,"Demolición de pavimento continuo de hormigón en masa de 5 cm de espesor, con martillo neumático, sin deteriorar los elementos constructivos contiguos, y carga manual sobre camión o contenedor.","Levenshtein=2 contra código DRS070b: 'Demolición de pavimento continuo de hormigón en masa de 10 cm de espesor, con martillo neumático, sin deteriorar los ele'",Verificar si son la misma partida con typos / puntuación distinta. Fusionar si procede.,warning
similar_description,EAF010c,"Forjado de 25 = 20+5 cm de canto, compuesto de: viguetas de acero laminado en caliente UNE-EN 10025 S275JR, en perfiles simples, IPE 100; bovedilla de hormigón modelo Hourdis, 60x20x20 cm, fabricada c","Levenshtein=1 contra código EAF010: 'Forjado de 25 = 20+5 cm de canto, compuesto de: viguetas de acero laminado en caliente UNE-EN 10025 S275JR, en perfiles '",Verificar si son la misma partida con typos / puntuación distinta. Fusionar si procede.,warning
similar_description,EAF010d,"Forjado de 25 = 20+5 cm de canto, compuesto de: viguetas de acero laminado en caliente UNE-EN 10025 S275JR, en perfiles simples, IPE 100; bovedilla mecanizada de poliestireno expandido, 60x50x20 cm, p","Levenshtein=1 contra código EAF010b: 'Forjado de 25 = 20+5 cm de canto, compuesto de: viguetas de acero laminado en caliente UNE-EN 10025 S275JR, en perfiles '",Verificar si son la misma partida con typos / puntuación distinta. Fusionar si procede.,warning
similar_description,EAS005,"Suministro y montaje de placa de anclaje de acero UNE-EN 10025 S275JR en perfil plano, de 250x250 mm y espesor 12 mm, con 4 pernos soldados, de acero corrugado UNE-EN 10080 B 500 S de 12 mm de diámetr","Levenshtein=5 contra código EAS005b: 'Suministro y montaje de placa de anclaje de acero UNE-EN 10025 S275JR en perfil plano, de 300x300 mm y espesor 12 mm, co'",Verificar si son la misma partida con typos / puntuación distinta. Fusionar si procede.,warning
similar_description,EAS005,"Suministro y montaje de placa de anclaje de acero UNE-EN 10025 S275JR en perfil plano, de 250x250 mm y espesor 12 mm, con 4 pernos soldados, de acero corrugado UNE-EN 10080 B 500 S de 12 mm de diámetr","Levenshtein=3 contra código EAS005c: 'Suministro y montaje de placa de anclaje de acero UNE-EN 10025 S275JR en perfil plano, de 350x350 mm y espesor 12 mm, co'",Verificar si son la misma partida con typos / puntuación distinta. Fusionar si procede.,warning
similar_description,EAS005b,"Suministro y montaje de placa de anclaje de acero UNE-EN 10025 S275JR en perfil plano, de 300x300 mm y espesor 12 mm, con 4 pernos soldados, de acero corrugado UNE-EN 10080 B 500 S de 16 mm de diámetr","Levenshtein=4 contra código EAS005c: 'Suministro y montaje de placa de anclaje de acero UNE-EN 10025 S275JR en perfil plano, de 350x350 mm y espesor 12 mm, co'",Verificar si son la misma partida con typos / puntuación distinta. Fusionar si procede.,warning
similar_description,EHE010d,"Losa de escalera de hormigón armado de 15 cm de espesor, realizada con hormigón HA-25/F/20/XC2 fabricado en central, y vertido con cubilote, y acero UNE-EN 10080 B 500 S, con una cuantía aproximada de","Levenshtein=3 contra código EHE010: 'Losa de escalera de hormigón armado de 15 cm de espesor, realizada con hormigón HA-30/F/20/XC3 fabricado en central, y v'",Verificar si son la misma partida con typos / puntuación distinta. Fusionar si procede.,warning
similar_description,EHE010e,"Losa de escalera de hormigón armado de 15 cm de espesor, con peldañeado de hormigón, realizada con hormigón HA-25/F/20/XC2 fabricado en central, y vertido con cubilote, y acero UNE-EN 10080 B 500 S, c","Levenshtein=3 contra código EHE010c: 'Losa de escalera de hormigón armado de 15 cm de espesor, con peldañeado de hormigón, realizada con hormigón HA-30/F/20/X'",Verificar si son la misma partida con typos / puntuación distinta. Fusionar si procede.,warning
similar_description,EHE020c,"Escalera de hormigón visto, con losa de escalera y peldañeado de hormigón armado, realizada con 15 cm de espesor de hormigón HA-25/F/20/XC2 fabricado en central, y vertido con cubilote, y acero UNE-EN","Levenshtein=3 contra código EHE020: 'Escalera de hormigón visto, con losa de escalera y peldañeado de hormigón armado, realizada con 15 cm de espesor de horm'",Verificar si son la misma partida con typos / puntuación distinta. Fusionar si procede.,warning
similar_description,EHL010,"Losa maciza de hormigón armado, horizontal, con altura libre de planta de hasta 3 m, canto 25 cm, realizada con hormigón HA-25/F/20/XC2 fabricado en central, y vertido con cubilote, y acero UNE-EN 100","Levenshtein=2 contra código EHL010b: 'Losa maciza de hormigón armado, horizontal, con altura libre de planta de hasta 3 m, canto 30 cm, realizada con hormigón'",Verificar si son la misma partida con typos / puntuación distinta. Fusionar si procede.,warning
similar_description,EHL010e,"Losa maciza de hormigón armado, horizontal, con altura libre de planta de hasta 3 m, canto 20 cm, realizada con hormigón HA-25/F/20/XC2 fabricado en central, y vertido con cubilote, y acero UNE-EN 100","Levenshtein=1 contra código EHL010: 'Losa maciza de hormigón armado, horizontal, con altura libre de planta de hasta 3 m, canto 25 cm, realizada con hormigón'",Verificar si son la misma partida con typos / puntuación distinta. Fusionar si procede.,warning
similar_description,EHL010e,"Losa maciza de hormigón armado, horizontal, con altura libre de planta de hasta 3 m, canto 20 cm, realizada con hormigón HA-25/F/20/XC2 fabricado en central, y vertido con cubilote, y acero UNE-EN 100","Levenshtein=1 contra código EHL010b: 'Losa maciza de hormigón armado, horizontal, con altura libre de planta de hasta 3 m, canto 30 cm, realizada con hormigón'",Verificar si son la misma partida con typos / puntuación distinta. Fusionar si procede.,warning
similar_description,EHN010b,"Pantalla de hormigón armado, 2C, de hasta 3 m de altura, de 30 cm de espesor medio, realizada con hormigón HA-25/F/20/XC2 fabricado en central, y vertido con cubilote, y acero UNE-EN 10080 B 500 S, co","Levenshtein=3 contra código EHN010: 'Pantalla de hormigón armado, 2C, de hasta 3 m de altura, de 30 cm de espesor medio, realizada con hormigón HA-30/F/20/XC'",Verificar si son la misma partida con typos / puntuación distinta. Fusionar si procede.,warning
similar_description,EHR010d,"Forjado reticular de hormigón armado con casetón perdido, horizontal, con 15% de zonas macizas, con altura libre de planta de hasta 3 m, canto total 25 = 20+5 cm, realizado con hormigón HA-25/F/20/XC2","Levenshtein=5 contra código EHR010: 'Forjado reticular de hormigón armado con casetón perdido, horizontal, con 15% de zonas macizas, con altura libre de plan'",Verificar si son la misma partida con typos / puntuación distinta. Fusionar si procede.,warning
similar_description,EHS010c,"Pilar de sección rectangular o cuadrada de hormigón armado, de 30x30 cm de sección media, realizado con hormigón HA-25/F/20/XC2 fabricado en central, y vertido con cubilote, y acero UNE-EN 10080 B 500","Levenshtein=3 contra código EHS010: 'Pilar de sección rectangular o cuadrada de hormigón armado, de 30x30 cm de sección media, realizado con hormigón HA-30/F'",Verificar si son la misma partida con typos / puntuación distinta. Fusionar si procede.,warning
similar_description,EHS011c,"Pilar de sección circular de hormigón armado, de 30 cm de diámetro medio, realizado con hormigón HA-25/F/20/XC2 fabricado en central, y vertido con cubilote, y acero UNE-EN 10080 B 500 S, con una cuan","Levenshtein=3 contra código EHS011: 'Pilar de sección circular de hormigón armado, de 30 cm de diámetro medio, realizado con hormigón HA-30/F/20/XC3 fabricad'",Verificar si son la misma partida con typos / puntuación distinta. Fusionar si procede.,warning
similar_description,EHU010d,"Estructura de hormigón armado, realizada con hormigón HA-25/F/20/XC2 fabricado en central, y vertido con cubilote, con un volumen total de hormigón en forjado y vigas de 0,133 m³/m², y acero UNE-EN 10","Levenshtein=4 contra código EHU010e: 'Estructura de hormigón armado, realizada con hormigón HA-25/F/20/XC2 fabricado en central, y vertido con cubilote, con u'",Verificar si son la misma partida con typos / puntuación distinta. Fusionar si procede.,warning
similar_description,EHU010i,"Estructura de hormigón armado, realizada con hormigón HA-25/F/20/XC2 fabricado en central, y vertido con cubilote, con un volumen total de hormigón en forjado y vigas de 0,131 m³/m², y acero UNE-EN 10","Levenshtein=4 contra código EHU010j: 'Estructura de hormigón armado, realizada con hormigón HA-25/F/20/XC2 fabricado en central, y vertido con cubilote, con u'",Verificar si son la misma partida con typos / puntuación distinta. Fusionar si procede.,warning
similar_description,EHV010c,"Viga descolgada, recta, de hormigón armado, de 30x40 cm, realizada con hormigón HA-25/F/20/XC2 fabricado en central, y vertido con cubilote, y acero UNE-EN 10080 B 500 S, con una cuantía aproximada de","Levenshtein=3 contra código EHV010: 'Viga descolgada, recta, de hormigón armado, de 30x40 cm, realizada con hormigón HA-30/F/20/XC3 fabricado en central, y v'",Verificar si son la misma partida con typos / puntuación distinta. Fusionar si procede.,warning
similar_description,EHV020,"Zuncho de apoyo de forjado de hormigón armado, realizado con hormigón HA-25/F/20/XC2 fabricado en central, y vertido con cubilote, y acero UNE-EN 10080 B 500 S, con una cuantía aproximada de 105 kg/m³","Levenshtein=3 contra código EHV020e: 'Zuncho de apoyo de forjado de hormigón armado, realizado con hormigón HA-30/F/20/XC3 fabricado en central, y vertido con'",Verificar si son la misma partida con typos / puntuación distinta. Fusionar si procede.,warning
similar_description,EHV020,"Zuncho de apoyo de forjado de hormigón armado, realizado con hormigón HA-25/F/20/XC2 fabricado en central, y vertido con cubilote, y acero UNE-EN 10080 B 500 S, con una cuantía aproximada de 105 kg/m³","Levenshtein=5 contra código EHV020b: 'Zuncho de borde de forjado de hormigón armado, realizado con hormigón HA-25/F/20/XC2 fabricado en central, y vertido con'",Verificar si son la misma partida con typos / puntuación distinta. Fusionar si procede.,warning
similar_description,EHV020b,"Zuncho de borde de forjado de hormigón armado, realizado con hormigón HA-25/F/20/XC2 fabricado en central, y vertido con cubilote, y acero UNE-EN 10080 B 500 S, con una cuantía aproximada de 105 kg/m³","Levenshtein=3 contra código EHV020d: 'Zuncho de borde de forjado de hormigón armado, realizado con hormigón HA-30/F/20/XC3 fabricado en central, y vertido con'",Verificar si son la misma partida con typos / puntuación distinta. Fusionar si procede.,warning
similar_description,EHV020e,"Zuncho de apoyo de forjado de hormigón armado, realizado con hormigón HA-30/F/20/XC3 fabricado en central, y vertido con cubilote, y acero UNE-EN 10080 B 500 S, con una cuantía aproximada de 105 kg/m³","Levenshtein=5 contra código EHV020d: 'Zuncho de borde de forjado de hormigón armado, realizado con hormigón HA-30/F/20/XC3 fabricado en central, y vertido con'",Verificar si son la misma partida con typos / puntuación distinta. Fusionar si procede.,warning
similar_description,EPF010,"Losa de 20 cm de canto, realizada con placas alveolares prefabricadas de hormigón pretensado, de 20 cm de canto y 120 cm de anchura, con momento flector último de 17 kN·m/m, con altura libre de planta","Levenshtein=4 contra código EPF010b: 'Losa de 25 cm de canto, realizada con placas alveolares prefabricadas de hormigón pretensado, de 25 cm de canto y 120 cm'",Verificar si son la misma partida con typos / puntuación distinta. Fusionar si procede.,warning
similar_description,EPF010,"Losa de 20 cm de canto, realizada con placas alveolares prefabricadas de hormigón pretensado, de 20 cm de canto y 120 cm de anchura, con momento flector último de 17 kN·m/m, con altura libre de planta","Levenshtein=2 contra código EPF010c: 'Losa de 30 cm de canto, realizada con placas alveolares prefabricadas de hormigón pretensado, de 30 cm de canto y 120 cm'",Verificar si son la misma partida con typos / puntuación distinta. Fusionar si procede.,warning
similar_description,EPF010d,"Losa de 15 + 5 cm de canto, realizada con placas alveolares prefabricadas de hormigón pretensado, de 15 cm de canto y 120 cm de anchura, con momento flector último de 13 kN·m/m, con altura libre de pl","Levenshtein=5 contra código EPF010f: 'Losa de 20 + 5 cm de canto, realizada con placas alveolares prefabricadas de hormigón pretensado, de 20 cm de canto y 12'",Verificar si son la misma partida con typos / puntuación distinta. Fusionar si procede.,warning
similar_description,EPF010d,"Losa de 15 + 5 cm de canto, realizada con placas alveolares prefabricadas de hormigón pretensado, de 15 cm de canto y 120 cm de anchura, con momento flector último de 13 kN·m/m, con altura libre de pl","Levenshtein=4 contra código EPF010g: 'Losa de 25 + 5 cm de canto, realizada con placas alveolares prefabricadas de hormigón pretensado, de 25 cm de canto y 12'",Verificar si son la misma partida con typos / puntuación distinta. Fusionar si procede.,warning
similar_description,EPF010d,"Losa de 15 + 5 cm de canto, realizada con placas alveolares prefabricadas de hormigón pretensado, de 15 cm de canto y 120 cm de anchura, con momento flector último de 13 kN·m/m, con altura libre de pl","Levenshtein=5 contra código EPF010h: 'Losa de 30 + 5 cm de canto, realizada con placas alveolares prefabricadas de hormigón pretensado, de 30 cm de canto y 12'",Verificar si son la misma partida con typos / puntuación distinta. Fusionar si procede.,warning
similar_description,EPF010e,"Losa de 15 cm de canto, realizada con placas alveolares prefabricadas de hormigón pretensado, de 15 cm de canto y 120 cm de anchura, con momento flector último de 13 kN·m/m, con altura libre de planta","Levenshtein=5 contra código EPF010: 'Losa de 20 cm de canto, realizada con placas alveolares prefabricadas de hormigón pretensado, de 20 cm de canto y 120 cm'",Verificar si son la misma partida con typos / puntuación distinta. Fusionar si procede.,warning
similar_description,EPF010e,"Losa de 15 cm de canto, realizada con placas alveolares prefabricadas de hormigón pretensado, de 15 cm de canto y 120 cm de anchura, con momento flector último de 13 kN·m/m, con altura libre de planta","Levenshtein=4 contra código EPF010b: 'Losa de 25 cm de canto, realizada con placas alveolares prefabricadas de hormigón pretensado, de 25 cm de canto y 120 cm'",Verificar si son la misma partida con typos / puntuación distinta. Fusionar si procede.,warning
similar_description,EPF010e,"Losa de 15 cm de canto, realizada con placas alveolares prefabricadas de hormigón pretensado, de 15 cm de canto y 120 cm de anchura, con momento flector último de 13 kN·m/m, con altura libre de planta","Levenshtein=5 contra código EPF010c: 'Losa de 30 cm de canto, realizada con placas alveolares prefabricadas de hormigón pretensado, de 30 cm de canto y 120 cm'",Verificar si son la misma partida con typos / puntuación distinta. Fusionar si procede.,warning
similar_description,EPF010f,"Losa de 20 + 5 cm de canto, realizada con placas alveolares prefabricadas de hormigón pretensado, de 20 cm de canto y 120 cm de anchura, con momento flector último de 17 kN·m/m, con altura libre de pl","Levenshtein=4 contra código EPF010g: 'Losa de 25 + 5 cm de canto, realizada con placas alveolares prefabricadas de hormigón pretensado, de 25 cm de canto y 12'",Verificar si son la misma partida con typos / puntuación distinta. Fusionar si procede.,warning
similar_description,EPF010f,"Losa de 20 + 5 cm de canto, realizada con placas alveolares prefabricadas de hormigón pretensado, de 20 cm de canto y 120 cm de anchura, con momento flector último de 17 kN·m/m, con altura libre de pl","Levenshtein=2 contra código EPF010h: 'Losa de 30 + 5 cm de canto, realizada con placas alveolares prefabricadas de hormigón pretensado, de 30 cm de canto y 12'",Verificar si son la misma partida con typos / puntuación distinta. Fusionar si procede.,warning
similar_description,FAR020d,"Ejecución de muro de 25 cm de espesor de fábrica, de bloque de hormigón ligero con arcilla expandida, macizo, para revestir, 50x20x25 cm, recibida con mortero de cemento industrial, color gris, M-5. I","Levenshtein=2 contra código FAR020c: 'Ejecución de muro de 20 cm de espesor de fábrica, de bloque de hormigón ligero con arcilla expandida, macizo, para reves'",Verificar si son la misma partida con typos / puntuación distinta. Fusionar si procede.,warning
similar_description,FAR020e,"Ejecución de muro de 30 cm de espesor de fábrica, de bloque de hormigón ligero con arcilla expandida, macizo, para revestir, 30x25x20 cm, recibida con mortero de cemento industrial, color gris, M-5. I","Levenshtein=5 contra código FAR020d: 'Ejecución de muro de 25 cm de espesor de fábrica, de bloque de hormigón ligero con arcilla expandida, macizo, para reves'",Verificar si son la misma partida con typos / puntuación distinta. Fusionar si procede.,warning
similar_description,FAR020e,"Ejecución de muro de 30 cm de espesor de fábrica, de bloque de hormigón ligero con arcilla expandida, macizo, para revestir, 30x25x20 cm, recibida con mortero de cemento industrial, color gris, M-5. I","Levenshtein=3 contra código FAR020c: 'Ejecución de muro de 20 cm de espesor de fábrica, de bloque de hormigón ligero con arcilla expandida, macizo, para reves'",Verificar si son la misma partida con typos / puntuación distinta. Fusionar si procede.,warning
similar_description,FBY010b,"Suministro y montaje de tabique múltiple, de 108 mm de espesor total, con nivel de calidad del acabado estándar (Q2), sobre banda acústica, formado por una estructura simple de perfiles de chapa de ac","Levenshtein=5 contra código FBY010c: 'Suministro y montaje de tabique múltiple, de 130 mm de espesor total, con nivel de calidad del acabado estándar (Q2), so'",Verificar si son la misma partida con typos / puntuación distinta. Fusionar si procede.,warning
similar_description,FDB010b,"Suministro y montaje de balaustrada recta formada por balaustres prefabricados de hormigón blanco de sección circular de 70 cm de altura y 15 cm de diámetro, recibida con mortero de cemento y cal M-5 ",Levenshtein=2 contra código FDB010: 'Suministro y montaje de balaustrada recta formada por balaustres prefabricados de hormigón blanco de sección circular de',Verificar si son la misma partida con typos / puntuación distinta. Fusionar si procede.,warning
similar_description,FDZ030,"Suministro y montaje de persiana de lamas fijas prefabricada de hormigón de 40x40 cm, de color gris, recibida con mortero de cemento, industrial, M-5. Totalmente montada.","Levenshtein=2 contra código FDZ030c: 'Suministro y montaje de persiana de lamas fijas prefabricada de hormigón de 50x50 cm, de color gris, recibida con morter'",Verificar si son la misma partida con typos / puntuación distinta. Fusionar si procede.,warning
similar_description,FDZ030,"Suministro y montaje de persiana de lamas fijas prefabricada de hormigón de 40x40 cm, de color gris, recibida con mortero de cemento, industrial, M-5. Totalmente montada.","Levenshtein=2 contra código FDZ030b: 'Suministro y montaje de persiana de lamas fijas prefabricada de hormigón de 60x60 cm, de color gris, recibida con morter'",Verificar si son la misma partida con typos / puntuación distinta. Fusionar si procede.,warning
similar_description,FDZ030c,"Suministro y montaje de persiana de lamas fijas prefabricada de hormigón de 50x50 cm, de color gris, recibida con mortero de cemento, industrial, M-5. Totalmente montada.","Levenshtein=2 contra código FDZ030b: 'Suministro y montaje de persiana de lamas fijas prefabricada de hormigón de 60x60 cm, de color gris, recibida con morter'",Verificar si son la misma partida con typos / puntuación distinta. Fusionar si procede.,warning
similar_description,FDZ030d,"Suministro y montaje de persiana de lamas fijas prefabricada de hormigón de 20x40 cm, de color gris, recibida con mortero de cemento, industrial, M-5. Totalmente montada.","Levenshtein=1 contra código FDZ030: 'Suministro y montaje de persiana de lamas fijas prefabricada de hormigón de 40x40 cm, de color gris, recibida con morter'",Verificar si son la misma partida con typos / puntuación distinta. Fusionar si procede.,warning
similar_description,FDZ030d,"Suministro y montaje de persiana de lamas fijas prefabricada de hormigón de 20x40 cm, de color gris, recibida con mortero de cemento, industrial, M-5. Totalmente montada.","Levenshtein=2 contra código FDZ030c: 'Suministro y montaje de persiana de lamas fijas prefabricada de hormigón de 50x50 cm, de color gris, recibida con morter'",Verificar si son la misma partida con typos / puntuación distinta. Fusionar si procede.,warning
similar_description,FDZ030d,"Suministro y montaje de persiana de lamas fijas prefabricada de hormigón de 20x40 cm, de color gris, recibida con mortero de cemento, industrial, M-5. Totalmente montada.","Levenshtein=2 contra código FDZ030b: 'Suministro y montaje de persiana de lamas fijas prefabricada de hormigón de 60x60 cm, de color gris, recibida con morter'",Verificar si son la misma partida con typos / puntuación distinta. Fusionar si procede.,warning
similar_description,FEF010b,"Ejecución de muro de 20 cm de espesor de fábrica de ladrillo cerámico hueco H-16, para revestir, 24x19x14 cm, recibida con mortero de cemento industrial, color gris, M-5. Incluso p/p de replanteo, niv","Levenshtein=2 contra código FEF010c: 'Ejecución de muro de 14 cm de espesor de fábrica de ladrillo cerámico hueco H-16, para revestir, 24x19x14 cm, recibida c'",Verificar si son la misma partida con typos / puntuación distinta. Fusionar si procede.,warning
similar_description,FEF020b,"Ejecución de muro de carga de 25 cm de espesor de fábrica de bloque de hormigón tipo alemán, de carga, color gris, 40x20x25 cm, categoría I, resistencia normalizada R10 (10 N/mm²), fabricado con grava","Levenshtein=3 contra código FEF020c: 'Ejecución de muro de carga de 20 cm de espesor de fábrica de bloque de hormigón tipo alemán, de carga, color gris, 50x20'",Verificar si son la misma partida con typos / puntuación distinta. Fusionar si procede.,warning
similar_description,FEF023,"Muro de contención de bloque de 25 cms de espesor de hormigón vibrado tipo H de encofrado perdido de 25x20x50, color gris, categoría I, resistencia normalizada R10 (10 N/mm²), fabricado con grava cali","Levenshtein=2 contra código FEF024: 'Muro de contención de bloque de 20 cms de espesor de hormigón vibrado tipo H de encofrado perdido de 20x20x50, color gri'",Verificar si son la misma partida con typos / puntuación distinta. Fusionar si procede.,warning
similar_description,FEF033,"Ejecución de muro de 20 cm de espesor de fábrica de ladrillo cerámico hueco de carga H-20, para revestir, 24x19x14 cm, resistencia a compresión 8 N/mm², recibida con mortero de cemento industrial, col","Levenshtein=2 contra código FEF010a: 'Ejecución de muro de 14 cm de espesor de fábrica de ladrillo cerámico hueco de carga H-20, para revestir, 24x19x14 cm, r'",Verificar si son la misma partida con typos / puntuación distinta. Fusionar si procede.,warning
similar_description,FFP040b,"Formación de fábrica de marés de 7 cm de espesor, con piezas de marés de Porreres, de 7x40x80 cm, recibida con mortero de cemento mallorquín y yeso de construcción B1. Incluso p/p de replanteo, nivela","Levenshtein=2 contra código FFP040: 'Formación de fábrica de marés de 5 cm de espesor, con piezas de marés de Porreres, de 5x40x80 cm, recibida con mortero d'",Verificar si son la misma partida con typos / puntuación distinta. Fusionar si procede.,warning
similar_description,FFQ010,"Fábrica de ladrillo de 5 cm de espesor de fábrica, de ladrillo cerámico Super 5, para revestir,5x19x33 cm, recibida con mortero de cemento portland y arena, dosificación 1:6, con banda elástica, de ba","Levenshtein=5 contra código FFQ010d: 'Fábrica de ladrillo de 8 cm de espesor de fábrica, de ladrillo cerámico Super H-6, para revestir, 8x19x33 cm, recibida c'",Verificar si son la misma partida con typos / puntuación distinta. Fusionar si procede.,warning
similar_description,FFZ020n,"Fábrica de 20 cm de espesor de bloque de hormigón tipo italiano de grava de mares, 50x20x20 cm, categoría II, resistencia normalizada R10 (10 N/mm²),reforzada con armadura de tendel prefabricada de ac","Levenshtein=4 contra código FFZ020x: 'Fábrica de 15 cm de espesor de bloque de hormigón tipo italiano de grava de mares, 50x20x15 cm, categoría II, resistenci'",Verificar si son la misma partida con typos / puntuación distinta. Fusionar si procede.,warning
similar_description,FFZ020n,"Fábrica de 20 cm de espesor de bloque de hormigón tipo italiano de grava de mares, 50x20x20 cm, categoría II, resistencia normalizada R10 (10 N/mm²),reforzada con armadura de tendel prefabricada de ac","Levenshtein=2 contra código FFZ020w: 'Fábrica de 10 cm de espesor de bloque de hormigón tipo italiano de grava de mares, 50x20x10 cm, categoría II, resistenci'",Verificar si son la misma partida con typos / puntuación distinta. Fusionar si procede.,warning
similar_description,FFZ020o,"Fábrica de bloque de 25 cm de espesor, en cerramiento de fachada, de bloque de hormigón tipo italiano, color gris, 40x20x25 cm, categoría II, resistencia normalizada R10 (10 N/mm²), [n_grava], , recib","Levenshtein=3 contra código FFZ020p: 'Fábrica de bloque de 20 cm de espesor, en cerramiento de fachada, de bloque de hormigón tipo italiano, color gris, 50x20'",Verificar si son la misma partida con typos / puntuación distinta. Fusionar si procede.,warning
similar_description,FFZ020o,"Fábrica de bloque de 25 cm de espesor, en cerramiento de fachada, de bloque de hormigón tipo italiano, color gris, 40x20x25 cm, categoría II, resistencia normalizada R10 (10 N/mm²), [n_grava], , recib","Levenshtein=3 contra código FFZ020q: 'Fábrica de bloque de 15 cm de espesor, en cerramiento de fachada, de bloque de hormigón tipo italiano, color gris, 50x20'",Verificar si son la misma partida con typos / puntuación distinta. Fusionar si procede.,warning
similar_description,FFZ020o,"Fábrica de bloque de 25 cm de espesor, en cerramiento de fachada, de bloque de hormigón tipo italiano, color gris, 40x20x25 cm, categoría II, resistencia normalizada R10 (10 N/mm²), [n_grava], , recib","Levenshtein=5 contra código FFZ020r: 'Fábrica de bloque de 10 cm de espesor, en cerramiento de fachada, de bloque de hormigón tipo italiano, color gris, 50x20'",Verificar si son la misma partida con typos / puntuación distinta. Fusionar si procede.,warning
similar_description,FFZ020p,"Fábrica de bloque de 20 cm de espesor, en cerramiento de fachada, de bloque de hormigón tipo italiano, color gris, 50x20x20 cm, categoría II, resistencia normalizada R10 (10 N/mm²), [n_grava], , recib","Levenshtein=4 contra código FFZ020q: 'Fábrica de bloque de 15 cm de espesor, en cerramiento de fachada, de bloque de hormigón tipo italiano, color gris, 50x20'",Verificar si son la misma partida con typos / puntuación distinta. Fusionar si procede.,warning
similar_description,FFZ020p,"Fábrica de bloque de 20 cm de espesor, en cerramiento de fachada, de bloque de hormigón tipo italiano, color gris, 50x20x20 cm, categoría II, resistencia normalizada R10 (10 N/mm²), [n_grava], , recib","Levenshtein=2 contra código FFZ020r: 'Fábrica de bloque de 10 cm de espesor, en cerramiento de fachada, de bloque de hormigón tipo italiano, color gris, 50x20'",Verificar si son la misma partida con typos / puntuación distinta. Fusionar si procede.,warning
similar_description,FFZ020q,"Fábrica de bloque de 15 cm de espesor, en cerramiento de fachada, de bloque de hormigón tipo italiano, color gris, 50x20x15 cm, categoría II, resistencia normalizada R10 (10 N/mm²), [n_grava], , recib","Levenshtein=2 contra código FFZ020r: 'Fábrica de bloque de 10 cm de espesor, en cerramiento de fachada, de bloque de hormigón tipo italiano, color gris, 50x20'",Verificar si son la misma partida con typos / puntuación distinta. Fusionar si procede.,warning
similar_description,FFZ020x,"Fábrica de 15 cm de espesor de bloque de hormigón tipo italiano de grava de mares, 50x20x15 cm, categoría II, resistencia normalizada R10 (10 N/mm²), reforzada con armadura de tendel prefabricada de a","Levenshtein=2 contra código FFZ020w: 'Fábrica de 10 cm de espesor de bloque de hormigón tipo italiano de grava de mares, 50x20x10 cm, categoría II, resistenci'",Verificar si son la misma partida con typos / puntuación distinta. Fusionar si procede.,warning
similar_description,FUO010,"Suministro y montaje de cerramiento acristalado plano con perfiles en ""U"" de vidrio impreso translúcido, de 41+262+41 mm y 6 mm de espesor, colocados en peine para pared simple. Incluso p/p de perfile","Levenshtein=5 contra código FUO010c: 'Suministro y montaje de cerramiento acristalado plano con perfiles en ""U"" de vidrio impreso translúcido, de 41+262+41 mm'",Verificar si son la misma partida con typos / puntuación distinta. Fusionar si procede.,warning
similar_description,FUV010,"Cerramiento de fachada de fábrica de bloques huecos de vidrio moldeado ondulado, incoloro, 190x90x80 mm, recibidos con adhesivo cementoso color blanco, compuesto por cemento blanco de alta resistencia","Levenshtein=1 contra código FUV010b: 'Cerramiento de fachada de fábrica de bloques huecos de vidrio moldeado ondulado, incoloro, 190x190x80 mm, recibidos con '",Verificar si son la misma partida con typos / puntuación distinta. Fusionar si procede.,warning
similar_description,FUV010,"Cerramiento de fachada de fábrica de bloques huecos de vidrio moldeado ondulado, incoloro, 190x90x80 mm, recibidos con adhesivo cementoso color blanco, compuesto por cemento blanco de alta resistencia","Levenshtein=4 contra código FUV010c: 'Cerramiento de fachada de fábrica de bloques huecos de vidrio moldeado ondulado, incoloro, 240x240x80 mm, recibidos con '",Verificar si son la misma partida con typos / puntuación distinta. Fusionar si procede.,warning
similar_description,FUV010b,"Cerramiento de fachada de fábrica de bloques huecos de vidrio moldeado ondulado, incoloro, 190x190x80 mm, recibidos con adhesivo cementoso color blanco, compuesto por cemento blanco de alta resistenci","Levenshtein=4 contra código FUV010c: 'Cerramiento de fachada de fábrica de bloques huecos de vidrio moldeado ondulado, incoloro, 240x240x80 mm, recibidos con '",Verificar si son la misma partida con typos / puntuación distinta. Fusionar si procede.,warning
similar_description,GRB005,"Canon de vertido por entrega de residuos inertes producidos en obras de construcción y/o demolición, con una densidad de 1,0 t/m³, en vertedero específico, instalación de tratamiento de residuos de co","Levenshtein=1 contra código GRB005c: 'Canon de vertido por entrega de residuos inertes producidos en obras de construcción y/o demolición, con una densidad de'",Verificar si son la misma partida con typos / puntuación distinta. Fusionar si procede.,warning
similar_description,GRB005,"Canon de vertido por entrega de residuos inertes producidos en obras de construcción y/o demolición, con una densidad de 1,0 t/m³, en vertedero específico, instalación de tratamiento de residuos de co","Levenshtein=1 contra código GRB005d: 'Canon de vertido por entrega de residuos inertes producidos en obras de construcción y/o demolición, con una densidad de'",Verificar si son la misma partida con typos / puntuación distinta. Fusionar si procede.,warning
similar_description,GRB005,"Canon de vertido por entrega de residuos inertes producidos en obras de construcción y/o demolición, con una densidad de 1,0 t/m³, en vertedero específico, instalación de tratamiento de residuos de co","Levenshtein=2 contra código GRB005e: 'Canon de vertido por entrega de residuos inertes producidos en obras de construcción y/o demolición, con una densidad de'",Verificar si son la misma partida con typos / puntuación distinta. Fusionar si procede.,warning
similar_description,GRB005b,"Canon de vertido por entrega de residuos inertes producidos en obras de construcción y/o demolición, con una densidad de 0,5 t/m³, en vertedero específico, instalación de tratamiento de residuos de co","Levenshtein=2 contra código GRB005: 'Canon de vertido por entrega de residuos inertes producidos en obras de construcción y/o demolición, con una densidad de'",Verificar si son la misma partida con typos / puntuación distinta. Fusionar si procede.,warning
similar_description,GRB005b,"Canon de vertido por entrega de residuos inertes producidos en obras de construcción y/o demolición, con una densidad de 0,5 t/m³, en vertedero específico, instalación de tratamiento de residuos de co","Levenshtein=1 contra código GRB005c: 'Canon de vertido por entrega de residuos inertes producidos en obras de construcción y/o demolición, con una densidad de'",Verificar si son la misma partida con typos / puntuación distinta. Fusionar si procede.,warning
similar_description,GRB005b,"Canon de vertido por entrega de residuos inertes producidos en obras de construcción y/o demolición, con una densidad de 0,5 t/m³, en vertedero específico, instalación de tratamiento de residuos de co","Levenshtein=2 contra código GRB005d: 'Canon de vertido por entrega de residuos inertes producidos en obras de construcción y/o demolición, con una densidad de'",Verificar si son la misma partida con typos / puntuación distinta. Fusionar si procede.,warning
similar_description,GRB005b,"Canon de vertido por entrega de residuos inertes producidos en obras de construcción y/o demolición, con una densidad de 0,5 t/m³, en vertedero específico, instalación de tratamiento de residuos de co","Levenshtein=1 contra código GRB005e: 'Canon de vertido por entrega de residuos inertes producidos en obras de construcción y/o demolición, con una densidad de'",Verificar si son la misma partida con typos / puntuación distinta. Fusionar si procede.,warning
similar_description,GRB005c,"Canon de vertido por entrega de residuos inertes producidos en obras de construcción y/o demolición, con una densidad de 1,5 t/m³, en vertedero específico, instalación de tratamiento de residuos de co","Levenshtein=2 contra código GRB005d: 'Canon de vertido por entrega de residuos inertes producidos en obras de construcción y/o demolición, con una densidad de'",Verificar si son la misma partida con typos / puntuación distinta. Fusionar si procede.,warning
similar_description,GRB005c,"Canon de vertido por entrega de residuos inertes producidos en obras de construcción y/o demolición, con una densidad de 1,5 t/m³, en vertedero específico, instalación de tratamiento de residuos de co","Levenshtein=1 contra código GRB005e: 'Canon de vertido por entrega de residuos inertes producidos en obras de construcción y/o demolición, con una densidad de'",Verificar si son la misma partida con typos / puntuación distinta. Fusionar si procede.,warning
similar_description,GRB005d,"Canon de vertido por entrega de residuos inertes producidos en obras de construcción y/o demolición, con una densidad de 2,0 t/m³, en vertedero específico, instalación de tratamiento de residuos de co","Levenshtein=1 contra código GRB005e: 'Canon de vertido por entrega de residuos inertes producidos en obras de construcción y/o demolición, con una densidad de'",Verificar si son la misma partida con typos / puntuación distinta. Fusionar si procede.,warning
similar_description,HEC010,"Colocación y fijación de premarco de aluminio o de acero galvanizado, mediante recibido al paramento de las patillas de anclaje con mortero de cemento, industrial, con aditivo hidrófugo, M-10, para fi","Levenshtein=5 contra código HEC010c: 'Colocación y fijación de premarco de aluminio o de acero galvanizado, mediante recibido al paramento de las patillas de '",Verificar si son la misma partida con typos / puntuación distinta. Fusionar si procede.,warning
similar_description,ICD010,"Suministro e instalación de depósito homologado de gasóleo enterrado de chapa de acero, de simple pared contenido en cubeto, con una capacidad de 1000 litros. Incluso medidor de nivel, interruptor de ","Levenshtein=1 contra código ICD010b: 'Suministro e instalación de depósito homologado de gasóleo enterrado de chapa de acero, de simple pared contenido en cub'",Verificar si son la misma partida con typos / puntuación distinta. Fusionar si procede.,warning
similar_description,ICE040,"Suministro e instalación de radiador de aluminio inyectado, emisión calorífica 477 kcal/h, según UNE-EN 442-1, para una diferencia media de temperatura de 50°C entre el radiador y el ambiente, compues","Levenshtein=4 contra código ICE040b: 'Suministro e instalación de radiador de aluminio inyectado, emisión calorífica 636 kcal/h, según UNE-EN 442-1, para una '",Verificar si son la misma partida con typos / puntuación distinta. Fusionar si procede.,warning
similar_description,ICE040,"Suministro e instalación de radiador de aluminio inyectado, emisión calorífica 477 kcal/h, según UNE-EN 442-1, para una diferencia media de temperatura de 50°C entre el radiador y el ambiente, compues","Levenshtein=5 contra código ICE040c: 'Suministro e instalación de radiador de aluminio inyectado, emisión calorífica 795 kcal/h, según UNE-EN 442-1, para una '",Verificar si son la misma partida con typos / puntuación distinta. Fusionar si procede.,warning
similar_description,ICE040b,"Suministro e instalación de radiador de aluminio inyectado, emisión calorífica 636 kcal/h, según UNE-EN 442-1, para una diferencia media de temperatura de 50°C entre el radiador y el ambiente, compues","Levenshtein=5 contra código ICE040c: 'Suministro e instalación de radiador de aluminio inyectado, emisión calorífica 795 kcal/h, según UNE-EN 442-1, para una '",Verificar si son la misma partida con typos / puntuación distinta. Fusionar si procede.,warning
similar_description,ICE040c,"Suministro e instalación de radiador de aluminio inyectado, emisión calorífica 795 kcal/h, según UNE-EN 442-1, para una diferencia media de temperatura de 50°C entre el radiador y el ambiente, compues","Levenshtein=5 contra código ICE040i: 'Suministro e instalación de radiador de aluminio inyectado, emisión calorífica 1191 kcal/h, según UNE-EN 442-1, para una'",Verificar si son la misma partida con typos / puntuación distinta. Fusionar si procede.,warning
similar_description,ICE040d,"Suministro e instalación de radiador de aluminio inyectado, emisión calorífica 623,4 kcal/h, según UNE-EN 442-1, para una diferencia media de temperatura de 50°C entre el radiador y el ambiente, compu","Levenshtein=5 contra código ICE040e: 'Suministro e instalación de radiador de aluminio inyectado, emisión calorífica 831,2 kcal/h, según UNE-EN 442-1, para un'",Verificar si son la misma partida con typos / puntuación distinta. Fusionar si procede.,warning
similar_description,ICE040d,"Suministro e instalación de radiador de aluminio inyectado, emisión calorífica 623,4 kcal/h, según UNE-EN 442-1, para una diferencia media de temperatura de 50°C entre el radiador y el ambiente, compu","Levenshtein=5 contra código ICE040g: 'Suministro e instalación de radiador de aluminio inyectado, emisión calorífica 714,6 kcal/h, según UNE-EN 442-1, para un'",Verificar si son la misma partida con typos / puntuación distinta. Fusionar si procede.,warning
similar_description,ICE040d,"Suministro e instalación de radiador de aluminio inyectado, emisión calorífica 623,4 kcal/h, según UNE-EN 442-1, para una diferencia media de temperatura de 50°C entre el radiador y el ambiente, compu","Levenshtein=5 contra código ICE040j: 'Suministro e instalación de radiador de aluminio inyectado, emisión calorífica 802,2 kcal/h, según UNE-EN 442-1, para un'",Verificar si son la misma partida con typos / puntuación distinta. Fusionar si procede.,warning
similar_description,ICE040e,"Suministro e instalación de radiador de aluminio inyectado, emisión calorífica 831,2 kcal/h, según UNE-EN 442-1, para una diferencia media de temperatura de 50°C entre el radiador y el ambiente, compu","Levenshtein=5 contra código ICE040h: 'Suministro e instalación de radiador de aluminio inyectado, emisión calorífica 952,8 kcal/h, según UNE-EN 442-1, para un'",Verificar si son la misma partida con typos / puntuación distinta. Fusionar si procede.,warning
similar_description,ICE040e,"Suministro e instalación de radiador de aluminio inyectado, emisión calorífica 831,2 kcal/h, según UNE-EN 442-1, para una diferencia media de temperatura de 50°C entre el radiador y el ambiente, compu","Levenshtein=4 contra código ICE040j: 'Suministro e instalación de radiador de aluminio inyectado, emisión calorífica 802,2 kcal/h, según UNE-EN 442-1, para un'",Verificar si son la misma partida con typos / puntuación distinta. Fusionar si procede.,warning
similar_description,ICE040f,"Suministro e instalación de radiador de aluminio inyectado, emisión calorífica 1039 kcal/h, según UNE-EN 442-1, para una diferencia media de temperatura de 50°C entre el radiador y el ambiente, compue","Levenshtein=4 contra código ICE040i: 'Suministro e instalación de radiador de aluminio inyectado, emisión calorífica 1191 kcal/h, según UNE-EN 442-1, para una'",Verificar si son la misma partida con typos / puntuación distinta. Fusionar si procede.,warning
similar_description,ICE040f,"Suministro e instalación de radiador de aluminio inyectado, emisión calorífica 1039 kcal/h, según UNE-EN 442-1, para una diferencia media de temperatura de 50°C entre el radiador y el ambiente, compue","Levenshtein=3 contra código ICE040l: 'Suministro e instalación de radiador de aluminio inyectado, emisión calorífica 1337 kcal/h, según UNE-EN 442-1, para una'",Verificar si son la misma partida con typos / puntuación distinta. Fusionar si procede.,warning
similar_description,ICE040g,"Suministro e instalación de radiador de aluminio inyectado, emisión calorífica 714,6 kcal/h, según UNE-EN 442-1, para una diferencia media de temperatura de 50°C entre el radiador y el ambiente, compu","Levenshtein=5 contra código ICE040h: 'Suministro e instalación de radiador de aluminio inyectado, emisión calorífica 952,8 kcal/h, según UNE-EN 442-1, para un'",Verificar si son la misma partida con typos / puntuación distinta. Fusionar si procede.,warning
similar_description,ICE040g,"Suministro e instalación de radiador de aluminio inyectado, emisión calorífica 714,6 kcal/h, según UNE-EN 442-1, para una diferencia media de temperatura de 50°C entre el radiador y el ambiente, compu","Levenshtein=5 contra código ICE040j: 'Suministro e instalación de radiador de aluminio inyectado, emisión calorífica 802,2 kcal/h, según UNE-EN 442-1, para un'",Verificar si son la misma partida con typos / puntuación distinta. Fusionar si procede.,warning
similar_description,ICE040h,"Suministro e instalación de radiador de aluminio inyectado, emisión calorífica 952,8 kcal/h, según UNE-EN 442-1, para una diferencia media de temperatura de 50°C entre el radiador y el ambiente, compu","Levenshtein=5 contra código ICE040j: 'Suministro e instalación de radiador de aluminio inyectado, emisión calorífica 802,2 kcal/h, según UNE-EN 442-1, para un'",Verificar si son la misma partida con typos / puntuación distinta. Fusionar si procede.,warning
similar_description,ICE040i,"Suministro e instalación de radiador de aluminio inyectado, emisión calorífica 1191 kcal/h, según UNE-EN 442-1, para una diferencia media de temperatura de 50°C entre el radiador y el ambiente, compue","Levenshtein=4 contra código ICE040l: 'Suministro e instalación de radiador de aluminio inyectado, emisión calorífica 1337 kcal/h, según UNE-EN 442-1, para una'",Verificar si son la misma partida con typos / puntuación distinta. Fusionar si procede.,warning
similar_description,ICE040j,"Suministro e instalación de radiador de aluminio inyectado, emisión calorífica 802,2 kcal/h, según UNE-EN 442-1, para una diferencia media de temperatura de 50°C entre el radiador y el ambiente, compu","Levenshtein=5 contra código ICE040k: 'Suministro e instalación de radiador de aluminio inyectado, emisión calorífica 1069,6 kcal/h, según UNE-EN 442-1, para u'",Verificar si son la misma partida con typos / puntuación distinta. Fusionar si procede.,warning
similar_description,ICE040m,"Suministro e instalación de radiador de hierro fundido, emisión calorífica 304,2 kcal/h, según UNE-EN 442-1, para una diferencia media de temperatura de 50°C entre el radiador y el ambiente, compuesto","Levenshtein=4 contra código ICE040n: 'Suministro e instalación de radiador de hierro fundido, emisión calorífica 405,6 kcal/h, según UNE-EN 442-1, para una di'",Verificar si son la misma partida con typos / puntuación distinta. Fusionar si procede.,warning
similar_description,ICE040m,"Suministro e instalación de radiador de hierro fundido, emisión calorífica 304,2 kcal/h, según UNE-EN 442-1, para una diferencia media de temperatura de 50°C entre el radiador y el ambiente, compuesto","Levenshtein=5 contra código ICE040p: 'Suministro e instalación de radiador de hierro fundido, emisión calorífica 380,4 kcal/h, según UNE-EN 442-1, para una di'",Verificar si son la misma partida con typos / puntuación distinta. Fusionar si procede.,warning
similar_description,ICE040m,"Suministro e instalación de radiador de hierro fundido, emisión calorífica 304,2 kcal/h, según UNE-EN 442-1, para una diferencia media de temperatura de 50°C entre el radiador y el ambiente, compuesto","Levenshtein=5 contra código ICE040q: 'Suministro e instalación de radiador de hierro fundido, emisión calorífica 507,2 kcal/h, según UNE-EN 442-1, para una di'",Verificar si son la misma partida con typos / puntuación distinta. Fusionar si procede.,warning
similar_description,ICE040n,"Suministro e instalación de radiador de hierro fundido, emisión calorífica 405,6 kcal/h, según UNE-EN 442-1, para una diferencia media de temperatura de 50°C entre el radiador y el ambiente, compuesto","Levenshtein=5 contra código ICE040q: 'Suministro e instalación de radiador de hierro fundido, emisión calorífica 507,2 kcal/h, según UNE-EN 442-1, para una di'",Verificar si son la misma partida con typos / puntuación distinta. Fusionar si procede.,warning
similar_description,ICE040o,"Suministro e instalación de radiador de hierro fundido, emisión calorífica 507 kcal/h, según UNE-EN 442-1, para una diferencia media de temperatura de 50°C entre el radiador y el ambiente, compuesto d","Levenshtein=5 contra código ICE040r: 'Suministro e instalación de radiador de hierro fundido, emisión calorífica 634 kcal/h, según UNE-EN 442-1, para una dife'",Verificar si son la misma partida con typos / puntuación distinta. Fusionar si procede.,warning
similar_description,ICE040p,"Suministro e instalación de radiador de hierro fundido, emisión calorífica 380,4 kcal/h, según UNE-EN 442-1, para una diferencia media de temperatura de 50°C entre el radiador y el ambiente, compuesto","Levenshtein=5 contra código ICE040q: 'Suministro e instalación de radiador de hierro fundido, emisión calorífica 507,2 kcal/h, según UNE-EN 442-1, para una di'",Verificar si son la misma partida con typos / puntuación distinta. Fusionar si procede.,warning
similar_description,ICE040v,"Suministro e instalación de radiador de acero, emisión calorífica 272,4 kcal/h, según UNE-EN 442-1, para una diferencia media de temperatura de 50°C entre el radiador y el ambiente, compuesto de 6 ele","Levenshtein=5 contra código ICE040w: 'Suministro e instalación de radiador de acero, emisión calorífica 363,2 kcal/h, según UNE-EN 442-1, para una diferencia '",Verificar si son la misma partida con typos / puntuación distinta. Fusionar si procede.,warning
similar_description,ICE040x,"Suministro e instalación de radiador de acero, emisión calorífica 454 kcal/h, según UNE-EN 442-1, para una diferencia media de temperatura de 50°C entre el radiador y el ambiente, compuesto de 10 elem","Levenshtein=5 contra código ICE040ba: 'Suministro e instalación de radiador de acero, emisión calorífica 560 kcal/h, según UNE-EN 442-1, para una diferencia me'",Verificar si son la misma partida con typos / puntuación distinta. Fusionar si procede.,warning
similar_description,ICE040y,"Suministro e instalación de radiador de acero, emisión calorífica 336 kcal/h, según UNE-EN 442-1, para una diferencia media de temperatura de 50°C entre el radiador y el ambiente, compuesto de 6 eleme","Levenshtein=4 contra código ICE040z: 'Suministro e instalación de radiador de acero, emisión calorífica 448 kcal/h, según UNE-EN 442-1, para una diferencia me'",Verificar si son la misma partida con typos / puntuación distinta. Fusionar si procede.,warning
similar_description,ICE040y,"Suministro e instalación de radiador de acero, emisión calorífica 336 kcal/h, según UNE-EN 442-1, para una diferencia media de temperatura de 50°C entre el radiador y el ambiente, compuesto de 6 eleme","Levenshtein=5 contra código ICE040ba: 'Suministro e instalación de radiador de acero, emisión calorífica 560 kcal/h, según UNE-EN 442-1, para una diferencia me'",Verificar si son la misma partida con typos / puntuación distinta. Fusionar si procede.,warning
similar_description,ICE040z,"Suministro e instalación de radiador de acero, emisión calorífica 448 kcal/h, según UNE-EN 442-1, para una diferencia media de temperatura de 50°C entre el radiador y el ambiente, compuesto de 8 eleme","Levenshtein=5 contra código ICE040ba: 'Suministro e instalación de radiador de acero, emisión calorífica 560 kcal/h, según UNE-EN 442-1, para una diferencia me'",Verificar si son la misma partida con typos / puntuación distinta. Fusionar si procede.,warning
similar_description,ICE045,"Suministro e instalación de panel doble con convector doble, de chapa de acero, en instalaciones de agua caliente hasta 6 bar y 110°C, de 400x900x100 mm, emisión calorífica 909 kcal/h para una diferen","Levenshtein=5 contra código ICE045c: 'Suministro e instalación de panel doble con convector doble, de chapa de acero, en instalaciones de agua caliente hasta '",Verificar si son la misma partida con typos / puntuación distinta. Fusionar si procede.,warning
similar_description,ICE045,"Suministro e instalación de panel doble con convector doble, de chapa de acero, en instalaciones de agua caliente hasta 6 bar y 110°C, de 400x900x100 mm, emisión calorífica 909 kcal/h para una diferen","Levenshtein=5 contra código ICE045e: 'Suministro e instalación de panel doble con convector doble, de chapa de acero, en instalaciones de agua caliente hasta '",Verificar si son la misma partida con typos / puntuación distinta. Fusionar si procede.,warning
similar_description,ICE045b,"Suministro e instalación de panel doble con convector doble, de chapa de acero, en instalaciones de agua caliente hasta 6 bar y 110°C, de 400x1200x100 mm, emisión calorífica 1213 kcal/h para una difer","Levenshtein=4 contra código ICE045d: 'Suministro e instalación de panel doble con convector doble, de chapa de acero, en instalaciones de agua caliente hasta '",Verificar si son la misma partida con typos / puntuación distinta. Fusionar si procede.,warning
similar_description,ICE045b,"Suministro e instalación de panel doble con convector doble, de chapa de acero, en instalaciones de agua caliente hasta 6 bar y 110°C, de 400x1200x100 mm, emisión calorífica 1213 kcal/h para una difer","Levenshtein=4 contra código ICE045f: 'Suministro e instalación de panel doble con convector doble, de chapa de acero, en instalaciones de agua caliente hasta '",Verificar si son la misma partida con typos / puntuación distinta. Fusionar si procede.,warning
similar_description,ICE045c,"Suministro e instalación de panel doble con convector doble, de chapa de acero, en instalaciones de agua caliente hasta 6 bar y 110°C, de 500x900x100 mm, emisión calorífica 1182 kcal/h para una difere","Levenshtein=4 contra código ICE045e: 'Suministro e instalación de panel doble con convector doble, de chapa de acero, en instalaciones de agua caliente hasta '",Verificar si son la misma partida con typos / puntuación distinta. Fusionar si procede.,warning
similar_description,ICE045c,"Suministro e instalación de panel doble con convector doble, de chapa de acero, en instalaciones de agua caliente hasta 6 bar y 110°C, de 500x900x100 mm, emisión calorífica 1182 kcal/h para una difere","Levenshtein=5 contra código ICE045d: 'Suministro e instalación de panel doble con convector doble, de chapa de acero, en instalaciones de agua caliente hasta '",Verificar si son la misma partida con typos / puntuación distinta. Fusionar si procede.,warning
similar_description,ICE045d,"Suministro e instalación de panel doble con convector doble, de chapa de acero, en instalaciones de agua caliente hasta 6 bar y 110°C, de 500x1200x100 mm, emisión calorífica 1575 kcal/h para una difer","Levenshtein=4 contra código ICE045f: 'Suministro e instalación de panel doble con convector doble, de chapa de acero, en instalaciones de agua caliente hasta '",Verificar si son la misma partida con typos / puntuación distinta. Fusionar si procede.,warning
similar_description,ICE045e,"Suministro e instalación de panel doble con convector doble, de chapa de acero, en instalaciones de agua caliente hasta 6 bar y 110°C, de 600x900x100 mm, emisión calorífica 1377 kcal/h para una difere","Levenshtein=5 contra código ICE045d: 'Suministro e instalación de panel doble con convector doble, de chapa de acero, en instalaciones de agua caliente hasta '",Verificar si son la misma partida con typos / puntuación distinta. Fusionar si procede.,warning
similar_description,ICE045e,"Suministro e instalación de panel doble con convector doble, de chapa de acero, en instalaciones de agua caliente hasta 6 bar y 110°C, de 600x900x100 mm, emisión calorífica 1377 kcal/h para una difere","Levenshtein=5 contra código ICE045f: 'Suministro e instalación de panel doble con convector doble, de chapa de acero, en instalaciones de agua caliente hasta '",Verificar si son la misma partida con typos / puntuación distinta. Fusionar si procede.,warning
similar_description,ICM010b,"Suministro e instalación de emisor térmico seco, potencia 1000 W, panel de control con selector de temperatura y programador y display digitales, de aluminio extruido, doble resistencia, de 8 elemento","Levenshtein=5 contra código ICM010c: 'Suministro e instalación de emisor térmico seco, potencia 1500 W, panel de control con selector de temperatura y program'",Verificar si son la misma partida con typos / puntuación distinta. Fusionar si procede.,warning
similar_description,ICR030,"Suministro y montaje de rejilla de impulsión, de aluminio extruido, anodizado color natural E6-C-0, con lamas horizontales regulables individualmente, de 625x125 mm, con parte posterior de chapa de ac","Levenshtein=2 contra código ICR030b: 'Suministro y montaje de rejilla de impulsión, de aluminio extruido, anodizado color natural E6-C-0, con lamas horizontal'",Verificar si son la misma partida con typos / puntuación distinta. Fusionar si procede.,warning
similar_description,ICR030c,"Suministro y montaje de rejilla de impulsión de aluminio extruido, con doble deflexión con lamas móviles horizontales delanteras y verticales traseras, compuerta de regulación de caudal accionable man","Levenshtein=1 contra código ICR030d: 'Suministro y montaje de rejilla de impulsión de aluminio extruido, con doble deflexión con lamas móviles horizontales de'",Verificar si son la misma partida con typos / puntuación distinta. Fusionar si procede.,warning
similar_description,ICR050,"Suministro y montaje de rejilla de retorno, de aluminio extruido, anodizado color natural E6-C-0, con lamas horizontales regulables individualmente, de 625x125 mm, fijación oculta (con marco de montaj","Levenshtein=2 contra código ICR050c: 'Suministro y montaje de rejilla de retorno, de aluminio extruido, anodizado color natural E6-C-0, con lamas horizontales'",Verificar si son la misma partida con typos / puntuación distinta. Fusionar si procede.,warning
similar_description,ICR050b,"Suministro y montaje de rejilla de retorno, de aluminio extruido, anodizado color natural E6-C-0, con lamas horizontales regulables individualmente, de 625x125 mm, parte posterior de chapa de acero pi","Levenshtein=2 contra código ICR050d: 'Suministro y montaje de rejilla de retorno, de aluminio extruido, anodizado color natural E6-C-0, con lamas horizontales'",Verificar si son la misma partida con typos / puntuación distinta. Fusionar si procede.,warning
similar_description,ICS010,"Suministro e instalación de tubería de distribución de agua caliente de calefacción formada por tubo de cobre rígido con pared de 1 mm de espesor y 16/18 mm de diámetro, colocado superficialmente en e",Levenshtein=4 contra código ICS010b: 'Suministro e instalación de tubería de distribución de agua caliente de calefacción formada por tubo de cobre rígido con',Verificar si son la misma partida con typos / puntuación distinta. Fusionar si procede.,warning
similar_description,ICS010,"Suministro e instalación de tubería de distribución de agua caliente de calefacción formada por tubo de cobre rígido con pared de 1 mm de espesor y 16/18 mm de diámetro, colocado superficialmente en e",Levenshtein=2 contra código ICS010c: 'Suministro e instalación de tubería de distribución de agua caliente de calefacción formada por tubo de cobre rígido con',Verificar si son la misma partida con typos / puntuación distinta. Fusionar si procede.,warning
similar_description,ICS010b,"Suministro e instalación de tubería de distribución de agua caliente de calefacción formada por tubo de cobre rígido con pared de 1 mm de espesor y 20/22 mm de diámetro, colocado superficialmente en e",Levenshtein=2 contra código ICS010c: 'Suministro e instalación de tubería de distribución de agua caliente de calefacción formada por tubo de cobre rígido con',Verificar si son la misma partida con typos / puntuación distinta. Fusionar si procede.,warning
similar_description,ICS010d,"Suministro e instalación de tubería de distribución de agua caliente de calefacción formada por tubo de cobre rígido con pared de 1 mm de espesor y 13/15 mm de diámetro, colocado superficialmente en e",Levenshtein=2 contra código ICS010: 'Suministro e instalación de tubería de distribución de agua caliente de calefacción formada por tubo de cobre rígido con',Verificar si son la misma partida con typos / puntuación distinta. Fusionar si procede.,warning
similar_description,ICS010d,"Suministro e instalación de tubería de distribución de agua caliente de calefacción formada por tubo de cobre rígido con pared de 1 mm de espesor y 13/15 mm de diámetro, colocado superficialmente en e",Levenshtein=4 contra código ICS010b: 'Suministro e instalación de tubería de distribución de agua caliente de calefacción formada por tubo de cobre rígido con',Verificar si son la misma partida con typos / puntuación distinta. Fusionar si procede.,warning
similar_description,ICS010d,"Suministro e instalación de tubería de distribución de agua caliente de calefacción formada por tubo de cobre rígido con pared de 1 mm de espesor y 13/15 mm de diámetro, colocado superficialmente en e",Levenshtein=4 contra código ICS010c: 'Suministro e instalación de tubería de distribución de agua caliente de calefacción formada por tubo de cobre rígido con',Verificar si son la misma partida con typos / puntuación distinta. Fusionar si procede.,warning
similar_description,ICS010e,"Suministro e instalación de tubería de distribución de agua caliente de calefacción formada por tubo de polietileno reticulado (PE-Xa), con barrera de oxígeno (EVOH), de 16 mm de diámetro exterior y 2",Levenshtein=2 contra código ICS010f: 'Suministro e instalación de tubería de distribución de agua caliente de calefacción formada por tubo de polietileno reti',Verificar si son la misma partida con typos / puntuación distinta. Fusionar si procede.,warning
similar_description,ICS040,"Suministro e instalación de vaso de expansión cerrado con una capacidad de 25 l, 425 mm de altura, 320 mm de diámetro, con rosca de 3/4"" de diámetro y 10 bar de presión. Incluso manómetro y elementos ","Levenshtein=3 contra código ICS040b: 'Suministro e instalación de vaso de expansión cerrado con una capacidad de 35 l, 465 mm de altura, 360 mm de diámetro, c'",Verificar si son la misma partida con typos / puntuación distinta. Fusionar si procede.,warning
similar_description,IFD050,"Suministro e instalación de depósito de superficie de poliéster reforzado con fibra de vidrio, cilíndrico, de 500 litros, con tapa, aireador y rebosadero, para agua potable; válvula de corte de compue","Levenshtein=2 contra código IFD050b: 'Suministro e instalación de depósito de superficie de poliéster reforzado con fibra de vidrio, cilíndrico, de 1000 litro'",Verificar si son la misma partida con typos / puntuación distinta. Fusionar si procede.,warning
similar_description,IFI005b,"Suministro y montaje de tubería para instalación interior, colocada superficialmente y fijada al paramento, formada por tubo de policloruro de vinilo no plastificado (PVC-U), de 63 mm de diámetro exte","Levenshtein=5 contra código IFI005: 'Suministro y montaje de tubería para instalación interior, colocada superficialmente y fijada al paramento, formada por '",Verificar si son la misma partida con typos / puntuación distinta. Fusionar si procede.,warning
similar_description,IFI008,"Suministro e instalación de válvula de esfera de latón niquelado para roscar de 3/8"". Totalmente montada, conexionada y probada.","Levenshtein=2 contra código IFI008b: 'Suministro e instalación de válvula de esfera de latón niquelado para roscar de 1/2"". Totalmente montada, conexionada y '",Verificar si son la misma partida con typos / puntuación distinta. Fusionar si procede.,warning
similar_description,IFI008,"Suministro e instalación de válvula de esfera de latón niquelado para roscar de 3/8"". Totalmente montada, conexionada y probada.","Levenshtein=1 contra código IFI008c: 'Suministro e instalación de válvula de esfera de latón niquelado para roscar de 3/4"". Totalmente montada, conexionada y '",Verificar si son la misma partida con typos / puntuación distinta. Fusionar si procede.,warning
similar_description,IFI008,"Suministro e instalación de válvula de esfera de latón niquelado para roscar de 3/8"". Totalmente montada, conexionada y probada.","Levenshtein=4 contra código IFI008e: 'Suministro e instalación de válvula de esfera de latón niquelado para roscar de 1 1/4"". Totalmente montada, conexionada '",Verificar si son la misma partida con typos / puntuación distinta. Fusionar si procede.,warning
similar_description,IFI008b,"Suministro e instalación de válvula de esfera de latón niquelado para roscar de 1/2"". Totalmente montada, conexionada y probada.","Levenshtein=2 contra código IFI008c: 'Suministro e instalación de válvula de esfera de latón niquelado para roscar de 3/4"". Totalmente montada, conexionada y '",Verificar si son la misma partida con typos / puntuación distinta. Fusionar si procede.,warning
similar_description,IFI008b,"Suministro e instalación de válvula de esfera de latón niquelado para roscar de 1/2"". Totalmente montada, conexionada y probada.","Levenshtein=3 contra código IFI008e: 'Suministro e instalación de válvula de esfera de latón niquelado para roscar de 1 1/4"". Totalmente montada, conexionada '",Verificar si son la misma partida con typos / puntuación distinta. Fusionar si procede.,warning
similar_description,IFI008c,"Suministro e instalación de válvula de esfera de latón niquelado para roscar de 3/4"". Totalmente montada, conexionada y probada.","Levenshtein=3 contra código IFI008e: 'Suministro e instalación de válvula de esfera de latón niquelado para roscar de 1 1/4"". Totalmente montada, conexionada '",Verificar si son la misma partida con typos / puntuación distinta. Fusionar si procede.,warning
similar_description,IFI008d,"Suministro e instalación de válvula de esfera de latón niquelado para roscar de 1"". Totalmente montada, conexionada y probada.","Levenshtein=3 contra código IFI008: 'Suministro e instalación de válvula de esfera de latón niquelado para roscar de 3/8"". Totalmente montada, conexionada y '",Verificar si son la misma partida con typos / puntuación distinta. Fusionar si procede.,warning
similar_description,IFI008d,"Suministro e instalación de válvula de esfera de latón niquelado para roscar de 1"". Totalmente montada, conexionada y probada.","Levenshtein=2 contra código IFI008b: 'Suministro e instalación de válvula de esfera de latón niquelado para roscar de 1/2"". Totalmente montada, conexionada y '",Verificar si son la misma partida con typos / puntuación distinta. Fusionar si procede.,warning
similar_description,IFI008d,"Suministro e instalación de válvula de esfera de latón niquelado para roscar de 1"". Totalmente montada, conexionada y probada.","Levenshtein=3 contra código IFI008c: 'Suministro e instalación de válvula de esfera de latón niquelado para roscar de 3/4"". Totalmente montada, conexionada y '",Verificar si son la misma partida con typos / puntuación distinta. Fusionar si procede.,warning
similar_description,IFI008d,"Suministro e instalación de válvula de esfera de latón niquelado para roscar de 1"". Totalmente montada, conexionada y probada.","Levenshtein=4 contra código IFI008e: 'Suministro e instalación de válvula de esfera de latón niquelado para roscar de 1 1/4"". Totalmente montada, conexionada '",Verificar si son la misma partida con typos / puntuación distinta. Fusionar si procede.,warning
similar_description,IFI008f,"Suministro e instalación de válvula de compuerta de latón fundido, de diámetro 1"". Totalmente montada, conexionada y probada.","Levenshtein=3 contra código IFI008g: 'Suministro e instalación de válvula de compuerta de latón fundido, de diámetro 3/4"". Totalmente montada, conexionada y p'",Verificar si son la misma partida con typos / puntuación distinta. Fusionar si procede.,warning
similar_description,ISB010,"Suministro y montaje de bajante interior de la red de evacuación de aguas residuales, formada por tubo de PVC, serie B, de 50 mm de diámetro y 3 mm de espesor; unión pegada con adhesivo. Incluso líqui","Levenshtein=2 contra código ISB010c: 'Suministro y montaje de bajante interior de la red de evacuación de aguas residuales, formada por tubo de PVC, serie B, '",Verificar si son la misma partida con typos / puntuación distinta. Fusionar si procede.,warning
similar_description,ISB010,"Suministro y montaje de bajante interior de la red de evacuación de aguas residuales, formada por tubo de PVC, serie B, de 50 mm de diámetro y 3 mm de espesor; unión pegada con adhesivo. Incluso líqui","Levenshtein=3 contra código ISB010e: 'Suministro y montaje de bajante interior de la red de evacuación de aguas residuales, formada por tubo de PVC, serie B, '",Verificar si son la misma partida con typos / puntuación distinta. Fusionar si procede.,warning
similar_description,ISB010,"Suministro y montaje de bajante interior de la red de evacuación de aguas residuales, formada por tubo de PVC, serie B, de 50 mm de diámetro y 3 mm de espesor; unión pegada con adhesivo. Incluso líqui","Levenshtein=4 contra código ISB010g: 'Suministro y montaje de bajante interior de la red de evacuación de aguas residuales, formada por tubo de PVC, serie B, '",Verificar si son la misma partida con typos / puntuación distinta. Fusionar si procede.,warning
similar_description,ISB010,"Suministro y montaje de bajante interior de la red de evacuación de aguas residuales, formada por tubo de PVC, serie B, de 50 mm de diámetro y 3 mm de espesor; unión pegada con adhesivo. Incluso líqui","Levenshtein=5 contra código ISB010i: 'Suministro y montaje de bajante interior de la red de evacuación de aguas residuales, formada por tubo de PVC, serie B, '",Verificar si son la misma partida con typos / puntuación distinta. Fusionar si procede.,warning
similar_description,ISB010,"Suministro y montaje de bajante interior de la red de evacuación de aguas residuales, formada por tubo de PVC, serie B, de 50 mm de diámetro y 3 mm de espesor; unión pegada con adhesivo. Incluso líqui","Levenshtein=4 contra código ISB010w: 'Suministro y montaje de bajante interior de la red de evacuación de aguas residuales, formada por tubo de PVC, serie B, '",Verificar si son la misma partida con typos / puntuación distinta. Fusionar si procede.,warning
similar_description,ISB010b,"Suministro y montaje de bajante interior insonorizada de la red de evacuación de aguas residuales, formada por tubo de PVC-U, ABS, ASA y PVC-U con carga mineral, de 78 mm de diámetro y 4,9 mm de espes","Levenshtein=4 contra código ISB010d: 'Suministro y montaje de bajante interior insonorizada de la red de evacuación de aguas residuales, formada por tubo de P'",Verificar si son la misma partida con typos / puntuación distinta. Fusionar si procede.,warning
similar_description,ISB010b,"Suministro y montaje de bajante interior insonorizada de la red de evacuación de aguas residuales, formada por tubo de PVC-U, ABS, ASA y PVC-U con carga mineral, de 78 mm de diámetro y 4,9 mm de espes","Levenshtein=5 contra código ISB010h1: 'Suministro y montaje de bajante interior insonorizada de la red de evacuación de aguas residuales, formada por tubo de P'",Verificar si son la misma partida con typos / puntuación distinta. Fusionar si procede.,warning
similar_description,ISB010b,"Suministro y montaje de bajante interior insonorizada de la red de evacuación de aguas residuales, formada por tubo de PVC-U, ABS, ASA y PVC-U con carga mineral, de 78 mm de diámetro y 4,9 mm de espes","Levenshtein=5 contra código ISB010i1: 'Suministro y montaje de bajante interior insonorizada de la red de evacuación de aguas residuales, formada por tubo de P'",Verificar si son la misma partida con typos / puntuación distinta. Fusionar si procede.,warning
similar_description,ISB010c,"Suministro y montaje de bajante interior de la red de evacuación de aguas residuales, formada por tubo de PVC, serie B, de 75 mm de diámetro y 3 mm de espesor; unión pegada con adhesivo. Incluso líqui","Levenshtein=4 contra código ISB010e: 'Suministro y montaje de bajante interior de la red de evacuación de aguas residuales, formada por tubo de PVC, serie B, '",Verificar si son la misma partida con typos / puntuación distinta. Fusionar si procede.,warning
similar_description,ISB010c,"Suministro y montaje de bajante interior de la red de evacuación de aguas residuales, formada por tubo de PVC, serie B, de 75 mm de diámetro y 3 mm de espesor; unión pegada con adhesivo. Incluso líqui","Levenshtein=5 contra código ISB010g: 'Suministro y montaje de bajante interior de la red de evacuación de aguas residuales, formada por tubo de PVC, serie B, '",Verificar si son la misma partida con typos / puntuación distinta. Fusionar si procede.,warning
similar_description,ISB010c,"Suministro y montaje de bajante interior de la red de evacuación de aguas residuales, formada por tubo de PVC, serie B, de 75 mm de diámetro y 3 mm de espesor; unión pegada con adhesivo. Incluso líqui","Levenshtein=4 contra código ISB010i: 'Suministro y montaje de bajante interior de la red de evacuación de aguas residuales, formada por tubo de PVC, serie B, '",Verificar si son la misma partida con typos / puntuación distinta. Fusionar si procede.,warning
similar_description,ISB010c,"Suministro y montaje de bajante interior de la red de evacuación de aguas residuales, formada por tubo de PVC, serie B, de 75 mm de diámetro y 3 mm de espesor; unión pegada con adhesivo. Incluso líqui","Levenshtein=5 contra código ISB010w: 'Suministro y montaje de bajante interior de la red de evacuación de aguas residuales, formada por tubo de PVC, serie B, '",Verificar si son la misma partida con typos / puntuación distinta. Fusionar si procede.,warning
similar_description,ISB010d,"Suministro y montaje de bajante interior insonorizada de la red de evacuación de aguas residuales, formada por tubo de PVC-U, ABS, ASA y PVC-U con carga mineral, de 90 mm de diámetro y 5,1 mm de espes","Levenshtein=4 contra código ISB010h1: 'Suministro y montaje de bajante interior insonorizada de la red de evacuación de aguas residuales, formada por tubo de P'",Verificar si son la misma partida con typos / puntuación distinta. Fusionar si procede.,warning
similar_description,ISB010d,"Suministro y montaje de bajante interior insonorizada de la red de evacuación de aguas residuales, formada por tubo de PVC-U, ABS, ASA y PVC-U con carga mineral, de 90 mm de diámetro y 5,1 mm de espes","Levenshtein=4 contra código ISB010i1: 'Suministro y montaje de bajante interior insonorizada de la red de evacuación de aguas residuales, formada por tubo de P'",Verificar si son la misma partida con typos / puntuación distinta. Fusionar si procede.,warning
similar_description,ISB010d,"Suministro y montaje de bajante interior insonorizada de la red de evacuación de aguas residuales, formada por tubo de PVC-U, ABS, ASA y PVC-U con carga mineral, de 90 mm de diámetro y 5,1 mm de espes","Levenshtein=5 contra código ISB010g1: 'Suministro y montaje de bajante interior insonorizada de la red de evacuación de aguas residuales, formada por tubo de P'",Verificar si son la misma partida con typos / puntuación distinta. Fusionar si procede.,warning
similar_description,ISB010e,"Suministro y montaje de bajante interior de la red de evacuación de aguas residuales, formada por tubo de PVC, serie B, de 90 mm de diámetro y 3,2 mm de espesor; unión pegada con adhesivo. Incluso líq","Levenshtein=2 contra código ISB010g: 'Suministro y montaje de bajante interior de la red de evacuación de aguas residuales, formada por tubo de PVC, serie B, '",Verificar si son la misma partida con typos / puntuación distinta. Fusionar si procede.,warning
similar_description,ISB010e,"Suministro y montaje de bajante interior de la red de evacuación de aguas residuales, formada por tubo de PVC, serie B, de 90 mm de diámetro y 3,2 mm de espesor; unión pegada con adhesivo. Incluso líq","Levenshtein=3 contra código ISB010i: 'Suministro y montaje de bajante interior de la red de evacuación de aguas residuales, formada por tubo de PVC, serie B, '",Verificar si son la misma partida con typos / puntuación distinta. Fusionar si procede.,warning
similar_description,ISB010e,"Suministro y montaje de bajante interior de la red de evacuación de aguas residuales, formada por tubo de PVC, serie B, de 90 mm de diámetro y 3,2 mm de espesor; unión pegada con adhesivo. Incluso líq","Levenshtein=2 contra código ISB010w: 'Suministro y montaje de bajante interior de la red de evacuación de aguas residuales, formada por tubo de PVC, serie B, '",Verificar si son la misma partida con typos / puntuación distinta. Fusionar si procede.,warning
similar_description,ISB010f,"Suministro y montaje de bajante interior de la red de evacuación de aguas pluviales, formada por tubo de PVC, serie B, de 90 mm de diámetro y 3,2 mm de espesor; unión pegada con adhesivo. Incluso líqu","Levenshtein=3 contra código ISB010j: 'Suministro y montaje de bajante interior de la red de evacuación de aguas pluviales, formada por tubo de PVC, serie B, d'",Verificar si son la misma partida con typos / puntuación distinta. Fusionar si procede.,warning
similar_description,ISB010g,"Suministro y montaje de bajante interior de la red de evacuación de aguas residuales, formada por tubo de PVC, serie B, de 110 mm de diámetro y 3,2 mm de espesor; unión pegada con adhesivo. Incluso lí","Levenshtein=2 contra código ISB010i: 'Suministro y montaje de bajante interior de la red de evacuación de aguas residuales, formada por tubo de PVC, serie B, '",Verificar si son la misma partida con typos / puntuación distinta. Fusionar si procede.,warning
similar_description,ISB010g,"Suministro y montaje de bajante interior de la red de evacuación de aguas residuales, formada por tubo de PVC, serie B, de 110 mm de diámetro y 3,2 mm de espesor; unión pegada con adhesivo. Incluso lí","Levenshtein=1 contra código ISB010w: 'Suministro y montaje de bajante interior de la red de evacuación de aguas residuales, formada por tubo de PVC, serie B, '",Verificar si son la misma partida con typos / puntuación distinta. Fusionar si procede.,warning
similar_description,ISB010h1,"Suministro y montaje de bajante interior insonorizada de la red de evacuación de aguas residuales, formada por tubo de PVC-U, ABS, ASA y PVC-U con carga mineral, de 125 mm de diámetro y 5,6 mm de espe","Levenshtein=4 contra código ISB010i1: 'Suministro y montaje de bajante interior insonorizada de la red de evacuación de aguas residuales, formada por tubo de P'",Verificar si son la misma partida con typos / puntuación distinta. Fusionar si procede.,warning
similar_description,ISB010h1,"Suministro y montaje de bajante interior insonorizada de la red de evacuación de aguas residuales, formada por tubo de PVC-U, ABS, ASA y PVC-U con carga mineral, de 125 mm de diámetro y 5,6 mm de espe","Levenshtein=5 contra código ISB010g1: 'Suministro y montaje de bajante interior insonorizada de la red de evacuación de aguas residuales, formada por tubo de P'",Verificar si son la misma partida con typos / puntuación distinta. Fusionar si procede.,warning
similar_description,ISB010i,"Suministro y montaje de bajante interior de la red de evacuación de aguas residuales, formada por tubo de PVC, serie B, de 125 mm de diámetro y 3,2 mm de espesor; unión pegada con adhesivo. Incluso lí","Levenshtein=2 contra código ISB010w: 'Suministro y montaje de bajante interior de la red de evacuación de aguas residuales, formada por tubo de PVC, serie B, '",Verificar si son la misma partida con typos / puntuación distinta. Fusionar si procede.,warning
similar_description,ISB010i1,"Suministro y montaje de bajante interior insonorizada de la red de evacuación de aguas residuales, formada por tubo de PVC-U, ABS, ASA y PVC-U con carga mineral, de 160 mm de diámetro y 6,3 mm de espe","Levenshtein=4 contra código ISB010g1: 'Suministro y montaje de bajante interior insonorizada de la red de evacuación de aguas residuales, formada por tubo de P'",Verificar si son la misma partida con typos / puntuación distinta. Fusionar si procede.,warning
similar_description,ISB020,"Suministro y montaje de bajante circular de cobre, de Ø 80 mm y 0,60 mm de espesor, para recogida de aguas, formada por piezas preformadas, con sistema de unión mediante abocardado, colocadas con abra","Levenshtein=2 contra código ISB020b: 'Suministro y montaje de bajante circular de cobre, de Ø 100 mm y 0,60 mm de espesor, para recogida de aguas, formada por'",Verificar si son la misma partida con typos / puntuación distinta. Fusionar si procede.,warning
similar_description,ISC010j,"Suministro y montaje de canalón circular de zinctitanio, natural, de desarrollo 280 mm, 0,65 mm de espesor y recorte de baquetón, para recogida de aguas, formado por piezas preformadas, fijadas con so","Levenshtein=2 contra código ISC010k: 'Suministro y montaje de canalón circular de zinctitanio, natural, de desarrollo 330 mm, 0,65 mm de espesor y recorte de '",Verificar si son la misma partida con typos / puntuación distinta. Fusionar si procede.,warning
similar_description,ISS010,"Suministro e instalación de colector suspendido de red horizontal, formado por tubo PVC, serie B de 50 mm de diámetro y 3 mm de espesor, unión pegada con adhesivo, con una pendiente mínima del 1,00%, ","Levenshtein=3 contra código ISS010b: 'Suministro e instalación de colector suspendido de red horizontal, formado por tubo PVC, serie B de 90 mm de diámetro y '",Verificar si son la misma partida con typos / puntuación distinta. Fusionar si procede.,warning
similar_description,ISS010,"Suministro e instalación de colector suspendido de red horizontal, formado por tubo PVC, serie B de 50 mm de diámetro y 3 mm de espesor, unión pegada con adhesivo, con una pendiente mínima del 1,00%, ","Levenshtein=4 contra código ISS010c: 'Suministro e instalación de colector suspendido de red horizontal, formado por tubo PVC, serie B de 110 mm de diámetro y'",Verificar si son la misma partida con typos / puntuación distinta. Fusionar si procede.,warning
similar_description,ISS010,"Suministro e instalación de colector suspendido de red horizontal, formado por tubo PVC, serie B de 50 mm de diámetro y 3 mm de espesor, unión pegada con adhesivo, con una pendiente mínima del 1,00%, ","Levenshtein=5 contra código ISS010d: 'Suministro e instalación de colector suspendido de red horizontal, formado por tubo PVC, serie B de 125 mm de diámetro y'",Verificar si son la misma partida con typos / puntuación distinta. Fusionar si procede.,warning
similar_description,ISS010,"Suministro e instalación de colector suspendido de red horizontal, formado por tubo PVC, serie B de 50 mm de diámetro y 3 mm de espesor, unión pegada con adhesivo, con una pendiente mínima del 1,00%, ","Levenshtein=4 contra código ISS010e: 'Suministro e instalación de colector suspendido de red horizontal, formado por tubo PVC, serie B de 160 mm de diámetro y'",Verificar si son la misma partida con typos / puntuación distinta. Fusionar si procede.,warning
similar_description,ISS010b,"Suministro e instalación de colector suspendido de red horizontal, formado por tubo PVC, serie B de 90 mm de diámetro y 3,2 mm de espesor, unión pegada con adhesivo, con una pendiente mínima del 1,00%","Levenshtein=2 contra código ISS010c: 'Suministro e instalación de colector suspendido de red horizontal, formado por tubo PVC, serie B de 110 mm de diámetro y'",Verificar si son la misma partida con typos / puntuación distinta. Fusionar si procede.,warning
similar_description,ISS010b,"Suministro e instalación de colector suspendido de red horizontal, formado por tubo PVC, serie B de 90 mm de diámetro y 3,2 mm de espesor, unión pegada con adhesivo, con una pendiente mínima del 1,00%","Levenshtein=3 contra código ISS010d: 'Suministro e instalación de colector suspendido de red horizontal, formado por tubo PVC, serie B de 125 mm de diámetro y'",Verificar si son la misma partida con typos / puntuación distinta. Fusionar si procede.,warning
similar_description,ISS010b,"Suministro e instalación de colector suspendido de red horizontal, formado por tubo PVC, serie B de 90 mm de diámetro y 3,2 mm de espesor, unión pegada con adhesivo, con una pendiente mínima del 1,00%","Levenshtein=2 contra código ISS010e: 'Suministro e instalación de colector suspendido de red horizontal, formado por tubo PVC, serie B de 160 mm de diámetro y'",Verificar si son la misma partida con typos / puntuación distinta. Fusionar si procede.,warning
similar_description,ISS010c,"Suministro e instalación de colector suspendido de red horizontal, formado por tubo PVC, serie B de 110 mm de diámetro y 3,2 mm de espesor, unión pegada con adhesivo, con una pendiente mínima del 1,00","Levenshtein=2 contra código ISS010d: 'Suministro e instalación de colector suspendido de red horizontal, formado por tubo PVC, serie B de 125 mm de diámetro y'",Verificar si son la misma partida con typos / puntuación distinta. Fusionar si procede.,warning
similar_description,ISS010c,"Suministro e instalación de colector suspendido de red horizontal, formado por tubo PVC, serie B de 110 mm de diámetro y 3,2 mm de espesor, unión pegada con adhesivo, con una pendiente mínima del 1,00","Levenshtein=1 contra código ISS010e: 'Suministro e instalación de colector suspendido de red horizontal, formado por tubo PVC, serie B de 160 mm de diámetro y'",Verificar si son la misma partida con typos / puntuación distinta. Fusionar si procede.,warning
similar_description,ISS010d,"Suministro e instalación de colector suspendido de red horizontal, formado por tubo PVC, serie B de 125 mm de diámetro y 3,2 mm de espesor, unión pegada con adhesivo, con una pendiente mínima del 1,00","Levenshtein=2 contra código ISS010e: 'Suministro e instalación de colector suspendido de red horizontal, formado por tubo PVC, serie B de 160 mm de diámetro y'",Verificar si son la misma partida con typos / puntuación distinta. Fusionar si procede.,warning
similar_description,ISS010f,"Suministro e instalación de colector suspendido insonorizado de red horizontal, formado por tubo PVC-U, ABS, ASA y PVC-U con carga mineral de 78 mm de diámetro y 4,9 mm de espesor, unión a presión con","Levenshtein=4 contra código ISS010g: 'Suministro e instalación de colector suspendido insonorizado de red horizontal, formado por tubo PVC-U, ABS, ASA y PVC-U'",Verificar si son la misma partida con typos / puntuación distinta. Fusionar si procede.,warning
similar_description,ISS010f,"Suministro e instalación de colector suspendido insonorizado de red horizontal, formado por tubo PVC-U, ABS, ASA y PVC-U con carga mineral de 78 mm de diámetro y 4,9 mm de espesor, unión a presión con","Levenshtein=5 contra código ISS010h: 'Suministro e instalación de colector suspendido insonorizado de red horizontal, formado por tubo PVC-U, ABS, ASA y PVC-U'",Verificar si son la misma partida con typos / puntuación distinta. Fusionar si procede.,warning
similar_description,ISS010f,"Suministro e instalación de colector suspendido insonorizado de red horizontal, formado por tubo PVC-U, ABS, ASA y PVC-U con carga mineral de 78 mm de diámetro y 4,9 mm de espesor, unión a presión con","Levenshtein=5 contra código ISS010i: 'Suministro e instalación de colector suspendido insonorizado de red horizontal, formado por tubo PVC-U, ABS, ASA y PVC-U'",Verificar si son la misma partida con typos / puntuación distinta. Fusionar si procede.,warning
similar_description,ISS010f,"Suministro e instalación de colector suspendido insonorizado de red horizontal, formado por tubo PVC-U, ABS, ASA y PVC-U con carga mineral de 78 mm de diámetro y 4,9 mm de espesor, unión a presión con","Levenshtein=5 contra código ISS010j: 'Suministro e instalación de colector suspendido insonorizado de red horizontal, formado por tubo PVC-U, ABS, ASA y PVC-U'",Verificar si son la misma partida con typos / puntuación distinta. Fusionar si procede.,warning
similar_description,ISS010f,"Suministro e instalación de colector suspendido insonorizado de red horizontal, formado por tubo PVC-U, ABS, ASA y PVC-U con carga mineral de 78 mm de diámetro y 4,9 mm de espesor, unión a presión con","Levenshtein=5 contra código ISS010k: 'Suministro e instalación de colector suspendido insonorizado de red horizontal, formado por tubo PVC-U, ABS, ASA y PVC-U'",Verificar si son la misma partida con typos / puntuación distinta. Fusionar si procede.,warning
similar_description,ISS010g,"Suministro e instalación de colector suspendido insonorizado de red horizontal, formado por tubo PVC-U, ABS, ASA y PVC-U con carga mineral de 90 mm de diámetro y 5,1 mm de espesor, unión a presión con","Levenshtein=3 contra código ISS010h: 'Suministro e instalación de colector suspendido insonorizado de red horizontal, formado por tubo PVC-U, ABS, ASA y PVC-U'",Verificar si son la misma partida con typos / puntuación distinta. Fusionar si procede.,warning
similar_description,ISS010g,"Suministro e instalación de colector suspendido insonorizado de red horizontal, formado por tubo PVC-U, ABS, ASA y PVC-U con carga mineral de 90 mm de diámetro y 5,1 mm de espesor, unión a presión con","Levenshtein=4 contra código ISS010i: 'Suministro e instalación de colector suspendido insonorizado de red horizontal, formado por tubo PVC-U, ABS, ASA y PVC-U'",Verificar si son la misma partida con typos / puntuación distinta. Fusionar si procede.,warning
similar_description,ISS010g,"Suministro e instalación de colector suspendido insonorizado de red horizontal, formado por tubo PVC-U, ABS, ASA y PVC-U con carga mineral de 90 mm de diámetro y 5,1 mm de espesor, unión a presión con","Levenshtein=4 contra código ISS010j: 'Suministro e instalación de colector suspendido insonorizado de red horizontal, formado por tubo PVC-U, ABS, ASA y PVC-U'",Verificar si son la misma partida con typos / puntuación distinta. Fusionar si procede.,warning
similar_description,ISS010g,"Suministro e instalación de colector suspendido insonorizado de red horizontal, formado por tubo PVC-U, ABS, ASA y PVC-U con carga mineral de 90 mm de diámetro y 5,1 mm de espesor, unión a presión con","Levenshtein=4 contra código ISS010k: 'Suministro e instalación de colector suspendido insonorizado de red horizontal, formado por tubo PVC-U, ABS, ASA y PVC-U'",Verificar si son la misma partida con typos / puntuación distinta. Fusionar si procede.,warning
similar_description,ISS010h,"Suministro e instalación de colector suspendido insonorizado de red horizontal, formado por tubo PVC-U, ABS, ASA y PVC-U con carga mineral de 110 mm de diámetro y 5,3 mm de espesor, unión a presión co","Levenshtein=3 contra código ISS010i: 'Suministro e instalación de colector suspendido insonorizado de red horizontal, formado por tubo PVC-U, ABS, ASA y PVC-U'",Verificar si son la misma partida con typos / puntuación distinta. Fusionar si procede.,warning
similar_description,ISS010h,"Suministro e instalación de colector suspendido insonorizado de red horizontal, formado por tubo PVC-U, ABS, ASA y PVC-U con carga mineral de 110 mm de diámetro y 5,3 mm de espesor, unión a presión co","Levenshtein=2 contra código ISS010j: 'Suministro e instalación de colector suspendido insonorizado de red horizontal, formado por tubo PVC-U, ABS, ASA y PVC-U'",Verificar si son la misma partida con typos / puntuación distinta. Fusionar si procede.,warning
similar_description,ISS010h,"Suministro e instalación de colector suspendido insonorizado de red horizontal, formado por tubo PVC-U, ABS, ASA y PVC-U con carga mineral de 110 mm de diámetro y 5,3 mm de espesor, unión a presión co","Levenshtein=4 contra código ISS010k: 'Suministro e instalación de colector suspendido insonorizado de red horizontal, formado por tubo PVC-U, ABS, ASA y PVC-U'",Verificar si son la misma partida con typos / puntuación distinta. Fusionar si procede.,warning
similar_description,ISS010i,"Suministro e instalación de colector suspendido insonorizado de red horizontal, formado por tubo PVC-U, ABS, ASA y PVC-U con carga mineral de 125 mm de diámetro y 5,6 mm de espesor, unión a presión co","Levenshtein=4 contra código ISS010j: 'Suministro e instalación de colector suspendido insonorizado de red horizontal, formado por tubo PVC-U, ABS, ASA y PVC-U'",Verificar si son la misma partida con typos / puntuación distinta. Fusionar si procede.,warning
similar_description,ISS010i,"Suministro e instalación de colector suspendido insonorizado de red horizontal, formado por tubo PVC-U, ABS, ASA y PVC-U con carga mineral de 125 mm de diámetro y 5,6 mm de espesor, unión a presión co","Levenshtein=4 contra código ISS010k: 'Suministro e instalación de colector suspendido insonorizado de red horizontal, formado por tubo PVC-U, ABS, ASA y PVC-U'",Verificar si son la misma partida con typos / puntuación distinta. Fusionar si procede.,warning
similar_description,ISS010j,"Suministro e instalación de colector suspendido insonorizado de red horizontal, formado por tubo PVC-U, ABS, ASA y PVC-U con carga mineral de 160 mm de diámetro y 6,3 mm de espesor, unión a presión co","Levenshtein=3 contra código ISS010k: 'Suministro e instalación de colector suspendido insonorizado de red horizontal, formado por tubo PVC-U, ABS, ASA y PVC-U'",Verificar si son la misma partida con typos / puntuación distinta. Fusionar si procede.,warning
similar_description,ITA010,"Suministro e instalación completa de ascensor eléctrico de adherencia de 1 m/s de velocidad, 4 paradas, 320 kg de carga nominal, con capacidad para 4 personas, nivel básico de acabado en cabina de 840","Levenshtein=1 contra código ITA010b: 'Suministro e instalación completa de ascensor eléctrico de adherencia de 1 m/s de velocidad, 6 paradas, 320 kg de carga '",Verificar si son la misma partida con typos / puntuación distinta. Fusionar si procede.,warning
similar_description,ITA010c,"Suministro e instalación completa de ascensor eléctrico de adherencia de 1 m/s de velocidad, 4 paradas, 450 kg de carga nominal, con capacidad para 6 personas, nivel básico de acabado en cabina de 100","Levenshtein=1 contra código ITA010d: 'Suministro e instalación completa de ascensor eléctrico de adherencia de 1 m/s de velocidad, 6 paradas, 450 kg de carga '",Verificar si son la misma partida con typos / puntuación distinta. Fusionar si procede.,warning
similar_description,ITC010c,"Suministro e instalación de montacargas hidráulico para 100 kg, de 3 paradas (6 m), de 1x1 m de plataforma, con guías y un pistón. Totalmente montado, conexionado y probado.","Levenshtein=1 contra código ITC010d: 'Suministro e instalación de montacargas hidráulico para 400 kg, de 3 paradas (6 m), de 1x1 m de plataforma, con guías y '",Verificar si son la misma partida con typos / puntuación distinta. Fusionar si procede.,warning
similar_description,ITC010c,"Suministro e instalación de montacargas hidráulico para 100 kg, de 3 paradas (6 m), de 1x1 m de plataforma, con guías y un pistón. Totalmente montado, conexionado y probado.","Levenshtein=3 contra código ITC010e: 'Suministro e instalación de montacargas hidráulico para 1500 kg, de 3 paradas (6 m), de 2x2 m de plataforma, con guías y'",Verificar si son la misma partida con typos / puntuación distinta. Fusionar si procede.,warning
similar_description,ITC010d,"Suministro e instalación de montacargas hidráulico para 400 kg, de 3 paradas (6 m), de 1x1 m de plataforma, con guías y un pistón. Totalmente montado, conexionado y probado.","Levenshtein=4 contra código ITC010e: 'Suministro e instalación de montacargas hidráulico para 1500 kg, de 3 paradas (6 m), de 2x2 m de plataforma, con guías y'",Verificar si son la misma partida con typos / puntuación distinta. Fusionar si procede.,warning
similar_description,ITE010d,"Suministro e instalación completa de escalera mecánica eléctrica, para interior, de 30° de inclinación, para salvar una altura de 3 m, con un ancho útil de 1 m, balaustrada de 1 m, capacidad de transp","Levenshtein=1 contra código ITE010e: 'Suministro e instalación completa de escalera mecánica eléctrica, para interior, de 30° de inclinación, para salvar una '",Verificar si son la misma partida con typos / puntuación distinta. Fusionar si procede.,warning
similar_description,ITE010d,"Suministro e instalación completa de escalera mecánica eléctrica, para interior, de 30° de inclinación, para salvar una altura de 3 m, con un ancho útil de 1 m, balaustrada de 1 m, capacidad de transp","Levenshtein=1 contra código ITE010f: 'Suministro e instalación completa de escalera mecánica eléctrica, para interior, de 30° de inclinación, para salvar una '",Verificar si son la misma partida con typos / puntuación distinta. Fusionar si procede.,warning
similar_description,ITE010e,"Suministro e instalación completa de escalera mecánica eléctrica, para interior, de 30° de inclinación, para salvar una altura de 4 m, con un ancho útil de 1 m, balaustrada de 1 m, capacidad de transp","Levenshtein=1 contra código ITE010f: 'Suministro e instalación completa de escalera mecánica eléctrica, para interior, de 30° de inclinación, para salvar una '",Verificar si son la misma partida con typos / puntuación distinta. Fusionar si procede.,warning
similar_description,IVN030,"Suministro y montaje de aspirador giratorio con sombrero dinámico, de aluminio (Dureza H-24), para conducto de salida de 250 mm de diámetro exterior, para ventilación natural. Incluso elementos de fij","Levenshtein=1 contra código IVN030b: 'Suministro y montaje de aspirador giratorio con sombrero dinámico, de aluminio (Dureza H-24), para conducto de salida de'",Verificar si son la misma partida con typos / puntuación distinta. Fusionar si procede.,warning
similar_description,IVV020,"Suministro y montaje de conducto circular de ventilación formado por tubo de chapa de acero galvanizado de pared simple lisa, autoconectable macho-hembra, de 250 mm de diámetro y 0,6 mm de espesor de ",Levenshtein=2 contra código IVV020b: 'Suministro y montaje de conducto circular de ventilación formado por tubo de chapa de acero galvanizado de pared simple ',Verificar si son la misma partida con typos / puntuación distinta. Fusionar si procede.,warning
similar_description,IVV030b,"Suministro y montaje de conducto de ventilación, formado por tubo liso de PVC, de 110 mm de diámetro exterior, pegado mediante adhesivo, colocado en posición vertical. Incluso material auxiliar para m","Levenshtein=2 contra código IVV030c: 'Suministro y montaje de conducto de ventilación, formado por tubo liso de PVC, de 125 mm de diámetro exterior, pegado me'",Verificar si son la misma partida con typos / puntuación distinta. Fusionar si procede.,warning
similar_description,LCL060b,"Suministro y montaje de carpintería de aluminio, anodizado natural, para conformado de ventana, abisagrada oscilobatiente de apertura hacia el interior, de 60x60 cm, serie alta, formada por una hoja, ","Levenshtein=2 contra código LCL060d: 'Suministro y montaje de carpintería de aluminio, anodizado natural, para conformado de ventana, abisagrada oscilobatient'",Verificar si son la misma partida con typos / puntuación distinta. Fusionar si procede.,warning
similar_description,LCL060n,"Suministro y montaje de carpintería de aluminio, lacado color blanco, para conformado de ventana, abisagrada practicable de apertura hacia el interior, de 60x60 cm, serie alta, formada por una hoja, c","Levenshtein=2 contra código LCL060r: 'Suministro y montaje de carpintería de aluminio, lacado color blanco, para conformado de ventana, abisagrada practicable'",Verificar si son la misma partida con typos / puntuación distinta. Fusionar si procede.,warning
similar_description,LCL060o,"Suministro y montaje de carpintería de aluminio, lacado color blanco, para conformado de ventana, abisagrada practicable de apertura hacia el interior, de 60x60 cm, serie alta, formada por una hoja, c","Levenshtein=2 contra código LCL060s: 'Suministro y montaje de carpintería de aluminio, lacado color blanco, para conformado de ventana, abisagrada practicable'",Verificar si son la misma partida con typos / puntuación distinta. Fusionar si procede.,warning
similar_description,LCL060p,"Suministro y montaje de carpintería de aluminio, lacado color blanco, para conformado de ventana, abisagrada oscilobatiente de apertura hacia el interior, de 60x60 cm, serie alta, formada por una hoja","Levenshtein=2 contra código LCL060u: 'Suministro y montaje de carpintería de aluminio, lacado color blanco, para conformado de ventana, abisagrada oscilobatie'",Verificar si son la misma partida con typos / puntuación distinta. Fusionar si procede.,warning
similar_description,LCL060q,"Suministro y montaje de carpintería de aluminio, lacado color blanco, para conformado de ventana, abisagrada oscilobatiente de apertura hacia el interior, de 60x60 cm, serie alta, formada por una hoja","Levenshtein=2 contra código LCL060t: 'Suministro y montaje de carpintería de aluminio, lacado color blanco, para conformado de ventana, abisagrada oscilobatie'",Verificar si son la misma partida con typos / puntuación distinta. Fusionar si procede.,warning
similar_description,LCM015,"Suministro y montaje de carpintería exterior de madera de pino, para fijo de 600x600 mm, marco de 68x78 mm de sección, junquillos y tapajuntas de madera maciza de 70x15 mm, con capacidad para recibir ","Levenshtein=1 contra código LCM015j: 'Suministro y montaje de carpintería exterior de madera de pino, para fijo de 600x800 mm, marco de 68x78 mm de sección, j'",Verificar si son la misma partida con typos / puntuación distinta. Fusionar si procede.,warning
similar_description,LCM015a,"Suministro y montaje de carpintería exterior de madera de iroko, para fijo de 600x600 mm, marco de 68x78 mm de sección, moldura recta, junquillos y tapajuntas de madera maciza de 70x15 mm, con capacid","Levenshtein=3 contra código LCM015b1: 'Suministro y montaje de carpintería exterior de madera de iroko, para fijo de 1200x800 mm, marco de 68x78 mm de sección,'",Verificar si son la misma partida con typos / puntuación distinta. Fusionar si procede.,warning
similar_description,LCM015a,"Suministro y montaje de carpintería exterior de madera de iroko, para fijo de 600x600 mm, marco de 68x78 mm de sección, moldura recta, junquillos y tapajuntas de madera maciza de 70x15 mm, con capacid","Levenshtein=4 contra código LCM015c1: 'Suministro y montaje de carpintería exterior de madera de iroko, para fijo de 1200x1200 mm, marco de 68x78 mm de sección'",Verificar si son la misma partida con typos / puntuación distinta. Fusionar si procede.,warning
similar_description,LCM015b1,"Suministro y montaje de carpintería exterior de madera de iroko, para fijo de 1200x800 mm, marco de 68x78 mm de sección, moldura recta, junquillos y tapajuntas de madera maciza de 70x15 mm, con capaci","Levenshtein=2 contra código LCM015c1: 'Suministro y montaje de carpintería exterior de madera de iroko, para fijo de 1200x1200 mm, marco de 68x78 mm de sección'",Verificar si son la misma partida con typos / puntuación distinta. Fusionar si procede.,warning
similar_description,LCM015c,"Suministro y montaje de carpintería exterior de madera de pino, para ventana abisagrada, de 1000x1200 mm, hoja y marco de 68x78 mm de sección, junquillos, tapajuntas de madera maciza de 70x15 mm y vie","Levenshtein=1 contra código LCM015h: 'Suministro y montaje de carpintería exterior de madera de pino, para ventana abisagrada, de 1200x1200 mm, hoja y marco d'",Verificar si son la misma partida con typos / puntuación distinta. Fusionar si procede.,warning
similar_description,LCM015d,"Suministro y montaje de carpintería exterior de madera de iroko, para ventana abisagrada, de 600x800 mm, hoja de 68x78 mm de sección y marco de 68x78 mm, moldura recta, junquillos, tapajuntas de mader","Levenshtein=4 contra código LCM015e1: 'Suministro y montaje de carpintería exterior de madera de iroko, para ventana abisagrada, de 1200x1200 mm, hoja de 68x78'",Verificar si son la misma partida con typos / puntuación distinta. Fusionar si procede.,warning
similar_description,LCM015e,"Suministro y montaje de carpintería exterior de madera de pino, para puerta abisagrada, de 800x2200 mm, hoja y marco de 68x78 mm de sección, junquillos, tapajuntas de madera maciza de 70x15 mm y viert","Levenshtein=2 contra código LCM015g: 'Suministro y montaje de carpintería exterior de madera de pino, para puerta abisagrada, de 1500x2200 mm, hoja y marco de'",Verificar si son la misma partida con typos / puntuación distinta. Fusionar si procede.,warning
similar_description,LCM015i,"Suministro y montaje de carpintería exterior de madera de pino, para ventana abisagrada, de 600x800 mm, hoja y marco de 68x78 mm de sección, junquillos, tapajuntas de madera maciza de 70x15 mm y viert","Levenshtein=4 contra código LCM015c: 'Suministro y montaje de carpintería exterior de madera de pino, para ventana abisagrada, de 1000x1200 mm, hoja y marco d'",Verificar si son la misma partida con typos / puntuación distinta. Fusionar si procede.,warning
similar_description,LCM015i,"Suministro y montaje de carpintería exterior de madera de pino, para ventana abisagrada, de 600x800 mm, hoja y marco de 68x78 mm de sección, junquillos, tapajuntas de madera maciza de 70x15 mm y viert","Levenshtein=4 contra código LCM015h: 'Suministro y montaje de carpintería exterior de madera de pino, para ventana abisagrada, de 1200x1200 mm, hoja y marco d'",Verificar si son la misma partida con typos / puntuación distinta. Fusionar si procede.,warning
similar_description,LCP060,"Suministro y montaje de ventana de PVC, una hoja practicable con dimensiones 600x600 mm, compuesta de marco, hoja y junquillos, color blanco, perfiles de 70 mm de anchura, soldados a inglete, que inco","Levenshtein=2 contra código LCP060b: 'Suministro y montaje de ventana de PVC, una hoja practicable con dimensiones 600x1200 mm, compuesta de marco, hoja y jun'",Verificar si son la misma partida con typos / puntuación distinta. Fusionar si procede.,warning
similar_description,LCP060c,"Suministro y montaje de ventana de PVC, dos hojas practicables con dimensiones 900x1200 mm, compuesta de marco, hoja y junquillos, color blanco, perfiles de 70 mm de anchura, soldados a inglete, que i","Levenshtein=2 contra código LCP060d: 'Suministro y montaje de ventana de PVC, dos hojas practicables con dimensiones 1200x1200 mm, compuesta de marco, hoja y '",Verificar si son la misma partida con typos / puntuación distinta. Fusionar si procede.,warning
similar_description,LCP060e,"Suministro y montaje de ventana de PVC, una hoja oscilobatiente con dimensiones 600x600 mm, compuesta de marco, hoja y junquillos, color blanco, perfiles de 70 mm de anchura, soldados a inglete, que i","Levenshtein=2 contra código LCP060f: 'Suministro y montaje de ventana de PVC, una hoja oscilobatiente con dimensiones 600x1200 mm, compuesta de marco, hoja y '",Verificar si son la misma partida con typos / puntuación distinta. Fusionar si procede.,warning
similar_description,LCP060g,"Suministro y montaje de ventana de PVC, dos hojas correderas, dimensiones 900x1200 mm, compuesta de marco, hoja y junquillos, color blanco, perfiles de 80 mm de anchura, soldados a inglete, que incorp","Levenshtein=2 contra código LCP060h: 'Suministro y montaje de ventana de PVC, dos hojas correderas, dimensiones 1200x1200 mm, compuesta de marco, hoja y junqu'",Verificar si son la misma partida con typos / puntuación distinta. Fusionar si procede.,warning
similar_description,LFM110,"Suministro y colocación de puerta cortafuegos homologada, de madera, EI1 30-C5, de una hoja, lisa, de 203x82,5x4,5 cm, compuesto por alma de tablero aglomerado de partículas ignífugo, recubierto con l","Levenshtein=1 contra código LFM110b: 'Suministro y colocación de puerta cortafuegos homologada, de madera, EI1 60-C5, de una hoja, lisa, de 203x82,5x4,5 cm, c'",Verificar si son la misma partida con typos / puntuación distinta. Fusionar si procede.,warning
similar_description,LPM010,"Suministro y colocación de puerta interior abatible, ciega, de una hoja de 203x72,5x3,5 cm, de tablero de MDF, prelacada en blanco, con moldura de forma recta; precerco de pino país de 90x35 mm; galce","Levenshtein=1 contra código LPM010b: 'Suministro y colocación de puerta interior abatible, ciega, de una hoja de 203x82,5x3,5 cm, de tablero de MDF, prelacada'",Verificar si son la misma partida con typos / puntuación distinta. Fusionar si procede.,warning
similar_description,LPM010c,"Suministro y colocación de puerta interior abatible, ciega, de una hoja de 203x72,5x3,5 cm, de tablero aglomerado, chapado con roble E, barnizada en taller; precerco de pino país de 90x35 mm; galces d","Levenshtein=1 contra código LPM010d: 'Suministro y colocación de puerta interior abatible, ciega, de una hoja de 203x82,5x3,5 cm, de tablero aglomerado, chapa'",Verificar si son la misma partida con typos / puntuación distinta. Fusionar si procede.,warning
similar_description,LSV020b,"Suministro y montaje de persiana mallorquina de aluminio, acabado en anodizado natural, practicable de una hoja de lamas fijas de 60x120 cm. Compuesta por perfiles extrusionados formando marcos y hoja","Levenshtein=3 contra código LSV020a: 'Suministro y montaje de persiana mallorquina de aluminio, acabado en anodizado natural, practicable de una hoja de lamas'",Verificar si son la misma partida con typos / puntuación distinta. Fusionar si procede.,warning
similar_description,LSV020c,"Suministro y montaje de persiana mallorquina de aluminio, acabado en anodizado natural, practicable de dos hojas de lamas fijas, de 120x120 cm. Compuesta por perfiles extrusionados formando marcos y h","Levenshtein=2 contra código LSV020e: 'Suministro y montaje de persiana mallorquina de aluminio, acabado en anodizado natural, practicable de dos hojas de lama'",Verificar si son la misma partida con typos / puntuación distinta. Fusionar si procede.,warning
similar_description,LSV020c,"Suministro y montaje de persiana mallorquina de aluminio, acabado en anodizado natural, practicable de dos hojas de lamas fijas, de 120x120 cm. Compuesta por perfiles extrusionados formando marcos y h","Levenshtein=3 contra código LSV020c1: 'Suministro y montaje de persiana mallorquina de aluminio, acabado en anodizado natural, practicable de dos hojas de lama'",Verificar si son la misma partida con typos / puntuación distinta. Fusionar si procede.,warning
similar_description,LSV020d,"Suministro y montaje de persiana mallorquina de aluminio, acabado en lacado color, practicable de una hoja de lamas fijas, de 60x60 cm. Compuesta por perfiles extrusionados formando marcos y hojas de ","Levenshtein=3 contra código LSV020j: 'Suministro y montaje de persiana mallorquina de aluminio, acabado en lacado color, practicable de una hoja de lamas fija'",Verificar si son la misma partida con typos / puntuación distinta. Fusionar si procede.,warning
similar_description,LSV020e,"Suministro y montaje de persiana mallorquina de aluminio, acabado en anodizado natural, practicable de dos hojas de lamas fijas, de 120x210 cm. Compuesta por perfiles extrusionados formando marcos y h","Levenshtein=1 contra código LSV020c1: 'Suministro y montaje de persiana mallorquina de aluminio, acabado en anodizado natural, practicable de dos hojas de lama'",Verificar si son la misma partida con typos / puntuación distinta. Fusionar si procede.,warning
similar_description,LSV020f,"Suministro y montaje de persiana mallorquina de aluminio, acabado en lacado color, practicable de dos hojas de lamas fijas, de 120x120 cm. Compuesta por perfiles extrusionados formando marcos y hojas ","Levenshtein=2 contra código LSV020g: 'Suministro y montaje de persiana mallorquina de aluminio, acabado en lacado color, practicable de dos hojas de lamas fij'",Verificar si son la misma partida con typos / puntuación distinta. Fusionar si procede.,warning
similar_description,LSV020f,"Suministro y montaje de persiana mallorquina de aluminio, acabado en lacado color, practicable de dos hojas de lamas fijas, de 120x120 cm. Compuesta por perfiles extrusionados formando marcos y hojas ","Levenshtein=3 contra código LSV020h: 'Suministro y montaje de persiana mallorquina de aluminio, acabado en lacado color, practicable de dos hojas de lamas fij'",Verificar si son la misma partida con typos / puntuación distinta. Fusionar si procede.,warning
similar_description,LSV020g,"Suministro y montaje de persiana mallorquina de aluminio, acabado en lacado color, practicable de dos hojas de lamas fijas, de 120x210 cm. Compuesta por perfiles extrusionados formando marcos y hojas ","Levenshtein=1 contra código LSV020h: 'Suministro y montaje de persiana mallorquina de aluminio, acabado en lacado color, practicable de dos hojas de lamas fij'",Verificar si son la misma partida con typos / puntuación distinta. Fusionar si procede.,warning
similar_description,LSV030,"Persiana mallorquina de madera de pino melis para barnizar, de una hoja de lamas fijas, de 60x60 cm. Accesorios herrajes de colgar y apertura, tornillería de acero inoxidable, accesorios y utillajes d","Levenshtein=2 contra código LSV030b: 'Persiana mallorquina de madera de pino melis para barnizar, de una hoja de lamas fijas, de 60x120 cm. Accesorios, herraj'",Verificar si son la misma partida con typos / puntuación distinta. Fusionar si procede.,warning
similar_description,LSV030,"Persiana mallorquina de madera de pino melis para barnizar, de una hoja de lamas fijas, de 60x60 cm. Accesorios herrajes de colgar y apertura, tornillería de acero inoxidable, accesorios y utillajes d","Levenshtein=3 contra código LSV030e: 'Persiana mallorquina de madera de pino melis para barnizar, de una hoja de lamas fijas, de 80x210 cm. Accesorios, herraj'",Verificar si son la misma partida con typos / puntuación distinta. Fusionar si procede.,warning
similar_description,LSV030b,"Persiana mallorquina de madera de pino melis para barnizar, de una hoja de lamas fijas, de 60x120 cm. Accesorios, herrajes de colgar y apertura, tornillería de acero inoxidable, accesorios y utillajes","Levenshtein=3 contra código LSV030e: 'Persiana mallorquina de madera de pino melis para barnizar, de una hoja de lamas fijas, de 80x210 cm. Accesorios, herraj'",Verificar si son la misma partida con typos / puntuación distinta. Fusionar si procede.,warning
similar_description,LSV030c,"Persiana mallorquina de madera de pino melis para barnizar, de dos hojas de lamas fijas, de 120x120 cm. Accesorios, herrajes de colgar y apertura, tornillería de acero inoxidable, accesorios y utillaj","Levenshtein=3 contra código LSV030f: 'Persiana mallorquina de madera de pino melis para barnizar, de dos hojas de lamas fijas, de 100x210 cm. Accesorios, herr'",Verificar si son la misma partida con typos / puntuación distinta. Fusionar si procede.,warning
similar_description,LVC010,"Suministro y colocación de doble acristalamiento estándar, 4/12/4, conjunto formado por vidrio exterior Float incoloro de 4 mm, cámara de aire deshidratada con perfil separador de aluminio y doble sel","Levenshtein=4 contra código LVC010b: 'Suministro y colocación de doble acristalamiento estándar, 4/12/6, conjunto formado por vidrio exterior Float incoloro d'",Verificar si son la misma partida con typos / puntuación distinta. Fusionar si procede.,warning
similar_description,LVC010,"Suministro y colocación de doble acristalamiento estándar, 4/12/4, conjunto formado por vidrio exterior Float incoloro de 4 mm, cámara de aire deshidratada con perfil separador de aluminio y doble sel","Levenshtein=5 contra código LVC010c: 'Suministro y colocación de doble acristalamiento estándar, 4/16/4, conjunto formado por vidrio exterior Float incoloro d'",Verificar si son la misma partida con typos / puntuación distinta. Fusionar si procede.,warning
similar_description,LVC010b,"Suministro y colocación de doble acristalamiento estándar, 4/12/6, conjunto formado por vidrio exterior Float incoloro de 4 mm, cámara de aire deshidratada con perfil separador de aluminio y doble sel","Levenshtein=5 contra código LVC010d: 'Suministro y colocación de doble acristalamiento estándar, 4/16/6, conjunto formado por vidrio exterior Float incoloro d'",Verificar si son la misma partida con typos / puntuación distinta. Fusionar si procede.,warning
similar_description,LVC010c,"Suministro y colocación de doble acristalamiento estándar, 4/16/4, conjunto formado por vidrio exterior Float incoloro de 4 mm, cámara de aire deshidratada con perfil separador de aluminio y doble sel","Levenshtein=4 contra código LVC010d: 'Suministro y colocación de doble acristalamiento estándar, 4/16/6, conjunto formado por vidrio exterior Float incoloro d'",Verificar si son la misma partida con typos / puntuación distinta. Fusionar si procede.,warning
similar_description,LVC010e,"Suministro y colocación de doble acristalamiento de seguridad (laminar), 4/12/ 3+3, conjunto formado por vidrio exterior templado incoloro de 4 mm, cámara de aire deshidratada con perfil separador de ","Levenshtein=4 contra código LVC010h: 'Suministro y colocación de doble acristalamiento de seguridad (laminar), 4/16/ 3+3, conjunto formado por vidrio exterior'",Verificar si son la misma partida con typos / puntuación distinta. Fusionar si procede.,warning
similar_description,LVC010f,"Suministro y colocación de doble acristalamiento de seguridad (laminar), 4/12/ 4+4, conjunto formado por vidrio exterior templado incoloro de 4 mm, cámara de aire deshidratada con perfil separador de ","Levenshtein=4 contra código LVC010i: 'Suministro y colocación de doble acristalamiento de seguridad (laminar), 4/16/ 4+4, conjunto formado por vidrio exterior'",Verificar si son la misma partida con typos / puntuación distinta. Fusionar si procede.,warning
similar_description,LVC010g,"Suministro y colocación de doble acristalamiento de seguridad (laminar), 4/12/ 5+5, conjunto formado por vidrio exterior templado incoloro de 4 mm, cámara de aire deshidratada con perfil separador de ","Levenshtein=5 contra código LVC010j: 'Suministro y colocación de doble acristalamiento de seguridad (laminar), 4/16/ 5+5, conjunto formado por vidrio exterior'",Verificar si son la misma partida con typos / puntuación distinta. Fusionar si procede.,warning
similar_description,LVC010k,"Suministro y colocación de doble acristalamiento templado, 4/12/4, conjunto formado por vidrio exterior Float incoloro de 4 mm, cámara de aire deshidratada con perfil separador de aluminio y doble sel","Levenshtein=4 contra código LVC010l: 'Suministro y colocación de doble acristalamiento templado, 4/12/6, conjunto formado por vidrio exterior Float incoloro d'",Verificar si son la misma partida con typos / puntuación distinta. Fusionar si procede.,warning
similar_description,LVC010k,"Suministro y colocación de doble acristalamiento templado, 4/12/4, conjunto formado por vidrio exterior Float incoloro de 4 mm, cámara de aire deshidratada con perfil separador de aluminio y doble sel","Levenshtein=5 contra código LVC010m: 'Suministro y colocación de doble acristalamiento templado, 4/16/4, conjunto formado por vidrio exterior Float incoloro d'",Verificar si son la misma partida con typos / puntuación distinta. Fusionar si procede.,warning
similar_description,LVC010l,"Suministro y colocación de doble acristalamiento templado, 4/12/6, conjunto formado por vidrio exterior Float incoloro de 4 mm, cámara de aire deshidratada con perfil separador de aluminio y doble sel","Levenshtein=5 contra código LVC010n: 'Suministro y colocación de doble acristalamiento templado, 4/16/6, conjunto formado por vidrio exterior Float incoloro d'",Verificar si son la misma partida con typos / puntuación distinta. Fusionar si procede.,warning
similar_description,LVC010m,"Suministro y colocación de doble acristalamiento templado, 4/16/4, conjunto formado por vidrio exterior Float incoloro de 4 mm, cámara de aire deshidratada con perfil separador de aluminio y doble sel","Levenshtein=4 contra código LVC010n: 'Suministro y colocación de doble acristalamiento templado, 4/16/6, conjunto formado por vidrio exterior Float incoloro d'",Verificar si son la misma partida con typos / puntuación distinta. Fusionar si procede.,warning
similar_description,LVC010o,"Suministro y colocación de doble acristalamiento templado, de baja emisividad térmica, 4/12/4 color gris, conjunto formado por vidrio exterior de baja emisividad térmica de 4 mm, cámara de aire deshid","Levenshtein=4 contra código LVC010p: 'Suministro y colocación de doble acristalamiento templado, de baja emisividad térmica, 4/16/4 color gris, conjunto forma'",Verificar si son la misma partida con typos / puntuación distinta. Fusionar si procede.,warning
similar_description,LVC010q,"Suministro y colocación de doble acristalamiento templado, de baja emisividad térmica, 4/12/4 color gris, conjunto formado por vidrio exterior de baja emisividad térmica de 4 mm, cámara de gas deshidr","Levenshtein=4 contra código LVC010r: 'Suministro y colocación de doble acristalamiento templado, de baja emisividad térmica, 4/16/4 color gris, conjunto forma'",Verificar si son la misma partida con typos / puntuación distinta. Fusionar si procede.,warning
similar_description,LVC010s,"Suministro y colocación de doble acristalamiento templado, de baja emisividad térmica y seguridad (laminar), de color gris 4/12/4+4, conjunto formado por vidrio exterior templado de color gris 4 mm cá","Levenshtein=4 contra código LVC010t: 'Suministro y colocación de doble acristalamiento templado, de baja emisividad térmica y seguridad (laminar), de color gr'",Verificar si son la misma partida con typos / puntuación distinta. Fusionar si procede.,warning
similar_description,LVC010u,"Suministro y colocación de doble acristalamiento templado, de baja emisividad térmica y seguridad (laminar), de color gris 6/12/4+4, conjunto formado por vidrio exterior templado de color gris 6 mm cá","Levenshtein=5 contra código LVC010v: 'Suministro y colocación de doble acristalamiento templado, de baja emisividad térmica y seguridad (laminar), de color gr'",Verificar si son la misma partida con typos / puntuación distinta. Fusionar si procede.,warning
similar_description,LVC010w,"Suministro y colocación de doble acristalamiento de baja emisividad térmica + aislamiento acústico, 3+3/12/4+4, conjunto formado por vidrio exterior laminar acústico 3+3 mm compuesto por dos lunas de ","Levenshtein=5 contra código LVC010x: 'Suministro y colocación de doble acristalamiento de baja emisividad térmica + aislamiento acústico, 3+3/16/4+4, conjunto'",Verificar si son la misma partida con typos / puntuación distinta. Fusionar si procede.,warning
similar_description,LVC010y,"Suministro y colocación de doble acristalamiento de baja emisividad térmica + aislamiento acústico, 3+3/12/4+4, conjunto formado por vidrio exterior laminar acústico 3+3 mm compuesto por dos lunas de ","Levenshtein=5 contra código LVC010z: 'Suministro y colocación de doble acristalamiento de baja emisividad térmica + aislamiento acústico, 3+3/16/4+4, conjunto'",Verificar si son la misma partida con typos / puntuación distinta. Fusionar si procede.,warning
similar_description,LVI010,"Suministro y colocación de vidrio impreso translúcido, de 4 mm de espesor, incoloro, fijado sobre carpintería con acuñado mediante calzos de apoyo perimetrales y laterales, sellado en frío con silicon","Levenshtein=1 contra código LVI010b: 'Suministro y colocación de vidrio impreso translúcido, de 6 mm de espesor, incoloro, fijado sobre carpintería con acuñad'",Verificar si son la misma partida con typos / puntuación distinta. Fusionar si procede.,warning
similar_description,LVI010,"Suministro y colocación de vidrio impreso translúcido, de 4 mm de espesor, incoloro, fijado sobre carpintería con acuñado mediante calzos de apoyo perimetrales y laterales, sellado en frío con silicon","Levenshtein=2 contra código LVI010c: 'Suministro y colocación de vidrio impreso translúcido, de 11 mm de espesor, incoloro, fijado sobre carpintería con acuña'",Verificar si son la misma partida con typos / puntuación distinta. Fusionar si procede.,warning
similar_description,LVI010b,"Suministro y colocación de vidrio impreso translúcido, de 6 mm de espesor, incoloro, fijado sobre carpintería con acuñado mediante calzos de apoyo perimetrales y laterales, sellado en frío con silicon","Levenshtein=2 contra código LVI010c: 'Suministro y colocación de vidrio impreso translúcido, de 11 mm de espesor, incoloro, fijado sobre carpintería con acuña'",Verificar si son la misma partida con typos / puntuación distinta. Fusionar si procede.,warning
similar_description,LVP010,"Suministro y colocación de luna pulida incolora, 4 mm, fijada sobre carpintería con acuñado mediante calzos de apoyo perimetrales y laterales, sellado en frío con silicona sintética incolora (no acríl","Levenshtein=1 contra código LVP010b: 'Suministro y colocación de luna pulida incolora, 5 mm, fijada sobre carpintería con acuñado mediante calzos de apoyo per'",Verificar si son la misma partida con typos / puntuación distinta. Fusionar si procede.,warning
similar_description,LVP010,"Suministro y colocación de luna pulida incolora, 4 mm, fijada sobre carpintería con acuñado mediante calzos de apoyo perimetrales y laterales, sellado en frío con silicona sintética incolora (no acríl","Levenshtein=1 contra código LVP010c: 'Suministro y colocación de luna pulida incolora, 6 mm, fijada sobre carpintería con acuñado mediante calzos de apoyo per'",Verificar si son la misma partida con typos / puntuación distinta. Fusionar si procede.,warning
similar_description,LVP010,"Suministro y colocación de luna pulida incolora, 4 mm, fijada sobre carpintería con acuñado mediante calzos de apoyo perimetrales y laterales, sellado en frío con silicona sintética incolora (no acríl","Levenshtein=1 contra código LVP010d: 'Suministro y colocación de luna pulida incolora, 8 mm, fijada sobre carpintería con acuñado mediante calzos de apoyo per'",Verificar si son la misma partida con typos / puntuación distinta. Fusionar si procede.,warning
similar_description,LVP010,"Suministro y colocación de luna pulida incolora, 4 mm, fijada sobre carpintería con acuñado mediante calzos de apoyo perimetrales y laterales, sellado en frío con silicona sintética incolora (no acríl","Levenshtein=2 contra código LVP010e: 'Suministro y colocación de luna pulida incolora, 10 mm, fijada sobre carpintería con acuñado mediante calzos de apoyo pe'",Verificar si son la misma partida con typos / puntuación distinta. Fusionar si procede.,warning
similar_description,LVP010b,"Suministro y colocación de luna pulida incolora, 5 mm, fijada sobre carpintería con acuñado mediante calzos de apoyo perimetrales y laterales, sellado en frío con silicona sintética incolora (no acríl","Levenshtein=1 contra código LVP010c: 'Suministro y colocación de luna pulida incolora, 6 mm, fijada sobre carpintería con acuñado mediante calzos de apoyo per'",Verificar si son la misma partida con typos / puntuación distinta. Fusionar si procede.,warning
similar_description,LVP010b,"Suministro y colocación de luna pulida incolora, 5 mm, fijada sobre carpintería con acuñado mediante calzos de apoyo perimetrales y laterales, sellado en frío con silicona sintética incolora (no acríl","Levenshtein=1 contra código LVP010d: 'Suministro y colocación de luna pulida incolora, 8 mm, fijada sobre carpintería con acuñado mediante calzos de apoyo per'",Verificar si son la misma partida con typos / puntuación distinta. Fusionar si procede.,warning
similar_description,LVP010b,"Suministro y colocación de luna pulida incolora, 5 mm, fijada sobre carpintería con acuñado mediante calzos de apoyo perimetrales y laterales, sellado en frío con silicona sintética incolora (no acríl","Levenshtein=2 contra código LVP010e: 'Suministro y colocación de luna pulida incolora, 10 mm, fijada sobre carpintería con acuñado mediante calzos de apoyo pe'",Verificar si son la misma partida con typos / puntuación distinta. Fusionar si procede.,warning
similar_description,LVP010c,"Suministro y colocación de luna pulida incolora, 6 mm, fijada sobre carpintería con acuñado mediante calzos de apoyo perimetrales y laterales, sellado en frío con silicona sintética incolora (no acríl","Levenshtein=1 contra código LVP010d: 'Suministro y colocación de luna pulida incolora, 8 mm, fijada sobre carpintería con acuñado mediante calzos de apoyo per'",Verificar si son la misma partida con typos / puntuación distinta. Fusionar si procede.,warning
similar_description,LVP010c,"Suministro y colocación de luna pulida incolora, 6 mm, fijada sobre carpintería con acuñado mediante calzos de apoyo perimetrales y laterales, sellado en frío con silicona sintética incolora (no acríl","Levenshtein=2 contra código LVP010e: 'Suministro y colocación de luna pulida incolora, 10 mm, fijada sobre carpintería con acuñado mediante calzos de apoyo pe'",Verificar si son la misma partida con typos / puntuación distinta. Fusionar si procede.,warning
similar_description,LVP010d,"Suministro y colocación de luna pulida incolora, 8 mm, fijada sobre carpintería con acuñado mediante calzos de apoyo perimetrales y laterales, sellado en frío con silicona sintética incolora (no acríl","Levenshtein=2 contra código LVP010e: 'Suministro y colocación de luna pulida incolora, 10 mm, fijada sobre carpintería con acuñado mediante calzos de apoyo pe'",Verificar si son la misma partida con typos / puntuación distinta. Fusionar si procede.,warning
similar_description,LVP010f,"Suministro y colocación de luna coloreada filtrante, color gris, 4 mm, fijada sobre carpintería con acuñado mediante calzos de apoyo perimetrales y laterales, sellado en frío con silicona sintética in","Levenshtein=1 contra código LVP010g: 'Suministro y colocación de luna coloreada filtrante, color gris, 5 mm, fijada sobre carpintería con acuñado mediante cal'",Verificar si son la misma partida con typos / puntuación distinta. Fusionar si procede.,warning
similar_description,LVP010f,"Suministro y colocación de luna coloreada filtrante, color gris, 4 mm, fijada sobre carpintería con acuñado mediante calzos de apoyo perimetrales y laterales, sellado en frío con silicona sintética in","Levenshtein=1 contra código LVP010i: 'Suministro y colocación de luna coloreada filtrante, color gris, 6 mm, fijada sobre carpintería con acuñado mediante cal'",Verificar si son la misma partida con typos / puntuación distinta. Fusionar si procede.,warning
similar_description,LVP010f,"Suministro y colocación de luna coloreada filtrante, color gris, 4 mm, fijada sobre carpintería con acuñado mediante calzos de apoyo perimetrales y laterales, sellado en frío con silicona sintética in","Levenshtein=5 contra código LVP010h: 'Suministro y colocación de luna coloreada filtrante, color verde, 5 mm, fijada sobre carpintería con acuñado mediante ca'",Verificar si son la misma partida con typos / puntuación distinta. Fusionar si procede.,warning
similar_description,LVP010f,"Suministro y colocación de luna coloreada filtrante, color gris, 4 mm, fijada sobre carpintería con acuñado mediante calzos de apoyo perimetrales y laterales, sellado en frío con silicona sintética in","Levenshtein=2 contra código LVP010j: 'Suministro y colocación de luna coloreada filtrante, color gris, 10 mm, fijada sobre carpintería con acuñado mediante ca'",Verificar si son la misma partida con typos / puntuación distinta. Fusionar si procede.,warning
similar_description,LVP010g,"Suministro y colocación de luna coloreada filtrante, color gris, 5 mm, fijada sobre carpintería con acuñado mediante calzos de apoyo perimetrales y laterales, sellado en frío con silicona sintética in","Levenshtein=1 contra código LVP010i: 'Suministro y colocación de luna coloreada filtrante, color gris, 6 mm, fijada sobre carpintería con acuñado mediante cal'",Verificar si son la misma partida con typos / puntuación distinta. Fusionar si procede.,warning
similar_description,LVP010g,"Suministro y colocación de luna coloreada filtrante, color gris, 5 mm, fijada sobre carpintería con acuñado mediante calzos de apoyo perimetrales y laterales, sellado en frío con silicona sintética in","Levenshtein=4 contra código LVP010h: 'Suministro y colocación de luna coloreada filtrante, color verde, 5 mm, fijada sobre carpintería con acuñado mediante ca'",Verificar si son la misma partida con typos / puntuación distinta. Fusionar si procede.,warning
similar_description,LVP010g,"Suministro y colocación de luna coloreada filtrante, color gris, 5 mm, fijada sobre carpintería con acuñado mediante calzos de apoyo perimetrales y laterales, sellado en frío con silicona sintética in","Levenshtein=2 contra código LVP010j: 'Suministro y colocación de luna coloreada filtrante, color gris, 10 mm, fijada sobre carpintería con acuñado mediante ca'",Verificar si son la misma partida con typos / puntuación distinta. Fusionar si procede.,warning
similar_description,LVP010i,"Suministro y colocación de luna coloreada filtrante, color gris, 6 mm, fijada sobre carpintería con acuñado mediante calzos de apoyo perimetrales y laterales, sellado en frío con silicona sintética in","Levenshtein=5 contra código LVP010h: 'Suministro y colocación de luna coloreada filtrante, color verde, 5 mm, fijada sobre carpintería con acuñado mediante ca'",Verificar si son la misma partida con typos / puntuación distinta. Fusionar si procede.,warning
similar_description,LVP010i,"Suministro y colocación de luna coloreada filtrante, color gris, 6 mm, fijada sobre carpintería con acuñado mediante calzos de apoyo perimetrales y laterales, sellado en frío con silicona sintética in","Levenshtein=2 contra código LVP010j: 'Suministro y colocación de luna coloreada filtrante, color gris, 10 mm, fijada sobre carpintería con acuñado mediante ca'",Verificar si son la misma partida con typos / puntuación distinta. Fusionar si procede.,warning
similar_description,LVS010,"Suministro y colocación de vidrio laminar de seguridad, compuesto por dos lunas de 3 mm de espesor unidas mediante dos láminas incoloras de butiral de polivinilo, de 0,38 mm de espesor cada una, clasi","Levenshtein=1 contra código LVS010b: 'Suministro y colocación de vidrio laminar de seguridad, compuesto por dos lunas de 4 mm de espesor unidas mediante dos l'",Verificar si son la misma partida con typos / puntuación distinta. Fusionar si procede.,warning
similar_description,LVS010,"Suministro y colocación de vidrio laminar de seguridad, compuesto por dos lunas de 3 mm de espesor unidas mediante dos láminas incoloras de butiral de polivinilo, de 0,38 mm de espesor cada una, clasi","Levenshtein=1 contra código LVS010c: 'Suministro y colocación de vidrio laminar de seguridad, compuesto por dos lunas de 5 mm de espesor unidas mediante dos l'",Verificar si son la misma partida con typos / puntuación distinta. Fusionar si procede.,warning
similar_description,LVS010,"Suministro y colocación de vidrio laminar de seguridad, compuesto por dos lunas de 3 mm de espesor unidas mediante dos láminas incoloras de butiral de polivinilo, de 0,38 mm de espesor cada una, clasi","Levenshtein=1 contra código LVS010d: 'Suministro y colocación de vidrio laminar de seguridad, compuesto por dos lunas de 6 mm de espesor unidas mediante dos l'",Verificar si son la misma partida con typos / puntuación distinta. Fusionar si procede.,warning
similar_description,LVS010,"Suministro y colocación de vidrio laminar de seguridad, compuesto por dos lunas de 3 mm de espesor unidas mediante dos láminas incoloras de butiral de polivinilo, de 0,38 mm de espesor cada una, clasi","Levenshtein=1 contra código LVS010e: 'Suministro y colocación de vidrio laminar de seguridad, compuesto por dos lunas de 8 mm de espesor unidas mediante dos l'",Verificar si son la misma partida con typos / puntuación distinta. Fusionar si procede.,warning
similar_description,LVS010,"Suministro y colocación de vidrio laminar de seguridad, compuesto por dos lunas de 3 mm de espesor unidas mediante dos láminas incoloras de butiral de polivinilo, de 0,38 mm de espesor cada una, clasi","Levenshtein=2 contra código LVS010f: 'Suministro y colocación de vidrio laminar de seguridad, compuesto por dos lunas de 10 mm de espesor unidas mediante dos '",Verificar si son la misma partida con typos / puntuación distinta. Fusionar si procede.,warning
similar_description,LVS010b,"Suministro y colocación de vidrio laminar de seguridad, compuesto por dos lunas de 4 mm de espesor unidas mediante dos láminas incoloras de butiral de polivinilo, de 0,38 mm de espesor cada una, clasi","Levenshtein=1 contra código LVS010c: 'Suministro y colocación de vidrio laminar de seguridad, compuesto por dos lunas de 5 mm de espesor unidas mediante dos l'",Verificar si son la misma partida con typos / puntuación distinta. Fusionar si procede.,warning
similar_description,LVS010b,"Suministro y colocación de vidrio laminar de seguridad, compuesto por dos lunas de 4 mm de espesor unidas mediante dos láminas incoloras de butiral de polivinilo, de 0,38 mm de espesor cada una, clasi","Levenshtein=1 contra código LVS010d: 'Suministro y colocación de vidrio laminar de seguridad, compuesto por dos lunas de 6 mm de espesor unidas mediante dos l'",Verificar si son la misma partida con typos / puntuación distinta. Fusionar si procede.,warning
similar_description,LVS010b,"Suministro y colocación de vidrio laminar de seguridad, compuesto por dos lunas de 4 mm de espesor unidas mediante dos láminas incoloras de butiral de polivinilo, de 0,38 mm de espesor cada una, clasi","Levenshtein=1 contra código LVS010e: 'Suministro y colocación de vidrio laminar de seguridad, compuesto por dos lunas de 8 mm de espesor unidas mediante dos l'",Verificar si son la misma partida con typos / puntuación distinta. Fusionar si procede.,warning
similar_description,LVS010b,"Suministro y colocación de vidrio laminar de seguridad, compuesto por dos lunas de 4 mm de espesor unidas mediante dos láminas incoloras de butiral de polivinilo, de 0,38 mm de espesor cada una, clasi","Levenshtein=2 contra código LVS010f: 'Suministro y colocación de vidrio laminar de seguridad, compuesto por dos lunas de 10 mm de espesor unidas mediante dos '",Verificar si son la misma partida con typos / puntuación distinta. Fusionar si procede.,warning
similar_description,LVS010c,"Suministro y colocación de vidrio laminar de seguridad, compuesto por dos lunas de 5 mm de espesor unidas mediante dos láminas incoloras de butiral de polivinilo, de 0,38 mm de espesor cada una, clasi","Levenshtein=1 contra código LVS010d: 'Suministro y colocación de vidrio laminar de seguridad, compuesto por dos lunas de 6 mm de espesor unidas mediante dos l'",Verificar si son la misma partida con typos / puntuación distinta. Fusionar si procede.,warning
similar_description,LVS010c,"Suministro y colocación de vidrio laminar de seguridad, compuesto por dos lunas de 5 mm de espesor unidas mediante dos láminas incoloras de butiral de polivinilo, de 0,38 mm de espesor cada una, clasi","Levenshtein=1 contra código LVS010e: 'Suministro y colocación de vidrio laminar de seguridad, compuesto por dos lunas de 8 mm de espesor unidas mediante dos l'",Verificar si son la misma partida con typos / puntuación distinta. Fusionar si procede.,warning
similar_description,LVS010c,"Suministro y colocación de vidrio laminar de seguridad, compuesto por dos lunas de 5 mm de espesor unidas mediante dos láminas incoloras de butiral de polivinilo, de 0,38 mm de espesor cada una, clasi","Levenshtein=2 contra código LVS010f: 'Suministro y colocación de vidrio laminar de seguridad, compuesto por dos lunas de 10 mm de espesor unidas mediante dos '",Verificar si son la misma partida con typos / puntuación distinta. Fusionar si procede.,warning
similar_description,LVS010d,"Suministro y colocación de vidrio laminar de seguridad, compuesto por dos lunas de 6 mm de espesor unidas mediante dos láminas incoloras de butiral de polivinilo, de 0,38 mm de espesor cada una, clasi","Levenshtein=1 contra código LVS010e: 'Suministro y colocación de vidrio laminar de seguridad, compuesto por dos lunas de 8 mm de espesor unidas mediante dos l'",Verificar si son la misma partida con typos / puntuación distinta. Fusionar si procede.,warning
similar_description,LVS010d,"Suministro y colocación de vidrio laminar de seguridad, compuesto por dos lunas de 6 mm de espesor unidas mediante dos láminas incoloras de butiral de polivinilo, de 0,38 mm de espesor cada una, clasi","Levenshtein=2 contra código LVS010f: 'Suministro y colocación de vidrio laminar de seguridad, compuesto por dos lunas de 10 mm de espesor unidas mediante dos '",Verificar si son la misma partida con typos / puntuación distinta. Fusionar si procede.,warning
similar_description,LVS010e,"Suministro y colocación de vidrio laminar de seguridad, compuesto por dos lunas de 8 mm de espesor unidas mediante dos láminas incoloras de butiral de polivinilo, de 0,38 mm de espesor cada una, clasi","Levenshtein=2 contra código LVS010f: 'Suministro y colocación de vidrio laminar de seguridad, compuesto por dos lunas de 10 mm de espesor unidas mediante dos '",Verificar si son la misma partida con typos / puntuación distinta. Fusionar si procede.,warning
similar_description,LVT010,"Suministro y colocación de vidrio de silicato sodocálcico templado, incoloro, de 10 mm de espesor, clasificación de prestaciones 1C1, según UNE-EN 12600, fijado sobre carpintería con acuñado mediante ","Levenshtein=1 contra código LVT010b: 'Suministro y colocación de vidrio de silicato sodocálcico templado, incoloro, de 12 mm de espesor, clasificación de pres'",Verificar si son la misma partida con typos / puntuación distinta. Fusionar si procede.,warning
similar_description,LVT015,"Suministro y colocación de puerta abatible de vidrio templado incoloro, de 2090x796 mm y de 10 mm de espesor, clasificación de prestaciones 1C1. Incluso kit de herrajes, de acero inoxidable AISI 304. ","Levenshtein=1 contra código LVT015b: 'Suministro y colocación de puerta abatible de vidrio templado incoloro, de 2090x896 mm y de 10 mm de espesor, clasificac'",Verificar si son la misma partida con typos / puntuación distinta. Fusionar si procede.,warning
similar_description,NAA010b,"Suministro y colocación de aislamiento térmico de tubería, colocada superficialmente, para la distribución de fluidos calientes (de +40°C a +60°C), formado por coquilla de espuma elastomérica, de 23 m","Levenshtein=2 contra código NAA010c: 'Suministro y colocación de aislamiento térmico de tubería, colocada superficialmente, para la distribución de fluidos ca'",Verificar si son la misma partida con typos / puntuación distinta. Fusionar si procede.,warning
similar_description,NAA010b,"Suministro y colocación de aislamiento térmico de tubería, colocada superficialmente, para la distribución de fluidos calientes (de +40°C a +60°C), formado por coquilla de espuma elastomérica, de 23 m","Levenshtein=4 contra código NAA010d: 'Suministro y colocación de aislamiento térmico de tubería, colocada superficialmente, para la distribución de fluidos ca'",Verificar si son la misma partida con typos / puntuación distinta. Fusionar si procede.,warning
similar_description,NAA010b,"Suministro y colocación de aislamiento térmico de tubería, colocada superficialmente, para la distribución de fluidos calientes (de +40°C a +60°C), formado por coquilla de espuma elastomérica, de 23 m","Levenshtein=4 contra código NAA010: 'Suministro y colocación de aislamiento térmico de tubería en colocada superficialmente, para la distribución de fluidos '",Verificar si son la misma partida con typos / puntuación distinta. Fusionar si procede.,warning
similar_description,NAA010c,"Suministro y colocación de aislamiento térmico de tubería, colocada superficialmente, para la distribución de fluidos calientes (de +40°C a +60°C), formado por coquilla de espuma elastomérica, de 36 m","Levenshtein=4 contra código NAA010d: 'Suministro y colocación de aislamiento térmico de tubería, colocada superficialmente, para la distribución de fluidos ca'",Verificar si son la misma partida con typos / puntuación distinta. Fusionar si procede.,warning
similar_description,NAA010c,"Suministro y colocación de aislamiento térmico de tubería, colocada superficialmente, para la distribución de fluidos calientes (de +40°C a +60°C), formado por coquilla de espuma elastomérica, de 36 m","Levenshtein=5 contra código NAA010: 'Suministro y colocación de aislamiento térmico de tubería en colocada superficialmente, para la distribución de fluidos '",Verificar si son la misma partida con typos / puntuación distinta. Fusionar si procede.,warning
similar_description,NAF010d,"Suministro y colocación de aislamiento térmico formado por panel rígido de poliestireno expandido, de superficie lisa y mecanizado lateral recto, de 30 mm de espesor, resistencia térmica 1 m²K/W, cond","Levenshtein=2 contra código NAF010j: 'Suministro y colocación de aislamiento térmico formado por panel rígido de poliestireno expandido, de superficie lisa y '",Verificar si son la misma partida con typos / puntuación distinta. Fusionar si procede.,warning
similar_description,NAF010d,"Suministro y colocación de aislamiento térmico formado por panel rígido de poliestireno expandido, de superficie lisa y mecanizado lateral recto, de 30 mm de espesor, resistencia térmica 1 m²K/W, cond","Levenshtein=2 contra código NAF010l: 'Suministro y colocación de aislamiento térmico formado por panel rígido de poliestireno expandido, de superficie lisa y '",Verificar si son la misma partida con typos / puntuación distinta. Fusionar si procede.,warning
similar_description,NAF010f,"Suministro y colocación de aislamiento térmico formado por panel rígido de poliestireno extruido, de superficie lisa y mecanizado lateral machihembrado, de 50 mm de espesor, resistencia a compresión >","Levenshtein=2 contra código NAF010g: 'Suministro y colocación de aislamiento térmico formado por panel rígido de poliestireno extruido, de superficie lisa y m'",Verificar si son la misma partida con typos / puntuación distinta. Fusionar si procede.,warning
similar_description,NAF010j,"Suministro y colocación de aislamiento térmico formado por panel rígido de poliestireno expandido, de superficie lisa y mecanizado lateral recto, de 100 mm de espesor, resistencia térmica 1 m²K/W, con","Levenshtein=1 contra código NAF010l: 'Suministro y colocación de aislamiento térmico formado por panel rígido de poliestireno expandido, de superficie lisa y '",Verificar si son la misma partida con typos / puntuación distinta. Fusionar si procede.,warning
similar_description,NEC010c,"Sellado estanco al aire y lluvia, apto para revestir, por el exterior, de la junta entre la carpintería exterior y el paramento de madera con cinta autoadhesiva, de geotextil especial reforzado con ma","Levenshtein=5 contra código NEC010d: 'Sellado estanco al aire y lluvia, apto para revestir, por el exterior, de la junta entre la carpintería exterior y el pa'",Verificar si son la misma partida con typos / puntuación distinta. Fusionar si procede.,warning
similar_description,NEI010,"Sellado estanco con pieza autoadhesiva, para un cable de 6 a 12 mm de diámetro, de geotextil no tejido de polipropileno y caucho sintético EPDM, de 14,5x14,5 cm, con adhesivo SOLID resistente al agua ","Levenshtein=4 contra código NEI010b: 'Sellado estanco con pieza autoadhesiva, para dos cables de 6 a 12 mm de diámetro, de geotextil no tejido de polipropilen'",Verificar si son la misma partida con typos / puntuación distinta. Fusionar si procede.,warning
similar_description,NEI020b,"Sellado estanco con pieza, para un tubo de de 30 a 50 mm de diámetro, de caucho sintético EPDM, de 14x14 cm, con cinta autoadhesiva, de geotextil especial reforzado con malla, con adhesivo SOLID resis","Levenshtein=2 contra código NEI020c: 'Sellado estanco con pieza, para un tubo de de 50 a 90 mm de diámetro, de caucho sintético EPDM, de 14x14 cm, con cinta a'",Verificar si son la misma partida con typos / puntuación distinta. Fusionar si procede.,warning
similar_description,NEI020d,"Sellado estanco con pieza, para un tubo de de 100 a 120 mm de diámetro, de caucho sintético EPDM, de 20x20 cm, con cinta autoadhesiva, de geotextil especial reforzado con malla, con adhesivo SOLID res","Levenshtein=4 contra código NEI020e: 'Sellado estanco con pieza, para un tubo de de 120 a 170 mm de diámetro, de caucho sintético EPDM, de 25x25 cm, con cinta'",Verificar si son la misma partida con typos / puntuación distinta. Fusionar si procede.,warning
similar_description,NEI020d,"Sellado estanco con pieza, para un tubo de de 100 a 120 mm de diámetro, de caucho sintético EPDM, de 20x20 cm, con cinta autoadhesiva, de geotextil especial reforzado con malla, con adhesivo SOLID res","Levenshtein=4 contra código NEI020f: 'Sellado estanco con pieza, para un tubo de de 170 a 220 mm de diámetro, de caucho sintético EPDM, de 30x30 cm, con cinta'",Verificar si son la misma partida con typos / puntuación distinta. Fusionar si procede.,warning
similar_description,NEI020d,"Sellado estanco con pieza, para un tubo de de 100 a 120 mm de diámetro, de caucho sintético EPDM, de 20x20 cm, con cinta autoadhesiva, de geotextil especial reforzado con malla, con adhesivo SOLID res","Levenshtein=5 contra código NEI020h: 'Sellado estanco con pieza, para un tubo de de 270 a 320 mm de diámetro, de caucho sintético EPDM, de 50x50 cm, con cinta'",Verificar si son la misma partida con typos / puntuación distinta. Fusionar si procede.,warning
similar_description,NEI020e,"Sellado estanco con pieza, para un tubo de de 120 a 170 mm de diámetro, de caucho sintético EPDM, de 25x25 cm, con cinta autoadhesiva, de geotextil especial reforzado con malla, con adhesivo SOLID res","Levenshtein=4 contra código NEI020g: 'Sellado estanco con pieza, para un tubo de de 220 a 270 mm de diámetro, de caucho sintético EPDM, de 45x45 cm, con cinta'",Verificar si son la misma partida con typos / puntuación distinta. Fusionar si procede.,warning
similar_description,NEI020f,"Sellado estanco con pieza, para un tubo de de 170 a 220 mm de diámetro, de caucho sintético EPDM, de 30x30 cm, con cinta autoadhesiva, de geotextil especial reforzado con malla, con adhesivo SOLID res","Levenshtein=4 contra código NEI020h: 'Sellado estanco con pieza, para un tubo de de 270 a 320 mm de diámetro, de caucho sintético EPDM, de 50x50 cm, con cinta'",Verificar si son la misma partida con typos / puntuación distinta. Fusionar si procede.,warning
similar_description,NEI030,"Sellado estanco de tubo para paso de instalaciones con tapón de elastómero termoplástico, de 16 mm de diámetro exterior y 11 mm de diámetro interior. Incluye: Perforación de la pieza. Colocación de la","Levenshtein=3 contra código NEI030b: 'Sellado estanco de tubo para paso de instalaciones con tapón de elastómero termoplástico, de 20 mm de diámetro exterior '",Verificar si son la misma partida con typos / puntuación distinta. Fusionar si procede.,warning
similar_description,NEI030,"Sellado estanco de tubo para paso de instalaciones con tapón de elastómero termoplástico, de 16 mm de diámetro exterior y 11 mm de diámetro interior. Incluye: Perforación de la pieza. Colocación de la","Levenshtein=4 contra código NEI030d: 'Sellado estanco de tubo para paso de instalaciones con tapón de elastómero termoplástico, de 32 mm de diámetro exterior '",Verificar si son la misma partida con typos / puntuación distinta. Fusionar si procede.,warning
similar_description,NEI030,"Sellado estanco de tubo para paso de instalaciones con tapón de elastómero termoplástico, de 16 mm de diámetro exterior y 11 mm de diámetro interior. Incluye: Perforación de la pieza. Colocación de la","Levenshtein=5 contra código NEI030c: 'Sellado estanco de tubo para paso de instalaciones con tapón de elastómero termoplástico, de 25 mm de diámetro exterior '",Verificar si son la misma partida con typos / puntuación distinta. Fusionar si procede.,warning
similar_description,NEI030,"Sellado estanco de tubo para paso de instalaciones con tapón de elastómero termoplástico, de 16 mm de diámetro exterior y 11 mm de diámetro interior. Incluye: Perforación de la pieza. Colocación de la","Levenshtein=5 contra código NEI030e: 'Sellado estanco de tubo para paso de instalaciones con tapón de elastómero termoplástico, de 40 mm de diámetro exterior '",Verificar si son la misma partida con typos / puntuación distinta. Fusionar si procede.,warning
similar_description,NEI030b,"Sellado estanco de tubo para paso de instalaciones con tapón de elastómero termoplástico, de 20 mm de diámetro exterior y 15 mm de diámetro interior. Incluye: Perforación de la pieza. Colocación de la","Levenshtein=3 contra código NEI030d: 'Sellado estanco de tubo para paso de instalaciones con tapón de elastómero termoplástico, de 32 mm de diámetro exterior '",Verificar si son la misma partida con typos / puntuación distinta. Fusionar si procede.,warning
similar_description,NEI030b,"Sellado estanco de tubo para paso de instalaciones con tapón de elastómero termoplástico, de 20 mm de diámetro exterior y 15 mm de diámetro interior. Incluye: Perforación de la pieza. Colocación de la","Levenshtein=3 contra código NEI030c: 'Sellado estanco de tubo para paso de instalaciones con tapón de elastómero termoplástico, de 25 mm de diámetro exterior '",Verificar si son la misma partida con typos / puntuación distinta. Fusionar si procede.,warning
similar_description,NEI030b,"Sellado estanco de tubo para paso de instalaciones con tapón de elastómero termoplástico, de 20 mm de diámetro exterior y 15 mm de diámetro interior. Incluye: Perforación de la pieza. Colocación de la","Levenshtein=3 contra código NEI030e: 'Sellado estanco de tubo para paso de instalaciones con tapón de elastómero termoplástico, de 40 mm de diámetro exterior '",Verificar si son la misma partida con typos / puntuación distinta. Fusionar si procede.,warning
similar_description,NEI030c,"Sellado estanco de tubo para paso de instalaciones con tapón de elastómero termoplástico, de 25 mm de diámetro exterior y 19,5 mm de diámetro interior. Incluye: Perforación de la pieza. Colocación de ","Levenshtein=4 contra código NEI030e: 'Sellado estanco de tubo para paso de instalaciones con tapón de elastómero termoplástico, de 40 mm de diámetro exterior '",Verificar si son la misma partida con typos / puntuación distinta. Fusionar si procede.,warning
similar_description,NEI030d,"Sellado estanco de tubo para paso de instalaciones con tapón de elastómero termoplástico, de 32 mm de diámetro exterior y 25 mm de diámetro interior. Incluye: Perforación de la pieza. Colocación de la","Levenshtein=5 contra código NEI030c: 'Sellado estanco de tubo para paso de instalaciones con tapón de elastómero termoplástico, de 25 mm de diámetro exterior '",Verificar si son la misma partida con typos / puntuación distinta. Fusionar si procede.,warning
similar_description,NEI030d,"Sellado estanco de tubo para paso de instalaciones con tapón de elastómero termoplástico, de 32 mm de diámetro exterior y 25 mm de diámetro interior. Incluye: Perforación de la pieza. Colocación de la","Levenshtein=5 contra código NEI030e: 'Sellado estanco de tubo para paso de instalaciones con tapón de elastómero termoplástico, de 40 mm de diámetro exterior '",Verificar si son la misma partida con typos / puntuación distinta. Fusionar si procede.,warning
similar_description,RAG018,Suministro y colocación de cantonera de PVC.,Levenshtein=5 contra código RAG018c: 'Suministro y colocación de cantonera de latón.',Verificar si son la misma partida con typos / puntuación distinta. Fusionar si procede.,warning
similar_description,RME030,"Formación de capa de esmalte al agua, color blanco, acabado brillante, sobre superficie de carpintería interior de madera, mediante aplicación de una mano de fondo con imprimación selladora, a base de","Levenshtein=2 contra código RME030b: 'Formación de capa de esmalte al agua, color blanco, acabado brillante, sobre superficie de carpintería exterior de mader'",Verificar si son la misma partida con typos / puntuación distinta. Fusionar si procede.,warning
similar_description,RSM020,"Suministro y colocación de entarimado tradicional formado por tablas machihembradas de madera maciza de roble, de 70x22 mm, colocadas a rompejuntas sobre rastreles de madera de pino de 50x25 mm, fijad","Levenshtein=5 contra código RSM020b: 'Suministro y colocación de entarimado tradicional formado por tablas machihembradas de madera maciza de jatoba, de 70x22'",Verificar si son la misma partida con typos / puntuación distinta. Fusionar si procede.,warning
similar_description,RSM050b,"Suministro y colocación de rodapié de aglomerado chapado de haya de 6x1,2 cm, clavado en paramento.","Levenshtein=5 contra código RSM050c: 'Suministro y colocación de rodapié de aglomerado chapado de roble de 6x1,2 cm, clavado en paramento.'",Verificar si son la misma partida con typos / puntuación distinta. Fusionar si procede.,warning
similar_description,RSM050b,"Suministro y colocación de rodapié de aglomerado chapado de haya de 6x1,2 cm, clavado en paramento.","Levenshtein=5 contra código RSM050d: 'Suministro y colocación de rodapié de aglomerado chapado de castaño de 6x1,2 cm, clavado en paramento.'",Verificar si son la misma partida con typos / puntuación distinta. Fusionar si procede.,warning
similar_description,RSM050e,"Suministro y colocación de rodapié de aglomerado chapado de cerezo de 6x1,2 cm, clavado en paramento.","Levenshtein=5 contra código RSM050d: 'Suministro y colocación de rodapié de aglomerado chapado de castaño de 6x1,2 cm, clavado en paramento.'",Verificar si son la misma partida con typos / puntuación distinta. Fusionar si procede.,warning
similar_description,RSP010b,"Suministro y colocación de pavimento de baldosas de arenisca Caliza Capri, de 60x40x2 cm, acabado apomazado; recibidas con adhesivo cementoso mejorado, C2 TE, con deslizamiento reducido y tiempo abier","Levenshtein=5 contra código RSP010: 'Suministro y colocación de pavimento de baldosas de arenisca Caliza Capri, de 60x40x2 cm, acabado abujardado; recibidas '",Verificar si son la misma partida con typos / puntuación distinta. Fusionar si procede.,warning
similar_description,RSP010c,"Suministro y colocación de pavimento de baldosas de arenisca Caliza Capri, de 60x40x2 cm, acabado arenado; recibidas con adhesivo cementoso mejorado, C2 TE, con deslizamiento reducido y tiempo abierto","Levenshtein=5 contra código RSP010b: 'Suministro y colocación de pavimento de baldosas de arenisca Caliza Capri, de 60x40x2 cm, acabado apomazado; recibidas c'",Verificar si son la misma partida con typos / puntuación distinta. Fusionar si procede.,warning
similar_description,RTC021,"Suministro y montaje de trampilla de registro de acero, de 300x300 mm, formada por marco, puerta, cierre y brazo de seguridad, para falso techo continuo de placas de yeso laminado. Incluso accesorios ","Levenshtein=2 contra código RTC021b: 'Suministro y montaje de trampilla de registro de acero, de 600x600 mm, formada por marco, puerta, cierre y brazo de segu'",Verificar si son la misma partida con typos / puntuación distinta. Fusionar si procede.,warning
similar_description,RVE010,"Suministro y colocación de espejo de luna incolora de 3 mm de espesor, con pintura de protección, color plata, por su cara posterior, fijado con masilla al paramento. Incluso canteado perimetral, y ma","Levenshtein=4 contra código RVE010g: 'Suministro y colocación de espejo de luna de color de 3 mm de espesor, con pintura de protección, color plata, por su ca'",Verificar si son la misma partida con typos / puntuación distinta. Fusionar si procede.,warning
similar_description,RVE010c,"Suministro y colocación de espejo de luna incolora de 3 mm de espesor, con pintura de protección, color plata, por su cara posterior, fijado con masilla al paramento. Incluso canteado perimetral, bise","Levenshtein=1 contra código RVE010d: 'Suministro y colocación de espejo de luna incolora de 5 mm de espesor, con pintura de protección, color plata, por su ca'",Verificar si son la misma partida con typos / puntuación distinta. Fusionar si procede.,warning
similar_description,RVE010c,"Suministro y colocación de espejo de luna incolora de 3 mm de espesor, con pintura de protección, color plata, por su cara posterior, fijado con masilla al paramento. Incluso canteado perimetral, bise","Levenshtein=5 contra código RVE010i: 'Suministro y colocación de espejo de luna de color de 5 mm de espesor, con pintura de protección, color plata, por su ca'",Verificar si son la misma partida con typos / puntuación distinta. Fusionar si procede.,warning
similar_description,RVE010d,"Suministro y colocación de espejo de luna incolora de 5 mm de espesor, con pintura de protección, color plata, por su cara posterior, fijado con masilla al paramento. Incluso canteado perimetral, bise","Levenshtein=4 contra código RVE010i: 'Suministro y colocación de espejo de luna de color de 5 mm de espesor, con pintura de protección, color plata, por su ca'",Verificar si son la misma partida con typos / puntuación distinta. Fusionar si procede.,warning
similar_description,SAC020,"Suministro e instalación de lavabo de porcelana sanitaria con pedestal,color blanco, de 520x410 mm, con grifería monomando, acabado cromado, con aireador y desagüe, acabado con sifón botella. Incluso ","Levenshtein=3 contra código SAC020c: 'Suministro e instalación de lavabo de porcelana sanitaria con pedestal, color blanco, de 650x510 mm, con grifería monoma'",Verificar si son la misma partida con typos / puntuación distinta. Fusionar si procede.,warning
similar_description,SAC020j,"Suministro e instalación de bañera de acero color blanco, de 140x70 cm, sin asas, con grifería monomando, acabado cromado. Incluso conexión a las redes de agua fría y caliente y a la red de evacuación","Levenshtein=1 contra código SAC020k: 'Suministro e instalación de bañera de acero color blanco, de 150x70 cm, sin asas, con grifería monomando, acabado cromad'",Verificar si son la misma partida con typos / puntuación distinta. Fusionar si procede.,warning
similar_description,SAC020j,"Suministro e instalación de bañera de acero color blanco, de 140x70 cm, sin asas, con grifería monomando, acabado cromado. Incluso conexión a las redes de agua fría y caliente y a la red de evacuación","Levenshtein=1 contra código SAC020l: 'Suministro e instalación de bañera de acero color blanco, de 160x70 cm, sin asas, con grifería monomando, acabado cromad'",Verificar si son la misma partida con typos / puntuación distinta. Fusionar si procede.,warning
similar_description,SAC020k,"Suministro e instalación de bañera de acero color blanco, de 150x70 cm, sin asas, con grifería monomando, acabado cromado. Incluso conexión a las redes de agua fría y caliente y a la red de evacuación","Levenshtein=1 contra código SAC020l: 'Suministro e instalación de bañera de acero color blanco, de 160x70 cm, sin asas, con grifería monomando, acabado cromad'",Verificar si son la misma partida con typos / puntuación distinta. Fusionar si procede.,warning
similar_description,SAC020m,"Suministro e instalación de bañera de hierro fundido color blanco, de 140x70 cm, sin asas, con grifería monomando, acabado cromado. Incluso conexión a las redes de agua fría y caliente y a la red de e","Levenshtein=1 contra código SAC020n: 'Suministro e instalación de bañera de hierro fundido color blanco, de 150x70 cm, sin asas, con grifería monomando, acaba'",Verificar si son la misma partida con typos / puntuación distinta. Fusionar si procede.,warning
similar_description,SAC020m,"Suministro e instalación de bañera de hierro fundido color blanco, de 140x70 cm, sin asas, con grifería monomando, acabado cromado. Incluso conexión a las redes de agua fría y caliente y a la red de e","Levenshtein=1 contra código SAC020o: 'Suministro e instalación de bañera de hierro fundido color blanco, de 160x70 cm, sin asas, con grifería monomando, acaba'",Verificar si son la misma partida con typos / puntuación distinta. Fusionar si procede.,warning
similar_description,SAC020n,"Suministro e instalación de bañera de hierro fundido color blanco, de 150x70 cm, sin asas, con grifería monomando, acabado cromado. Incluso conexión a las redes de agua fría y caliente y a la red de e","Levenshtein=1 contra código SAC020o: 'Suministro e instalación de bañera de hierro fundido color blanco, de 160x70 cm, sin asas, con grifería monomando, acaba'",Verificar si son la misma partida con typos / puntuación distinta. Fusionar si procede.,warning
similar_description,SAC020q,"Suministro e instalación de plato de ducha de porcelana sanitaria color blanco, 80x80x10 cm, con grifería monomando, acabado cromado. Incluso conexión a las redes de agua fría y caliente y a la red de","Levenshtein=2 contra código SAC020r: 'Suministro e instalación de plato de ducha de porcelana sanitaria color blanco, 90x90x10 cm, con grifería monomando, aca'",Verificar si son la misma partida con typos / puntuación distinta. Fusionar si procede.,warning
similar_description,SCF010,"Suministro e instalación de fregadero de acero inoxidable para instalación en encimera, de 1 cubeta, de 450x490 mm, con válvula de desagüe, equipado con grifo mezclador monomando mural para fregadero,","Levenshtein=5 contra código SCF010c: 'Suministro e instalación de fregadero de acero inoxidable para instalación en encimera, de 2 cubetas, de 800x490 mm, con'",Verificar si son la misma partida con typos / puntuación distinta. Fusionar si procede.,warning
similar_description,SCF010b,"Suministro e instalación de fregadero de acero inoxidable para instalación en encimera, de 1 cubeta y 1 escurridor, de 800x490 mm, con válvula de desagüe, equipado con grifo mezclador monomando mural ","Levenshtein=5 contra código SCF010d: 'Suministro e instalación de fregadero de acero inoxidable para instalación en encimera, de 2 cubetas y 1 escurridor, de '",Verificar si son la misma partida con typos / puntuación distinta. Fusionar si procede.,warning
similar_description,SGD020,"Suministro y colocación de grifería monomando formada por grifo mezclador monomando mural para ducha, de latón, acabado cromado, con cartucho cerámico, aireador, inversor, equipo de ducha formado por ","Levenshtein=5 contra código SGB020: 'Suministro y colocación de grifería monomando formada por grifo mezclador monomando mural para baño/ducha, de latón, aca'",Verificar si son la misma partida con typos / puntuación distinta. Fusionar si procede.,warning
similar_description,UAA010g,"Formación de arqueta de paso, registrable, enterrada, construida con fábrica de ladrillo cerámico hueco, de 1/2 pie de espesor, recibido con mortero de cemento M-5, de dimensiones interiores 50x50x50 ","Levenshtein=2 contra código UAA010h: 'Formación de arqueta de paso, registrable, enterrada, construida con fábrica de ladrillo cerámico hueco, de 1/2 pie de e'",Verificar si son la misma partida con typos / puntuación distinta. Fusionar si procede.,warning
similar_description,UAA010g,"Formación de arqueta de paso, registrable, enterrada, construida con fábrica de ladrillo cerámico hueco, de 1/2 pie de espesor, recibido con mortero de cemento M-5, de dimensiones interiores 50x50x50 ","Levenshtein=2 contra código UAA010i: 'Formación de arqueta de paso, registrable, enterrada, construida con fábrica de ladrillo cerámico hueco, de 1/2 pie de e'",Verificar si son la misma partida con typos / puntuación distinta. Fusionar si procede.,warning
similar_description,UAA010h,"Formación de arqueta de paso, registrable, enterrada, construida con fábrica de ladrillo cerámico hueco, de 1/2 pie de espesor, recibido con mortero de cemento M-5, de dimensiones interiores 60x60x50 ","Levenshtein=2 contra código UAA010i: 'Formación de arqueta de paso, registrable, enterrada, construida con fábrica de ladrillo cerámico hueco, de 1/2 pie de e'",Verificar si son la misma partida con typos / puntuación distinta. Fusionar si procede.,warning
similar_description,UAA010j,"Formación de arqueta de paso, registrable, enterrada, construida con fábrica de ladrillo cerámico hueco, de 1/2 pie de espesor, recibido con mortero de cemento M-5, de dimensiones interiores 60x60x80 ","Levenshtein=3 contra código UAA010l: 'Formación de arqueta de paso, registrable, enterrada, construida con fábrica de ladrillo cerámico hueco, de 1/2 pie de e'",Verificar si son la misma partida con typos / puntuación distinta. Fusionar si procede.,warning
similar_description,UAC010,"Suministro y montaje de colector enterrado en terreno no agresivo, con refuerzo bajo calzada, formado por tubo de PVC liso, serie SN-4, rigidez anular nominal 4 kN/m², de 110 mm de diámetro exterior y","Levenshtein=2 contra código UAC010d: 'Suministro y montaje de colector enterrado en terreno no agresivo, con refuerzo bajo calzada, formado por tubo de PVC li'",Verificar si son la misma partida con typos / puntuación distinta. Fusionar si procede.,warning
similar_description,UAC010,"Suministro y montaje de colector enterrado en terreno no agresivo, con refuerzo bajo calzada, formado por tubo de PVC liso, serie SN-4, rigidez anular nominal 4 kN/m², de 110 mm de diámetro exterior y","Levenshtein=1 contra código UAC010f: 'Suministro y montaje de colector enterrado en terreno no agresivo, con refuerzo bajo calzada, formado por tubo de PVC li'",Verificar si son la misma partida con typos / puntuación distinta. Fusionar si procede.,warning
similar_description,UAC010,"Suministro y montaje de colector enterrado en terreno no agresivo, con refuerzo bajo calzada, formado por tubo de PVC liso, serie SN-4, rigidez anular nominal 4 kN/m², de 110 mm de diámetro exterior y","Levenshtein=2 contra código UAC010j: 'Suministro y montaje de colector enterrado en terreno no agresivo, con refuerzo bajo calzada, formado por tubo de PVC li'",Verificar si son la misma partida con typos / puntuación distinta. Fusionar si procede.,warning
similar_description,UAC010d,"Suministro y montaje de colector enterrado en terreno no agresivo, con refuerzo bajo calzada, formado por tubo de PVC liso, serie SN-4, rigidez anular nominal 4 kN/m², de 125 mm de diámetro exterior y","Levenshtein=2 contra código UAC010f: 'Suministro y montaje de colector enterrado en terreno no agresivo, con refuerzo bajo calzada, formado por tubo de PVC li'",Verificar si son la misma partida con typos / puntuación distinta. Fusionar si procede.,warning
similar_description,UAC010d,"Suministro y montaje de colector enterrado en terreno no agresivo, con refuerzo bajo calzada, formado por tubo de PVC liso, serie SN-4, rigidez anular nominal 4 kN/m², de 125 mm de diámetro exterior y","Levenshtein=3 contra código UAC010j: 'Suministro y montaje de colector enterrado en terreno no agresivo, con refuerzo bajo calzada, formado por tubo de PVC li'",Verificar si son la misma partida con typos / puntuación distinta. Fusionar si procede.,warning
similar_description,UAC010f,"Suministro y montaje de colector enterrado en terreno no agresivo, con refuerzo bajo calzada, formado por tubo de PVC liso, serie SN-4, rigidez anular nominal 4 kN/m², de 160 mm de diámetro exterior y","Levenshtein=2 contra código UAC010j: 'Suministro y montaje de colector enterrado en terreno no agresivo, con refuerzo bajo calzada, formado por tubo de PVC li'",Verificar si son la misma partida con typos / puntuación distinta. Fusionar si procede.,warning
similar_description,UAI020,"Suministro y montaje de imbornal prefabricado de hormigón fck=25 MPa, de 50x30x60 cm de medidas interiores, para recogida de aguas pluviales, colocado sobre solera de hormigón en masa HM-20/P/20/I de ","Levenshtein=3 contra código UAI020b: 'Suministro y montaje de imbornal prefabricado de hormigón fck=25 MPa, de 60x30x75 cm de medidas interiores, para recogid'",Verificar si son la misma partida con typos / puntuación distinta. Fusionar si procede.,warning
similar_description,UAP010,"Formación de pozo de registro de fábrica de ladrillo cerámico hueco de 1 pie de espesor, de 1,00 m de diámetro interior y de 1,6 m de altura útil interior, formado por: solera de 25 cm de espesor de h","Levenshtein=2 contra código UAP010c: 'Formación de pozo de registro de fábrica de ladrillo cerámico hueco de 1 pie de espesor, de 0,80 m de diámetro interior '",Verificar si son la misma partida con typos / puntuación distinta. Fusionar si procede.,warning
similar_description,UJP010bb,"Suministro, apertura de hoyo de 110x110x70 cm por medios mecánicos y plantación de Olivo (Olea europaea), de 60 a 80 cm de diámetro, suministrado con cepellón. Incluso aportación de tierra vegetal sel","Levenshtein=5 contra código UJP010bc: 'Suministro, apertura de hoyo de 120x120x70 cm por medios mecánicos y plantación de Olivo (Olea europaea), de 80 a 100 cm'",Verificar si son la misma partida con typos / puntuación distinta. Fusionar si procede.,warning
similar_description,UNM020,"Muro de contención de tierras de superficie plana, sin talón, de hormigón armado, de hasta 3 m de altura, realizado con hormigón HA-25/B/20/XC2 fabricado en central, y vertido con cubilote, y acero UN","Levenshtein=2 contra código UNM020b: 'Muro de contención de tierras de superficie plana, sin talón, de hormigón armado, de hasta 3 m de altura, realizado con '",Verificar si son la misma partida con typos / puntuación distinta. Fusionar si procede.,warning
similar_description,UPD020b,"Suministro e instalación de electrobomba autoaspirante de polipropileno reforzado con fibra de vidrio, con una potencia de 0,61 kW, 3000 r.p.m., cierre mecánico de acero inoxidable AISI 316, motor así","Levenshtein=3 contra código UPD020c: 'Suministro e instalación de electrobomba autoaspirante de polipropileno reforzado con fibra de vidrio, con una potencia '",Verificar si son la misma partida con typos / puntuación distinta. Fusionar si procede.,warning
similar_description,UPD030b,"Suministro e instalación de filtro de fibra de vidrio reforzada con resina de poliéster, de 600 mm de diámetro, con dos salidas de 2"", caudal de 15 m³/h y presión máxima de trabajo de 2,5 bar. Incluso","Levenshtein=4 contra código UPD030c: 'Suministro e instalación de filtro de fibra de vidrio reforzada con resina de poliéster, de 750 mm de diámetro, con dos '",Verificar si son la misma partida con typos / puntuación distinta. Fusionar si procede.,warning
similar_description,UPG010A,"Suministro de hormigón HA-30/F/12/XD2, proyectado por vía húmeda para formación de vaso de piscina, de 15 cm de espesor, con doble malla electrosoldada ME 20x20 Ø 5-5 B 500 T 6x2,20 UNE-EN 10080, y ar","Levenshtein=2 contra código UPG010bA: 'Suministro de hormigón HA-30/F/12/XD2, proyectado por vía húmeda para formación de vaso de piscina, de 20 cm de espesor,'",Verificar si son la misma partida con typos / puntuación distinta. Fusionar si procede.,warning
similar_description,USE020b,"Suministro e instalación de estación depuradora de aguas grises domésticas de baja contaminación, con capacidad para 6 usuarios (H.E.), compuesta de filtro de polietileno para gruesos, dos bombas de f","Levenshtein=3 contra código USE020: 'Suministro e instalación de estación depuradora de aguas grises domésticas de baja contaminación, con capacidad para 12 '",Verificar si son la misma partida con typos / puntuación distinta. Fusionar si procede.,warning
similar_description,UVT010,"Formación de vallado mediante malla de simple torsión, de 12 mm de paso de malla y 1,1 mm de diámetro, acabado galvanizado y postes de acero galvanizado de 48 mm de diámetro y 1 m de altura. Incluso p","Levenshtein=1 contra código UVT010c: 'Formación de vallado mediante malla de simple torsión, de 12 mm de paso de malla y 1,1 mm de diámetro, acabado galvaniza'",Verificar si son la misma partida con typos / puntuación distinta. Fusionar si procede.,warning
similar_description,UVT010,"Formación de vallado mediante malla de simple torsión, de 12 mm de paso de malla y 1,1 mm de diámetro, acabado galvanizado y postes de acero galvanizado de 48 mm de diámetro y 1 m de altura. Incluso p","Levenshtein=2 contra código UVT010b: 'Formación de vallado mediante malla de simple torsión, de 12 mm de paso de malla y 1,1 mm de diámetro, acabado galvaniza'",Verificar si son la misma partida con typos / puntuación distinta. Fusionar si procede.,warning
similar_description,UVT010c,"Formación de vallado mediante malla de simple torsión, de 12 mm de paso de malla y 1,1 mm de diámetro, acabado galvanizado y postes de acero galvanizado de 48 mm de diámetro y 2 m de altura. Incluso p","Levenshtein=3 contra código UVT010b: 'Formación de vallado mediante malla de simple torsión, de 12 mm de paso de malla y 1,1 mm de diámetro, acabado galvaniza'",Verificar si son la misma partida con typos / puntuación distinta. Fusionar si procede.,warning
similar_description,UVT010e,"Formación de vallado mediante malla de simple torsión, de 40 mm de paso de malla y 2/3 mm de diámetro, acabado galvanizado y plastificado en color verde RAL 6015 y postes de acero pintado de 48 mm de ","Levenshtein=1 contra código UVT010d: 'Formación de vallado mediante malla de simple torsión, de 40 mm de paso de malla y 2/3 mm de diámetro, acabado galvaniza'",Verificar si son la misma partida con typos / puntuación distinta. Fusionar si procede.,warning
similar_description,UXC010b,"Pavimento continuo de hormigón impreso, con juntas, de 10 cm de espesor, realizado con hormigón HA-25/B/20/XC2 fabricado en central, y vertido desde camión, extendido y vibrado manual, y malla electro","Levenshtein=1 contra código UXC010c: 'Pavimento continuo de hormigón impreso, con juntas, de 15 cm de espesor, realizado con hormigón HA-25/B/20/XC2 fabricado'",Verificar si son la misma partida con typos / puntuación distinta. Fusionar si procede.,warning
similar_description,XBH010g,"Ensayos a realizar en laboratorio inscrito en el registro del CTE, sobre una muestra de baldosa, tomada en obra, para la determinación de las siguientes características: resistencia al deslizamiento e","Levenshtein=5 contra código XBH010f: 'Ensayos a realizar en laboratorio inscrito en el registro del CTE, sobre una muestra de baldosa, tomada en obra, para la'",Verificar si son la misma partida con typos / puntuación distinta. Fusionar si procede.,warning
similar_description,XEI090,"Ensayo a realizar en laboratorio inscrito en el registro del CTE, para determinar la resistencia a compresión de un hormigón endurecido, mediante la extracción de probeta testigo de 75 mm de diámetro ","Levenshtein=5 contra código XEI090b: 'Ensayo a realizar en laboratorio inscrito en el registro del CTE, para determinar la resistencia a compresión de un horm'",Verificar si son la misma partida con typos / puntuación distinta. Fusionar si procede.,warning
similar_description,XFB010a,"Ensayo Blower Door, para medir el volumen de infiltraciones de aire, en vivienda unifamiliar de entre 100 y 150 m² de superficie útil, durante la ejecución de la obra, una vez cerrada la envolvente, m","Levenshtein=3 contra código XFB010b: 'Ensayo Blower Door, para medir el volumen de infiltraciones de aire, en vivienda unifamiliar de entre 150 y 200 m² de su'",Verificar si son la misma partida con typos / puntuación distinta. Fusionar si procede.,warning
similar_description,XFB010a,"Ensayo Blower Door, para medir el volumen de infiltraciones de aire, en vivienda unifamiliar de entre 100 y 150 m² de superficie útil, durante la ejecución de la obra, una vez cerrada la envolvente, m","Levenshtein=2 contra código XFB010c: 'Ensayo Blower Door, para medir el volumen de infiltraciones de aire, en vivienda unifamiliar de entre 200 y 250 m² de su'",Verificar si son la misma partida con typos / puntuación distinta. Fusionar si procede.,warning
similar_description,XFB010b,"Ensayo Blower Door, para medir el volumen de infiltraciones de aire, en vivienda unifamiliar de entre 150 y 200 m² de superficie útil, durante la ejecución de la obra, una vez cerrada la envolvente, m","Levenshtein=3 contra código XFB010c: 'Ensayo Blower Door, para medir el volumen de infiltraciones de aire, en vivienda unifamiliar de entre 200 y 250 m² de su'",Verificar si son la misma partida con typos / puntuación distinta. Fusionar si procede.,warning
similar_description,XFB010f,"Ensayo Blower Door, para medir el volumen de infiltraciones de aire, en vivienda de edificio plurifamiliar de entre 100 y 150 m² de superficie útil, durante la ejecución de la obra, una vez cerrada la","Levenshtein=3 contra código XFB010g: 'Ensayo Blower Door, para medir el volumen de infiltraciones de aire, en vivienda de edificio plurifamiliar de entre 150 '",Verificar si son la misma partida con typos / puntuación distinta. Fusionar si procede.,warning
similar_description,XFB010f,"Ensayo Blower Door, para medir el volumen de infiltraciones de aire, en vivienda de edificio plurifamiliar de entre 100 y 150 m² de superficie útil, durante la ejecución de la obra, una vez cerrada la","Levenshtein=2 contra código XFB010h: 'Ensayo Blower Door, para medir el volumen de infiltraciones de aire, en vivienda de edificio plurifamiliar de entre 200 '",Verificar si son la misma partida con typos / puntuación distinta. Fusionar si procede.,warning
similar_description,XFB010g,"Ensayo Blower Door, para medir el volumen de infiltraciones de aire, en vivienda de edificio plurifamiliar de entre 150 y 200 m² de superficie útil, durante la ejecución de la obra, una vez cerrada la","Levenshtein=3 contra código XFB010h: 'Ensayo Blower Door, para medir el volumen de infiltraciones de aire, en vivienda de edificio plurifamiliar de entre 200 '",Verificar si son la misma partida con typos / puntuación distinta. Fusionar si procede.,warning
similar_description,XFB010k,"Ensayo Blower Door, para medir el volumen de infiltraciones de aire, en vivienda unifamiliar de entre 100 y 150 m² de superficie útil, una vez finalizada la obra, método A según UNE-EN 13829. Incluso ","Levenshtein=3 contra código XFB010l: 'Ensayo Blower Door, para medir el volumen de infiltraciones de aire, en vivienda unifamiliar de entre 150 y 200 m² de su'",Verificar si son la misma partida con typos / puntuación distinta. Fusionar si procede.,warning
similar_description,XFB010k,"Ensayo Blower Door, para medir el volumen de infiltraciones de aire, en vivienda unifamiliar de entre 100 y 150 m² de superficie útil, una vez finalizada la obra, método A según UNE-EN 13829. Incluso ","Levenshtein=2 contra código XFB010m: 'Ensayo Blower Door, para medir el volumen de infiltraciones de aire, en vivienda unifamiliar de entre 200 y 250 m² de su'",Verificar si son la misma partida con typos / puntuación distinta. Fusionar si procede.,warning
similar_description,XFB010l,"Ensayo Blower Door, para medir el volumen de infiltraciones de aire, en vivienda unifamiliar de entre 150 y 200 m² de superficie útil, una vez finalizada la obra, método A según UNE-EN 13829. Incluso ","Levenshtein=3 contra código XFB010m: 'Ensayo Blower Door, para medir el volumen de infiltraciones de aire, en vivienda unifamiliar de entre 200 y 250 m² de su'",Verificar si son la misma partida con typos / puntuación distinta. Fusionar si procede.,warning
similar_description,XFB010p,"Ensayo Blower Door, para medir el volumen de infiltraciones de aire, en vivienda de edificio plurifamiliar de entre 100 y 150 m² de superficie útil, una vez finalizada la obra, método A según UNE-EN 1","Levenshtein=3 contra código XFB010q: 'Ensayo Blower Door, para medir el volumen de infiltraciones de aire, en vivienda de edificio plurifamiliar de entre 150 '",Verificar si son la misma partida con typos / puntuación distinta. Fusionar si procede.,warning
similar_description,XFB010p,"Ensayo Blower Door, para medir el volumen de infiltraciones de aire, en vivienda de edificio plurifamiliar de entre 100 y 150 m² de superficie útil, una vez finalizada la obra, método A según UNE-EN 1","Levenshtein=2 contra código XFB010r: 'Ensayo Blower Door, para medir el volumen de infiltraciones de aire, en vivienda de edificio plurifamiliar de entre 200 '",Verificar si son la misma partida con typos / puntuación distinta. Fusionar si procede.,warning
similar_description,XFB010q,"Ensayo Blower Door, para medir el volumen de infiltraciones de aire, en vivienda de edificio plurifamiliar de entre 150 y 200 m² de superficie útil, una vez finalizada la obra, método A según UNE-EN 1","Levenshtein=3 contra código XFB010r: 'Ensayo Blower Door, para medir el volumen de infiltraciones de aire, en vivienda de edificio plurifamiliar de entre 200 '",Verificar si son la misma partida con typos / puntuación distinta. Fusionar si procede.,warning
similar_description,XSC010,Informe geotécnico en base a sondeos SPT y/o DPSH y ensayos de laboratorio para terreno tipo T1 y estructura tipo C0 según CTE-DB-SE-C.,Levenshtein=1 contra código XSC010b: 'Informe geotécnico en base a sondeos SPT y/o DPSH y ensayos de laboratorio para terreno tipo T2 y estructura tipo C0 seg',Verificar si son la misma partida con typos / puntuación distinta. Fusionar si procede.,warning
similar_description,XSC010,Informe geotécnico en base a sondeos SPT y/o DPSH y ensayos de laboratorio para terreno tipo T1 y estructura tipo C0 según CTE-DB-SE-C.,Levenshtein=1 contra código XSC010c: 'Informe geotécnico en base a sondeos SPT y/o DPSH y ensayos de laboratorio para terreno tipo T3 y estructura tipo C0 seg',Verificar si son la misma partida con typos / puntuación distinta. Fusionar si procede.,warning
similar_description,XSC010,Informe geotécnico en base a sondeos SPT y/o DPSH y ensayos de laboratorio para terreno tipo T1 y estructura tipo C0 según CTE-DB-SE-C.,Levenshtein=1 contra código XSC010d: 'Informe geotécnico en base a sondeos SPT y/o DPSH y ensayos de laboratorio para terreno tipo T1 y estructura tipo C1 seg',Verificar si son la misma partida con typos / puntuación distinta. Fusionar si procede.,warning
similar_description,XSC010,Informe geotécnico en base a sondeos SPT y/o DPSH y ensayos de laboratorio para terreno tipo T1 y estructura tipo C0 según CTE-DB-SE-C.,Levenshtein=2 contra código XSC010e: 'Informe geotécnico en base a sondeos SPT y/o DPSH y ensayos de laboratorio para terreno tipo T2 y estructura tipo C1 seg',Verificar si son la misma partida con typos / puntuación distinta. Fusionar si procede.,warning
similar_description,XSC010,Informe geotécnico en base a sondeos SPT y/o DPSH y ensayos de laboratorio para terreno tipo T1 y estructura tipo C0 según CTE-DB-SE-C.,Levenshtein=2 contra código XSC010f: 'Informe geotécnico en base a sondeos SPT y/o DPSH y ensayos de laboratorio para terreno tipo T3 y estructura tipo C1 seg',Verificar si son la misma partida con typos / puntuación distinta. Fusionar si procede.,warning
similar_description,XSC010,Informe geotécnico en base a sondeos SPT y/o DPSH y ensayos de laboratorio para terreno tipo T1 y estructura tipo C0 según CTE-DB-SE-C.,Levenshtein=1 contra código XSC010g: 'Informe geotécnico en base a sondeos SPT y/o DPSH y ensayos de laboratorio para terreno tipo T1 y estructura tipo C2 seg',Verificar si son la misma partida con typos / puntuación distinta. Fusionar si procede.,warning
similar_description,XSC010,Informe geotécnico en base a sondeos SPT y/o DPSH y ensayos de laboratorio para terreno tipo T1 y estructura tipo C0 según CTE-DB-SE-C.,Levenshtein=2 contra código XSC010h: 'Informe geotécnico en base a sondeos SPT y/o DPSH y ensayos de laboratorio para terreno tipo T2 y estructura tipo C2 seg',Verificar si son la misma partida con typos / puntuación distinta. Fusionar si procede.,warning
similar_description,XSC010,Informe geotécnico en base a sondeos SPT y/o DPSH y ensayos de laboratorio para terreno tipo T1 y estructura tipo C0 según CTE-DB-SE-C.,Levenshtein=2 contra código XSC010i: 'Informe geotécnico en base a sondeos SPT y/o DPSH y ensayos de laboratorio para terreno tipo T3 y estructura tipo C2 seg',Verificar si son la misma partida con typos / puntuación distinta. Fusionar si procede.,warning
similar_description,XSC010b,Informe geotécnico en base a sondeos SPT y/o DPSH y ensayos de laboratorio para terreno tipo T2 y estructura tipo C0 según CTE-DB-SE-C.,Levenshtein=1 contra código XSC010c: 'Informe geotécnico en base a sondeos SPT y/o DPSH y ensayos de laboratorio para terreno tipo T3 y estructura tipo C0 seg',Verificar si son la misma partida con typos / puntuación distinta. Fusionar si procede.,warning
similar_description,XSC010b,Informe geotécnico en base a sondeos SPT y/o DPSH y ensayos de laboratorio para terreno tipo T2 y estructura tipo C0 según CTE-DB-SE-C.,Levenshtein=2 contra código XSC010d: 'Informe geotécnico en base a sondeos SPT y/o DPSH y ensayos de laboratorio para terreno tipo T1 y estructura tipo C1 seg',Verificar si son la misma partida con typos / puntuación distinta. Fusionar si procede.,warning
similar_description,XSC010b,Informe geotécnico en base a sondeos SPT y/o DPSH y ensayos de laboratorio para terreno tipo T2 y estructura tipo C0 según CTE-DB-SE-C.,Levenshtein=1 contra código XSC010e: 'Informe geotécnico en base a sondeos SPT y/o DPSH y ensayos de laboratorio para terreno tipo T2 y estructura tipo C1 seg',Verificar si son la misma partida con typos / puntuación distinta. Fusionar si procede.,warning
similar_description,XSC010b,Informe geotécnico en base a sondeos SPT y/o DPSH y ensayos de laboratorio para terreno tipo T2 y estructura tipo C0 según CTE-DB-SE-C.,Levenshtein=2 contra código XSC010f: 'Informe geotécnico en base a sondeos SPT y/o DPSH y ensayos de laboratorio para terreno tipo T3 y estructura tipo C1 seg',Verificar si son la misma partida con typos / puntuación distinta. Fusionar si procede.,warning
similar_description,XSC010b,Informe geotécnico en base a sondeos SPT y/o DPSH y ensayos de laboratorio para terreno tipo T2 y estructura tipo C0 según CTE-DB-SE-C.,Levenshtein=2 contra código XSC010g: 'Informe geotécnico en base a sondeos SPT y/o DPSH y ensayos de laboratorio para terreno tipo T1 y estructura tipo C2 seg',Verificar si son la misma partida con typos / puntuación distinta. Fusionar si procede.,warning
similar_description,XSC010b,Informe geotécnico en base a sondeos SPT y/o DPSH y ensayos de laboratorio para terreno tipo T2 y estructura tipo C0 según CTE-DB-SE-C.,Levenshtein=1 contra código XSC010h: 'Informe geotécnico en base a sondeos SPT y/o DPSH y ensayos de laboratorio para terreno tipo T2 y estructura tipo C2 seg',Verificar si son la misma partida con typos / puntuación distinta. Fusionar si procede.,warning
similar_description,XSC010b,Informe geotécnico en base a sondeos SPT y/o DPSH y ensayos de laboratorio para terreno tipo T2 y estructura tipo C0 según CTE-DB-SE-C.,Levenshtein=2 contra código XSC010i: 'Informe geotécnico en base a sondeos SPT y/o DPSH y ensayos de laboratorio para terreno tipo T3 y estructura tipo C2 seg',Verificar si son la misma partida con typos / puntuación distinta. Fusionar si procede.,warning
similar_description,XSC010c,Informe geotécnico en base a sondeos SPT y/o DPSH y ensayos de laboratorio para terreno tipo T3 y estructura tipo C0 según CTE-DB-SE-C.,Levenshtein=2 contra código XSC010d: 'Informe geotécnico en base a sondeos SPT y/o DPSH y ensayos de laboratorio para terreno tipo T1 y estructura tipo C1 seg',Verificar si son la misma partida con typos / puntuación distinta. Fusionar si procede.,warning
similar_description,XSC010c,Informe geotécnico en base a sondeos SPT y/o DPSH y ensayos de laboratorio para terreno tipo T3 y estructura tipo C0 según CTE-DB-SE-C.,Levenshtein=2 contra código XSC010e: 'Informe geotécnico en base a sondeos SPT y/o DPSH y ensayos de laboratorio para terreno tipo T2 y estructura tipo C1 seg',Verificar si son la misma partida con typos / puntuación distinta. Fusionar si procede.,warning
similar_description,XSC010c,Informe geotécnico en base a sondeos SPT y/o DPSH y ensayos de laboratorio para terreno tipo T3 y estructura tipo C0 según CTE-DB-SE-C.,Levenshtein=1 contra código XSC010f: 'Informe geotécnico en base a sondeos SPT y/o DPSH y ensayos de laboratorio para terreno tipo T3 y estructura tipo C1 seg',Verificar si son la misma partida con typos / puntuación distinta. Fusionar si procede.,warning
similar_description,XSC010c,Informe geotécnico en base a sondeos SPT y/o DPSH y ensayos de laboratorio para terreno tipo T3 y estructura tipo C0 según CTE-DB-SE-C.,Levenshtein=2 contra código XSC010g: 'Informe geotécnico en base a sondeos SPT y/o DPSH y ensayos de laboratorio para terreno tipo T1 y estructura tipo C2 seg',Verificar si son la misma partida con typos / puntuación distinta. Fusionar si procede.,warning
similar_description,XSC010c,Informe geotécnico en base a sondeos SPT y/o DPSH y ensayos de laboratorio para terreno tipo T3 y estructura tipo C0 según CTE-DB-SE-C.,Levenshtein=2 contra código XSC010h: 'Informe geotécnico en base a sondeos SPT y/o DPSH y ensayos de laboratorio para terreno tipo T2 y estructura tipo C2 seg',Verificar si son la misma partida con typos / puntuación distinta. Fusionar si procede.,warning
similar_description,XSC010c,Informe geotécnico en base a sondeos SPT y/o DPSH y ensayos de laboratorio para terreno tipo T3 y estructura tipo C0 según CTE-DB-SE-C.,Levenshtein=1 contra código XSC010i: 'Informe geotécnico en base a sondeos SPT y/o DPSH y ensayos de laboratorio para terreno tipo T3 y estructura tipo C2 seg',Verificar si son la misma partida con typos / puntuación distinta. Fusionar si procede.,warning
similar_description,XSC010d,Informe geotécnico en base a sondeos SPT y/o DPSH y ensayos de laboratorio para terreno tipo T1 y estructura tipo C1 según CTE-DB-SE-C.,Levenshtein=1 contra código XSC010e: 'Informe geotécnico en base a sondeos SPT y/o DPSH y ensayos de laboratorio para terreno tipo T2 y estructura tipo C1 seg',Verificar si son la misma partida con typos / puntuación distinta. Fusionar si procede.,warning
similar_description,XSC010d,Informe geotécnico en base a sondeos SPT y/o DPSH y ensayos de laboratorio para terreno tipo T1 y estructura tipo C1 según CTE-DB-SE-C.,Levenshtein=1 contra código XSC010f: 'Informe geotécnico en base a sondeos SPT y/o DPSH y ensayos de laboratorio para terreno tipo T3 y estructura tipo C1 seg',Verificar si son la misma partida con typos / puntuación distinta. Fusionar si procede.,warning
similar_description,XSC010d,Informe geotécnico en base a sondeos SPT y/o DPSH y ensayos de laboratorio para terreno tipo T1 y estructura tipo C1 según CTE-DB-SE-C.,Levenshtein=1 contra código XSC010g: 'Informe geotécnico en base a sondeos SPT y/o DPSH y ensayos de laboratorio para terreno tipo T1 y estructura tipo C2 seg',Verificar si son la misma partida con typos / puntuación distinta. Fusionar si procede.,warning
similar_description,XSC010d,Informe geotécnico en base a sondeos SPT y/o DPSH y ensayos de laboratorio para terreno tipo T1 y estructura tipo C1 según CTE-DB-SE-C.,Levenshtein=2 contra código XSC010h: 'Informe geotécnico en base a sondeos SPT y/o DPSH y ensayos de laboratorio para terreno tipo T2 y estructura tipo C2 seg',Verificar si son la misma partida con typos / puntuación distinta. Fusionar si procede.,warning
similar_description,XSC010d,Informe geotécnico en base a sondeos SPT y/o DPSH y ensayos de laboratorio para terreno tipo T1 y estructura tipo C1 según CTE-DB-SE-C.,Levenshtein=2 contra código XSC010i: 'Informe geotécnico en base a sondeos SPT y/o DPSH y ensayos de laboratorio para terreno tipo T3 y estructura tipo C2 seg',Verificar si son la misma partida con typos / puntuación distinta. Fusionar si procede.,warning
similar_description,XSC010e,Informe geotécnico en base a sondeos SPT y/o DPSH y ensayos de laboratorio para terreno tipo T2 y estructura tipo C1 según CTE-DB-SE-C.,Levenshtein=1 contra código XSC010f: 'Informe geotécnico en base a sondeos SPT y/o DPSH y ensayos de laboratorio para terreno tipo T3 y estructura tipo C1 seg',Verificar si son la misma partida con typos / puntuación distinta. Fusionar si procede.,warning
similar_description,XSC010e,Informe geotécnico en base a sondeos SPT y/o DPSH y ensayos de laboratorio para terreno tipo T2 y estructura tipo C1 según CTE-DB-SE-C.,Levenshtein=2 contra código XSC010g: 'Informe geotécnico en base a sondeos SPT y/o DPSH y ensayos de laboratorio para terreno tipo T1 y estructura tipo C2 seg',Verificar si son la misma partida con typos / puntuación distinta. Fusionar si procede.,warning
similar_description,XSC010e,Informe geotécnico en base a sondeos SPT y/o DPSH y ensayos de laboratorio para terreno tipo T2 y estructura tipo C1 según CTE-DB-SE-C.,Levenshtein=1 contra código XSC010h: 'Informe geotécnico en base a sondeos SPT y/o DPSH y ensayos de laboratorio para terreno tipo T2 y estructura tipo C2 seg',Verificar si son la misma partida con typos / puntuación distinta. Fusionar si procede.,warning
similar_description,XSC010e,Informe geotécnico en base a sondeos SPT y/o DPSH y ensayos de laboratorio para terreno tipo T2 y estructura tipo C1 según CTE-DB-SE-C.,Levenshtein=2 contra código XSC010i: 'Informe geotécnico en base a sondeos SPT y/o DPSH y ensayos de laboratorio para terreno tipo T3 y estructura tipo C2 seg',Verificar si son la misma partida con typos / puntuación distinta. Fusionar si procede.,warning
similar_description,XSC010f,Informe geotécnico en base a sondeos SPT y/o DPSH y ensayos de laboratorio para terreno tipo T3 y estructura tipo C1 según CTE-DB-SE-C.,Levenshtein=2 contra código XSC010g: 'Informe geotécnico en base a sondeos SPT y/o DPSH y ensayos de laboratorio para terreno tipo T1 y estructura tipo C2 seg',Verificar si son la misma partida con typos / puntuación distinta. Fusionar si procede.,warning
similar_description,XSC010f,Informe geotécnico en base a sondeos SPT y/o DPSH y ensayos de laboratorio para terreno tipo T3 y estructura tipo C1 según CTE-DB-SE-C.,Levenshtein=2 contra código XSC010h: 'Informe geotécnico en base a sondeos SPT y/o DPSH y ensayos de laboratorio para terreno tipo T2 y estructura tipo C2 seg',Verificar si son la misma partida con typos / puntuación distinta. Fusionar si procede.,warning
similar_description,XSC010f,Informe geotécnico en base a sondeos SPT y/o DPSH y ensayos de laboratorio para terreno tipo T3 y estructura tipo C1 según CTE-DB-SE-C.,Levenshtein=1 contra código XSC010i: 'Informe geotécnico en base a sondeos SPT y/o DPSH y ensayos de laboratorio para terreno tipo T3 y estructura tipo C2 seg',Verificar si son la misma partida con typos / puntuación distinta. Fusionar si procede.,warning
similar_description,XSC010g,Informe geotécnico en base a sondeos SPT y/o DPSH y ensayos de laboratorio para terreno tipo T1 y estructura tipo C2 según CTE-DB-SE-C.,Levenshtein=1 contra código XSC010h: 'Informe geotécnico en base a sondeos SPT y/o DPSH y ensayos de laboratorio para terreno tipo T2 y estructura tipo C2 seg',Verificar si son la misma partida con typos / puntuación distinta. Fusionar si procede.,warning
similar_description,XSC010g,Informe geotécnico en base a sondeos SPT y/o DPSH y ensayos de laboratorio para terreno tipo T1 y estructura tipo C2 según CTE-DB-SE-C.,Levenshtein=1 contra código XSC010i: 'Informe geotécnico en base a sondeos SPT y/o DPSH y ensayos de laboratorio para terreno tipo T3 y estructura tipo C2 seg',Verificar si son la misma partida con typos / puntuación distinta. Fusionar si procede.,warning
similar_description,XSC010h,Informe geotécnico en base a sondeos SPT y/o DPSH y ensayos de laboratorio para terreno tipo T2 y estructura tipo C2 según CTE-DB-SE-C.,Levenshtein=1 contra código XSC010i: 'Informe geotécnico en base a sondeos SPT y/o DPSH y ensayos de laboratorio para terreno tipo T3 y estructura tipo C2 seg',Verificar si son la misma partida con typos / puntuación distinta. Fusionar si procede.,warning
similar_description,YIM010d,"Suministro de par de guantes para trabajos eléctricos, de baja tensión.","Levenshtein=3 contra código YIM010e: 'Suministro de par de guantes para trabajos eléctricos, de alta tensión.'",Verificar si son la misma partida con typos / puntuación distinta. Fusionar si procede.,warning
similar_description,YIV020,"Suministro de mascarilla autofiltrante contra partículas, fabricada totalmente de material filtrante, que cubre la nariz, la boca y la barbilla, garantizando un ajuste hermético a la cara del trabajad","Levenshtein=1 contra código YIV020b: 'Suministro de mascarilla autofiltrante contra partículas, fabricada totalmente de material filtrante, que cubre la nariz'",Verificar si son la misma partida con typos / puntuación distinta. Fusionar si procede.,warning
similar_description,YIV020,"Suministro de mascarilla autofiltrante contra partículas, fabricada totalmente de material filtrante, que cubre la nariz, la boca y la barbilla, garantizando un ajuste hermético a la cara del trabajad","Levenshtein=1 contra código YIV020c: 'Suministro de mascarilla autofiltrante contra partículas, fabricada totalmente de material filtrante, que cubre la nariz'",Verificar si son la misma partida con typos / puntuación distinta. Fusionar si procede.,warning
similar_description,YIV020b,"Suministro de mascarilla autofiltrante contra partículas, fabricada totalmente de material filtrante, que cubre la nariz, la boca y la barbilla, garantizando un ajuste hermético a la cara del trabajad","Levenshtein=1 contra código YIV020c: 'Suministro de mascarilla autofiltrante contra partículas, fabricada totalmente de material filtrante, que cubre la nariz'",Verificar si son la misma partida con typos / puntuación distinta. Fusionar si procede.,warning
unit_rare_or_empty,0101,"Acondicionamiento de zona exterior para acopio de balas de paja consistente en montaje de cubierta impermeable desmontable. Incluso desmontaje, retirada y transporte. Completamente instalado y desinst","unit_normalized=None, unit_raw=''","Revisar y mapear a una unidad canonical (ud, m2, m3, ml, kg, t, h, l, %, pa).",warning
unit_rare_or_empty,0201,"Triturado adecuado de piedras extraídas de la demolicion, por medios mecánicos para su posterior relleno. Incluso limpieza de zona de trabajo y retirada de maquinaria y acopio en obra.","unit_normalized=None, unit_raw=''","Revisar y mapear a una unidad canonical (ud, m2, m3, ml, kg, t, h, l, %, pa).",warning
unit_rare_or_empty,0301,"Zapata corrida de cimentación, realizada con HORMIGON EN MASA DE CAL NHL 5 producida conforme norma UNE EN 459-1. La dosificación será (cal/arena/grava): 2/3/5 fabricado en obra, con diametros maximos","unit_normalized=None, unit_raw=''","Revisar y mapear a una unidad canonical (ud, m2, m3, ml, kg, t, h, l, %, pa).",warning
unit_rare_or_empty,0401,"Elemento estructural montante de madera, certificada para cadena de custodia con sello PEFC o similar, con clase resistente C18 según CTE valor adecuadamente certificado de hasta 18 N/mm2, incluyendo ","unit_normalized=None, unit_raw=''","Revisar y mapear a una unidad canonical (ud, m2, m3, ml, kg, t, h, l, %, pa).",warning
unit_rare_or_empty,0402,"Elemento estructural montante de madera, certificada para cadena de custodia con sello PEFC o similar, con clase resistente C18 según CTE valor adecuadamente certificado de hasta 18 N/mm2, incluyendo ","unit_normalized=None, unit_raw=''","Revisar y mapear a una unidad canonical (ud, m2, m3, ml, kg, t, h, l, %, pa).",warning
unit_rare_or_empty,0403,"Elemento estructural viga de madera de pino silvestre o de durabilidad natural equivalente, certificada para cadena de custodia con sello PEFC o similar, con clase resistente C18 según CTE valor adecu","unit_normalized=None, unit_raw=''","Revisar y mapear a una unidad canonical (ud, m2, m3, ml, kg, t, h, l, %, pa).",warning
unit_rare_or_empty,0404,"Elemento estructural viga paredaña de madera de pino silvestre o de durabilidad natural equivalente, certificada para cadena de custodia con sello PEFC o similar, con clase resistente C18 según CTE va","unit_normalized=None, unit_raw=''","Revisar y mapear a una unidad canonical (ud, m2, m3, ml, kg, t, h, l, %, pa).",warning
unit_rare_or_empty,0405,"Barra horizontal en barras superiores , certificada para cadena de custodia con sello PEFC o similar, con clase resistente C18 según CTE valor adecuadamente certificado de hasta 18 N/mm2 de hasta 10.0","unit_normalized=None, unit_raw=''","Revisar y mapear a una unidad canonical (ud, m2, m3, ml, kg, t, h, l, %, pa).",warning
unit_rare_or_empty,0406,"Estacas de madera de pino silvestre o de durabilidad natural equivalente, certificada para cadena de custodia con sello PEFC o similar de 5x5x30cm, incluso realización de agujeros, ancladas y encolada","unit_normalized=None, unit_raw=''","Revisar y mapear a una unidad canonical (ud, m2, m3, ml, kg, t, h, l, %, pa).",warning
unit_rare_or_empty,0407,"Cañas seleccionadas (grosor, resistencia, sequedad) y cortadas en trozos de 50 cm con punta afilada para refuerzo interior de muros de paja recogiadas en luna nueva de enero o circunstacias similares ","unit_normalized=None, unit_raw=''","Revisar y mapear a una unidad canonical (ud, m2, m3, ml, kg, t, h, l, %, pa).",warning
unit_rare_or_empty,0408,"Tablero de placas de aglomerado de madera OSB III de 1,8 cm de espesor, en forjados, zonas de macizado en cubierta y construcción del lucernario de cubierta , fijado a rastreles con puntas 2/40 mm o t","unit_normalized=None, unit_raw=''","Revisar y mapear a una unidad canonical (ud, m2, m3, ml, kg, t, h, l, %, pa).",warning
unit_rare_or_empty,0409,"Tablero de placas de aglomerado de madera OSB III de 1,8 cm de espesor, en tabiqueria, fijado a rastreles con puntas 2/40 mm o tornillos cada 15 cm, incluso replanteo y mermas. Medido en verdadera mag","unit_normalized=None, unit_raw=''","Revisar y mapear a una unidad canonical (ud, m2, m3, ml, kg, t, h, l, %, pa).",warning
unit_rare_or_empty,0410,"Tablero de placas de aglomerado de madera OSB III de 1,8 cm de espesor, en cubiertas sobre aislamiento de corcho de alta densidad, fijado a la estructura con tornilleria especial para aislamiento grue","unit_normalized=None, unit_raw=''","Revisar y mapear a una unidad canonical (ud, m2, m3, ml, kg, t, h, l, %, pa).",warning
unit_rare_or_empty,0411,"Entrevigado realizado con tablero tricapa de abeto de 18mm certificada para cadena de custodia con sello PEFC o similar, sujetos mediante tornilleria a estructura de madera. Se ha considerando un 5% d","unit_normalized=None, unit_raw=''","Revisar y mapear a una unidad canonical (ud, m2, m3, ml, kg, t, h, l, %, pa).",warning
unit_rare_or_empty,0412,"Piezas especiales o viga de remate de madera de pino silvestre o de durabilidad natural equivalente, certificada para cadena de custodia con sello PEFC o similar, con clase resistente C18 según CTE va","unit_normalized=None, unit_raw=''","Revisar y mapear a una unidad canonical (ud, m2, m3, ml, kg, t, h, l, %, pa).",warning
unit_rare_or_empty,0413,"Rastrel de madera de pino silvestre o de durabilidad natural equivalente, certificada para cadena de custodia con sello PEFC o similar, fijado con tornilleria galvanizada 7/180 en angulo de 60º con ju","unit_normalized=None, unit_raw=''","Revisar y mapear a una unidad canonical (ud, m2, m3, ml, kg, t, h, l, %, pa).",warning
unit_rare_or_empty,0414,"Elemento estructural en dinteles para muros de paja , certificada para cadena de custodia con sello PEFC o similar, con clase resistente C18 según CTE valor adecuadamente certificado de hasta 18 N/mm2","unit_normalized=None, unit_raw=''","Revisar y mapear a una unidad canonical (ud, m2, m3, ml, kg, t, h, l, %, pa).",warning
unit_rare_or_empty,0415,"Elemento estructural en madera de roble de seccion mayoritariamente duramen o madera de durabilidad natural equivalente para dinteles de muros de mamposteria, certificada para cadena de custodia con s","unit_normalized=None, unit_raw=''","Revisar y mapear a una unidad canonical (ud, m2, m3, ml, kg, t, h, l, %, pa).",warning
unit_rare_or_empty,0416,"Elemento estructural zanca de escalera de madera, certificada para cadena de custodia con sello PEFC o similar, con clase resistente C18 según CTE valor adecuadamente certificado de hasta 18 N/mm2, in","unit_normalized=None, unit_raw=''","Revisar y mapear a una unidad canonical (ud, m2, m3, ml, kg, t, h, l, %, pa).",warning
unit_rare_or_empty,0417,"Zocalo de madera de pino silvestre o de durabilidad natural equivalente, certificada para cadena de custodia con sello PEFC o similar de 4x11 cm, fijado con tornilleria galvanizada y cola de carpinter","unit_normalized=None, unit_raw=''","Revisar y mapear a una unidad canonical (ud, m2, m3, ml, kg, t, h, l, %, pa).",warning
unit_rare_or_empty,0418,"Cajon de apoyo del muro de balas de paja en encuentro con cubierta inclinada este. Incluye subestructura de madera de pino silvestre o de durabilidad natural equivalente, certificada para cadena de cu","unit_normalized=None, unit_raw=''","Revisar y mapear a una unidad canonical (ud, m2, m3, ml, kg, t, h, l, %, pa).",warning
unit_rare_or_empty,0501,"Cubierta de teja arabe cogida con espuma de poliuretano monocomponente a rastreles (no incluidos), incluso remates.Totalmente colocadas, limpieza de obra y p.p. medios auxiliares.","unit_normalized=None, unit_raw=''","Revisar y mapear a una unidad canonical (ud, m2, m3, ml, kg, t, h, l, %, pa).",warning
unit_rare_or_empty,0502,"Cubierta ajardinada constituida por: Lámina antirraíces sin costuras de polietileno de alta resistencia tipo WSF40 ZINCO o similar, manta protectora y retenedora de fibra de poliéster con soporte de f","unit_normalized=None, unit_raw=''","Revisar y mapear a una unidad canonical (ud, m2, m3, ml, kg, t, h, l, %, pa).",warning
unit_rare_or_empty,0503,"Cubierta ajardinada constituida por: Lámina antirraíces sin costuras de polietileno de alta resistencia tipo WSF40 ZINCO o similar, manta protectora y retenedora de fibra de poliéster con soporte de f","unit_normalized=None, unit_raw=''","Revisar y mapear a una unidad canonical (ud, m2, m3, ml, kg, t, h, l, %, pa).",warning
unit_rare_or_empty,0505,"Formación alero con teja amorterada con mortero de cal hidraulica. Totalmente acabado, limpieza de zona de trabajo y p.p. de medios auxiliares.","unit_normalized=None, unit_raw=''","Revisar y mapear a una unidad canonical (ud, m2, m3, ml, kg, t, h, l, %, pa).",warning
unit_rare_or_empty,0506,Formación alero con panel de cemento y fibra de vidrio tipo Fermacel Powerpanel H2O o similar anclada al OSB con tornilleria y adhesivo. Acabado con capa de agarre de cemento cola flexible H40 sin lím,"unit_normalized=None, unit_raw=''","Revisar y mapear a una unidad canonical (ud, m2, m3, ml, kg, t, h, l, %, pa).",warning
unit_rare_or_empty,0508,Tejas de ventilación realizadas in situ mediante corte y pegado de dos tejas con espuma de poliuretano monocomponente y protección frontal con malla fina electrosoldada galvanizada de 2mm de luz sella,"unit_normalized=None, unit_raw=''","Revisar y mapear a una unidad canonical (ud, m2, m3, ml, kg, t, h, l, %, pa).",warning
unit_rare_or_empty,0509,"Formación de cajon de base de conducto de ventilación en cubierta, compuesto por bloque de hormigón tipo columna de 30x30 cm sobre base niveladora de hormigon. con rejilla de ventilación de barro coci","unit_normalized=None, unit_raw=''","Revisar y mapear a una unidad canonical (ud, m2, m3, ml, kg, t, h, l, %, pa).",warning
unit_rare_or_empty,0510,"Malla fina electrosoldada galvanizada de 2mm de luz de protección de frontal de cubierta ventilada, de 8 cm de ancho. Colocada grapada a alero y rastreles de cubierta y lamina perforada antipajaros so","unit_normalized=None, unit_raw=''","Revisar y mapear a una unidad canonical (ud, m2, m3, ml, kg, t, h, l, %, pa).",warning
unit_rare_or_empty,0511,"Aclaje de inox anclado a montante de madera en fachada de entramado ligero de madera y alpacas de paja mediante rosca especial. Totalmente acabado, limpieza de zona de trabajo y p.p. de medios auxilia","unit_normalized=None, unit_raw=''","Revisar y mapear a una unidad canonical (ud, m2, m3, ml, kg, t, h, l, %, pa).",warning
unit_rare_or_empty,06000085,Batería deshumidificadora isotérmica con post-calentamiento y pos-enfriamiento con flujo de aire máximo de 200 m3/h Preparado para la entrada de control ON / OFF y conexión BUS. Instalación en techo.I,"unit_normalized=None, unit_raw=''","Revisar y mapear a una unidad canonical (ud, m2, m3, ml, kg, t, h, l, %, pa).",warning
unit_rare_or_empty,06000086,Batería deshumidificadora isotérmica con post-calentamiento y pos-enfriamiento con flujo de aire máximo de 350 m3/h Preparado para la entrada de control ON / OFF y conexión BUS. Instalación en techo. ,"unit_normalized=None, unit_raw=''","Revisar y mapear a una unidad canonical (ud, m2, m3, ml, kg, t, h, l, %, pa).",warning
unit_rare_or_empty,06000088,Batería deshumidificadora isotérmica con post-calentamiento y pos-enfriamiento con flujo de aire máximo de 500 m3/h Preparado para la entrada de control ON / OFF y conexión BUS. Instalación en techo. ,"unit_normalized=None, unit_raw=''","Revisar y mapear a una unidad canonical (ud, m2, m3, ml, kg, t, h, l, %, pa).",warning
unit_rare_or_empty,06000107,Batería deshumidificadora isotérmica con post-calentamiento y pos-enfriamiento con flujo de aire máximo de 150 m3/h Preparado para la entrada de control ON / OFF y conexión BUS. Instalación en techo. ,"unit_normalized=None, unit_raw=''","Revisar y mapear a una unidad canonical (ud, m2, m3, ml, kg, t, h, l, %, pa).",warning
unit_rare_or_empty,0701,"Formación de una cara de tabique con placa de celulosa-yeso Fermacell o similar de 12.5mm de espesor, sujeto al soporte de madera (no incluido) mediante tornillería, listo para pintar, incluso replant","unit_normalized=None, unit_raw=''","Revisar y mapear a una unidad canonical (ud, m2, m3, ml, kg, t, h, l, %, pa).",warning
unit_rare_or_empty,0702,"Formación de una cara de tabique con placa de arcilla prensada ecoclay o similar de 20mm de espesor, sujeto al soporte de madera (no incluido) mediante tornillería, listo para revocar con arcilla, inc","unit_normalized=None, unit_raw=''","Revisar y mapear a una unidad canonical (ud, m2, m3, ml, kg, t, h, l, %, pa).",warning
unit_rare_or_empty,0801,Muro exterior de fachada de balas de paja de 45 cm. X 35 cm. X 100 cm. de densidad mínima de 90 Kg./m3 y humedad interior inferior al 20% . Las balas se levantarán dispuestas a soga (espesor45 cm) aju,"unit_normalized=None, unit_raw=''","Revisar y mapear a una unidad canonical (ud, m2, m3, ml, kg, t, h, l, %, pa).",warning
unit_rare_or_empty,0802,"Aislamiento térmico en cubiertas de aglomerado de corcho negro natural machiembrado de densidad 140-150kg/m3, de 16 cm de espesor, colocado en posición horizontal siguiendo la inclinacion de la pendie","unit_normalized=None, unit_raw=''","Revisar y mapear a una unidad canonical (ud, m2, m3, ml, kg, t, h, l, %, pa).",warning
unit_rare_or_empty,0803,"Aislamiento térmico de corcho negro natural machiembrado, de 5 cm de espesor, colocado en posición horizontal y vertical, incluso p.p. de cortes y medios auxiliares. Totalmente colocada, limpieza de l","unit_normalized=None, unit_raw=''","Revisar y mapear a una unidad canonical (ud, m2, m3, ml, kg, t, h, l, %, pa).",warning
unit_rare_or_empty,0804,"Aislamiento térmico y acústico entre montantes de tabiqueria de fibra de madera flexible Gutex Thermoflex o similar de 5 cm de espesor, colocado en posición vertical y horizontal anclado mecanicamente","unit_normalized=None, unit_raw=''","Revisar y mapear a una unidad canonical (ud, m2, m3, ml, kg, t, h, l, %, pa).",warning
unit_rare_or_empty,0805,"Aislamiento térmico y acústico entre montantes de tabiqueria de fibra de madera flexible Gutex Thermoflex o similar de 10 cm de espesor, colocado en posición vertical anclado mecanicamente mediante ta","unit_normalized=None, unit_raw=''","Revisar y mapear a una unidad canonical (ud, m2, m3, ml, kg, t, h, l, %, pa).",warning
unit_rare_or_empty,0806,"Panel de aislamiento anti ruido de impacto de 9 mm compuesto de fibras de madera prensadas. Completamente instalado, limpieza de zona de trabajo y p.p. de medios auxiliares.","unit_normalized=None, unit_raw=''","Revisar y mapear a una unidad canonical (ud, m2, m3, ml, kg, t, h, l, %, pa).",warning
unit_rare_or_empty,0807,"Lámina selladora para clavos Nailplaster o similar a base de cinta autoadhesiva de polietileno para rastreles. Totalmente colocada, limpieza de la obra y p.p. de medios auxiliares.","unit_normalized=None, unit_raw=''","Revisar y mapear a una unidad canonical (ud, m2, m3, ml, kg, t, h, l, %, pa).",warning
unit_rare_or_empty,0808,Aislamiento termico de corcho natural granulado para relleno de cajon base de muro de balas de paja y sombreretes de ventilacion. Incluso medios auxiliares. Completamente colocado mediante medios manu,"unit_normalized=None, unit_raw=''","Revisar y mapear a una unidad canonical (ud, m2, m3, ml, kg, t, h, l, %, pa).",warning
unit_rare_or_empty,0809,Preparación de soporte del mortero exterior de fachada a base de colocación de fibra de madera de 22 mm de espesor machihembrada y resistente al agua (Gutex Thermowall o similar) en encuentros madera-,"unit_normalized=None, unit_raw=''","Revisar y mapear a una unidad canonical (ud, m2, m3, ml, kg, t, h, l, %, pa).",warning
unit_rare_or_empty,0810,"Impermeabilización con poliurea proyectada en caliente color blanco, con imprimacion, capa base y capa de acabado resistente a rayos UVA sobre tablero OSB (no incluido). Incluso remates, solapes total","unit_normalized=None, unit_raw=''","Revisar y mapear a una unidad canonical (ud, m2, m3, ml, kg, t, h, l, %, pa).",warning
unit_rare_or_empty,0811,"Lámina impermeable transpirable de polipropileno abierta a la difusión de vapor de alta resistencia y densidad 170g/m2, Pro Clima Solitex Plus o similar colocada con cinta adhesiva doble cara. Incluso","unit_normalized=None, unit_raw=''","Revisar y mapear a una unidad canonical (ud, m2, m3, ml, kg, t, h, l, %, pa).",warning
unit_rare_or_empty,0812,"Lámina impermeable Guru Water stop o similar, colocada con cemento de cola Biocalce Adhesivo H40 no limites o similar, con la pendiente adecuada bajo fiolas y en remate de sombreretes de ventilación e","unit_normalized=None, unit_raw=''","Revisar y mapear a una unidad canonical (ud, m2, m3, ml, kg, t, h, l, %, pa).",warning
unit_rare_or_empty,0813,"Colocación de barrera de vapor con valor Sd variable desde 0,25 a 10 m (Proclima Intello o similar ), colocada con cinta adhesiva doble cara. Incluso solapes, sellado de juntas con adhesivo especifico","unit_normalized=None, unit_raw=''","Revisar y mapear a una unidad canonical (ud, m2, m3, ml, kg, t, h, l, %, pa).",warning
unit_rare_or_empty,0814,"Lámina impermeabilizante de caucho sintético EPDM para toda clase de impermeabilizaciones de 1,52 mm de esp. unidas con adhesivo especial EPDM. Según normas EN 13956, EN 13967, EN 13361, EN 13362 y 13","unit_normalized=None, unit_raw=''","Revisar y mapear a una unidad canonical (ud, m2, m3, ml, kg, t, h, l, %, pa).",warning
unit_rare_or_empty,0901,"Solera de 10 cm de espesor realizada con HORMIGON EN MASA DE CAL NHL 5 producida conforme norma UNE EN 459-1. La dosificación será (cal/arena/grava): 2/3/5 fabricado en obra, con diametros maximos de ","unit_normalized=None, unit_raw=''","Revisar y mapear a una unidad canonical (ud, m2, m3, ml, kg, t, h, l, %, pa).",warning
unit_rare_or_empty,0902,"Solera de 10 cm de espesor realizada con HORMIGON EN MASA DE CAL NHL 5 producida conforme norma UNE EN 459-1. La dosifcación será (cal/arena/grava): 2/3/5 fabricado en obra, con diametros maximos de a","unit_normalized=None, unit_raw=''","Revisar y mapear a una unidad canonical (ud, m2, m3, ml, kg, t, h, l, %, pa).",warning
unit_rare_or_empty,0XA110b,"Alquiler, durante 45 días naturales, de andamio tubular normalizado, tipo multidireccional, formado por estructura tubular de acero galvanizado en caliente, de 48,3 mm de diámetro y 3,2 mm de espesor,","unit_normalized=None, unit_raw=''","Revisar y mapear a una unidad canonical (ud, m2, m3, ml, kg, t, h, l, %, pa).",warning
unit_rare_or_empty,0XA120,"Transporte y retirada de andamio tubular normalizado, tipo multidireccional, hasta 10 m de altura máxima de trabajo, formado por estructura tubular de acero galvanizado en caliente, sin duplicidad de ","unit_normalized=None, unit_raw=''","Revisar y mapear a una unidad canonical (ud, m2, m3, ml, kg, t, h, l, %, pa).",warning
unit_rare_or_empty,0XA130,"Montaje y desmontaje de andamio tubular normalizado, tipo multidireccional, formado por estructura tubular de acero galvanizado en caliente, sin duplicidad de elementos verticales y plataformas de tra","unit_normalized=None, unit_raw=''","Revisar y mapear a una unidad canonical (ud, m2, m3, ml, kg, t, h, l, %, pa).",warning
unit_rare_or_empty,0XA140,"Suministro, colocación y desmontaje de protección de andamio con malla tupida de polietileno de alta densidad, con tratamiento ultravioleta, color verde.","unit_normalized=None, unit_raw=''","Revisar y mapear a una unidad canonical (ud, m2, m3, ml, kg, t, h, l, %, pa).",warning
unit_rare_or_empty,1001,"Preparación de los muros de paja consistente en afeitado de los paños con desbrozadora hasta conseguir un correcto aplomado, relleno de huecos con tierra-paja y proyectado de barbotina de arcilla a pr","unit_normalized=None, unit_raw=''","Revisar y mapear a una unidad canonical (ud, m2, m3, ml, kg, t, h, l, %, pa).",warning
unit_rare_or_empty,10011554,"Suministro e instalación de sistema de control remoto de 3 velocidades para sistema de ventilación mecánica y para batería de post-tratamiento con gestión de la humedad, temperatura e integración térm","unit_normalized=None, unit_raw=''","Revisar y mapear a una unidad canonical (ud, m2, m3, ml, kg, t, h, l, %, pa).",warning
unit_rare_or_empty,10012629,Suministro e instalación de batería para post-calentamiento y pos-enfriamiento con flujo de aire de 200 a 400 m3/h. - Material: Acero galvanizado - 200 m3/h Potencia max. en calefaccion/refrigeracion:,"unit_normalized=None, unit_raw=''","Revisar y mapear a una unidad canonical (ud, m2, m3, ml, kg, t, h, l, %, pa).",warning
unit_rare_or_empty,10012660,Suministro e instalación de batería para post-calentamiento y pos-enfriamiento con flujo de aire de 350 a 600 m3/h. - Material: Acero galvanizado - 350 m3/h Potencia max. en calefaccion/refrigeracion:,"unit_normalized=None, unit_raw=''","Revisar y mapear a una unidad canonical (ud, m2, m3, ml, kg, t, h, l, %, pa).",warning
unit_rare_or_empty,1002,"Enfoscado maestreado y regleado de paramentos interiores para muros de paja a base de tierra cribada y arena y fibras de paja (4 cm), con acabado fino y pigmentaciones naturales que garanticen la corr","unit_normalized=None, unit_raw=''","Revisar y mapear a una unidad canonical (ud, m2, m3, ml, kg, t, h, l, %, pa).",warning
unit_rare_or_empty,1003,"Enfoscado regleado de fachadas exteriores de muros de paja a base de tierra cribada y cal aérea y fibras de paja (4 cm) en proporciones adecuadas según pruebas previas, con acabado que garantice la co","unit_normalized=None, unit_raw=''","Revisar y mapear a una unidad canonical (ud, m2, m3, ml, kg, t, h, l, %, pa).",warning
unit_rare_or_empty,1004,"Capa de terminación de fachada exterior en muros de paja con 2 capas de mortero de cal aérea CL-90, con pigmentaciones naturales. Incluido andamiaje o medios elevación homologados según normativa. Inc","unit_normalized=None, unit_raw=''","Revisar y mapear a una unidad canonical (ud, m2, m3, ml, kg, t, h, l, %, pa).",warning
unit_rare_or_empty,1005,"Formación de esquinas curvas en dinteles y jambas de puertas y ventanas de fachadas interiores y huecos en muro con relleno de mezcla de tierra-paja con una densidad mínima de 600 kg/m3, agarrado a ma","unit_normalized=None, unit_raw=''","Revisar y mapear a una unidad canonical (ud, m2, m3, ml, kg, t, h, l, %, pa).",warning
unit_rare_or_empty,1006,"Formación de esquinas curvas en revoco de fachadas exteriores con relleno de mortero de tierra-paja con una densidad minima de 600 kg/m3 y armado con cañas, agarrado a madera de estructura existente m","unit_normalized=None, unit_raw=''","Revisar y mapear a una unidad canonical (ud, m2, m3, ml, kg, t, h, l, %, pa).",warning
unit_rare_or_empty,1007,Formación de pendientes para recibido de fiolas con mortero cola BIOCALCE ADHESICO FLEX o similar sobre macizado de mortero y lámina impermeable de polipropileno GURU WATER-STOP o similar. Incluido li,"unit_normalized=None, unit_raw=''","Revisar y mapear a una unidad canonical (ud, m2, m3, ml, kg, t, h, l, %, pa).",warning
unit_rare_or_empty,1008,"Revestimiento de fachadas a base de mortero cola Kerakoll H40 o similar con acabado raspado, (aplicado directamente sobre Fibra de madera) incluso malla de fibra de vidrio de alta resistencia resisten","unit_normalized=None, unit_raw=''","Revisar y mapear a una unidad canonical (ud, m2, m3, ml, kg, t, h, l, %, pa).",warning
unit_rare_or_empty,1009,"Remate inferior de fachadas, formado por una chapa de aluminio plegada de 8 cm, en forma de goterón tomada bajo el revoco de fachada, anclado a muro existente mediante tornillería y arandela de acero ","unit_normalized=None, unit_raw=''","Revisar y mapear a una unidad canonical (ud, m2, m3, ml, kg, t, h, l, %, pa).",warning
unit_rare_or_empty,1010,"Remate superior de fachadas, formado por una chapa de acero galvanizado plegada de 30 cm y 2 mm de espesor, en forma de goterón cogida con adhesivo. Incluso juntas solapadas y selladas y colocación. I","unit_normalized=None, unit_raw=''","Revisar y mapear a una unidad canonical (ud, m2, m3, ml, kg, t, h, l, %, pa).",warning
unit_rare_or_empty,1011,"Goterón para exterior en dinteles de puertas y ventanas de aluminio, formado por Perfil Anti-gotero STO o similar con malla de agarre. Incluido la colocación, limpieza de zona de trabajo y p.p de medi","unit_normalized=None, unit_raw=''","Revisar y mapear a una unidad canonical (ud, m2, m3, ml, kg, t, h, l, %, pa).",warning
unit_rare_or_empty,1012,Colocación e instalación de perfil de fijación y protección de aluminio natural AP 150 de ZINCO o similar. Con distancia de preperforación para atornillamiento a muro cada 20 cm. Atornillado mediante ,"unit_normalized=None, unit_raw=''","Revisar y mapear a una unidad canonical (ud, m2, m3, ml, kg, t, h, l, %, pa).",warning
unit_rare_or_empty,1013,"Colocación de esquinero de aluminio con malla tipo STO Ángulos reforzados o similar en jambas de puertas y ventanas exteriores. Totalmente colocado, limpieza de zona de trabajo y p.p. de medios auxili","unit_normalized=None, unit_raw=''","Revisar y mapear a una unidad canonical (ud, m2, m3, ml, kg, t, h, l, %, pa).",warning
unit_rare_or_empty,1014,"Mortero de cal hidraulica para rejuntado de piedras. Totalmente acabado, limpieza de zona de trabajo y p.p. de medios auxiliares.","unit_normalized=None, unit_raw=''","Revisar y mapear a una unidad canonical (ud, m2, m3, ml, kg, t, h, l, %, pa).",warning
unit_rare_or_empty,1015,"Enlucido de paramentos interiores a base de mortero fino de arccilla con pigmentaciones naturales sobre base humedecida previamente. Incluido medios auxiliares, recercos, realización de capialzados re","unit_normalized=None, unit_raw=''","Revisar y mapear a una unidad canonical (ud, m2, m3, ml, kg, t, h, l, %, pa).",warning
unit_rare_or_empty,1016,"Mortero de cal aerea CL90, con acabado fino y pigmentaciones naturales que garanticen la correcta fijación. Incluido medios auxiliares, recercos, colocación de junquillos y colocación de mallatex con ","unit_normalized=None, unit_raw=''","Revisar y mapear a una unidad canonical (ud, m2, m3, ml, kg, t, h, l, %, pa).",warning
unit_rare_or_empty,1101,"Tarima de roble de 12x2 cm. de sección de tabla, recibidos y nivelados, atornillado a osb base, acuchillado, lijado. Con cantos biselados, limpieza de obra y totalemnte terminado (no incluye aceite de","unit_normalized=None, unit_raw=''","Revisar y mapear a una unidad canonical (ud, m2, m3, ml, kg, t, h, l, %, pa).",warning
unit_rare_or_empty,1102,"Rodapié en madera de roble para pintar o barnizar de 7x1 cm., clavado en paramento y sellado. Con cantos biselados, limpieza de obra y totalmente terminado (no incluye aceite de acabado).","unit_normalized=None, unit_raw=''","Revisar y mapear a una unidad canonical (ud, m2, m3, ml, kg, t, h, l, %, pa).",warning
unit_rare_or_empty,1103,"Ml. Peldaño de madera aserrada y cepillada de roble 1ª para barnizar de 5 cm.de espesor de huella y 2 cm de espesor de tabica, con juntas fingerjoint entre tableros i/p.p de piezas especiales totalmen","unit_normalized=None, unit_raw=''","Revisar y mapear a una unidad canonical (ud, m2, m3, ml, kg, t, h, l, %, pa).",warning
unit_rare_or_empty,1104,"Fiola realizada con pieza hidrofugada de barro cocido, proveniente de tejar alimentado con biomasa tomada con mortero cola biocalce adhesivo flex sobre lámina impermeable (no incluida), con formación ","unit_normalized=None, unit_raw=''","Revisar y mapear a una unidad canonical (ud, m2, m3, ml, kg, t, h, l, %, pa).",warning
unit_rare_or_empty,1105,"Vierteaguas realizada con pieza hidrofugada de barro cocido, proveniente de tejar alimentado con biomasa tomada con mortero cola biocalce adhesivo flex sobre lámina impermeable (no incluida), con form","unit_normalized=None, unit_raw=''","Revisar y mapear a una unidad canonical (ud, m2, m3, ml, kg, t, h, l, %, pa).",warning
unit_rare_or_empty,1201,"Acabado interior con pintura fijadora a base de silicatos (1 mano imprimación y 2 manos de acabado), color a escoger por la DF, sobre mortero de arcilla i/limpieza de superficies y acabado.","unit_normalized=None, unit_raw=''","Revisar y mapear a una unidad canonical (ud, m2, m3, ml, kg, t, h, l, %, pa).",warning
unit_rare_or_empty,1203,"Pintura sobre cerrajeria de hierro, una mano de oxino o similar y dos de esmalte de poliuretano color negro. Incluido raspados de óxidos y limpieza previa de los elementos a esmaltar.","unit_normalized=None, unit_raw=''","Revisar y mapear a una unidad canonical (ud, m2, m3, ml, kg, t, h, l, %, pa).",warning
unit_rare_or_empty,1204,"Tratamiento para la madera en estructura y remates al interior mediante fondo protector al agua de poro abierto tipo Baucent Fondo Protector o similar en 2 capas. Incluso lijado previo, intermedio, ac","unit_normalized=None, unit_raw=''","Revisar y mapear a una unidad canonical (ud, m2, m3, ml, kg, t, h, l, %, pa).",warning
unit_rare_or_empty,1205,"Tratamiento para el barro cocido al interior mediante fondo protector al agua de poro abierto tipo Baucent o similar en 2 capas, acabado y limpieza.","unit_normalized=None, unit_raw=''","Revisar y mapear a una unidad canonical (ud, m2, m3, ml, kg, t, h, l, %, pa).",warning
unit_rare_or_empty,1206,Acabado interior con pintura de silicatos (1 mano de imprimación y dos manos de acabado) incluso imprimación. I/limpieza de superficies y acabado.,"unit_normalized=None, unit_raw=''","Revisar y mapear a una unidad canonical (ud, m2, m3, ml, kg, t, h, l, %, pa).",warning
unit_rare_or_empty,1207,"Tratamiento de tarima de madera para interiores con limpieza de la pieza, capa de imprimación y acabado con varias capas de aceite duro natural y lijado. I/limpieza de superficies y acabado.","unit_normalized=None, unit_raw=''","Revisar y mapear a una unidad canonical (ud, m2, m3, ml, kg, t, h, l, %, pa).",warning
unit_rare_or_empty,3009.0010,"Revestimiento anticarbonatación y acabado decorativo, impermeable al agua y transpirable al vapor de agua, aplicado a rodillo o brocha con un consumo aprox. de 0,5 Kg/m², dos manos, la primera capa di","unit_normalized=None, unit_raw=''","Revisar y mapear a una unidad canonical (ud, m2, m3, ml, kg, t, h, l, %, pa).",warning
unit_rare_or_empty,3009.0020,"Revestimiento anticarbonatación y acabado decorativo, impermeable al agua y transpirable al vapor de agua, aplicado a rodillo o brocha con un consumo aprox. de 0,5 Kg/m², dos manos, la primera capa di","unit_normalized=None, unit_raw=''","Revisar y mapear a una unidad canonical (ud, m2, m3, ml, kg, t, h, l, %, pa).",warning
unit_rare_or_empty,3009.0040,"Tratamiento de recubrimiento a base de silano acuoso, libre de componentes volátiles contrapintadas para superficies minerales porosas, con protección permanente, hidrofugante y oleofugante, conservan","unit_normalized=None, unit_raw=''","Revisar y mapear a una unidad canonical (ud, m2, m3, ml, kg, t, h, l, %, pa).",warning
unit_rare_or_empty,398480002,Suministro e instalación de batería para post-calentamiento y pos-enfriamiento con flujo de aire de 150 a 300 m3/h. - Material: Acero galvanizado - 150 m3/h Potencia max. en calefaccion/refrigeracion:,"unit_normalized=None, unit_raw=''","Revisar y mapear a una unidad canonical (ud, m2, m3, ml, kg, t, h, l, %, pa).",warning
unit_rare_or_empty,398480003,Suministro e instalación de batería para post-calentamiento y pos-enfriamiento con flujo de aire de 300 a 500 m3/h. - Material: Acero galvanizado - 300 m3/h Potencia max. en calefaccion/refrigeracion:,"unit_normalized=None, unit_raw=''","Revisar y mapear a una unidad canonical (ud, m2, m3, ml, kg, t, h, l, %, pa).",warning
unit_rare_or_empty,471212310,"Suministro e instalación de recuperador de calor doble flujo a contracorriente de altísima eficiencia con intercambiador sensible, de 196 m3/h. Caudal de aire maximo 196m3/h Unidad con By-pass free-co","unit_normalized=None, unit_raw=''","Revisar y mapear a una unidad canonical (ud, m2, m3, ml, kg, t, h, l, %, pa).",warning
unit_rare_or_empty,471212330,"Suministro e instalación de recuperador de calor doble flujo a contracorriente de altísima eficiencia con intercambiador entálpico, de 196 m3/h Caudal de aire maximo 196m3/h Unidad con By-pass free-co","unit_normalized=None, unit_raw=''","Revisar y mapear a una unidad canonical (ud, m2, m3, ml, kg, t, h, l, %, pa).",warning
unit_rare_or_empty,471218960,"Suministro e instalación de recuperador de calor doble flujo a contracorriente de altísima eficiencia con intercambiador sensible, de 160 m3/h. Caudal de aire maximo 160m3/h Unidad con By-pass free-co","unit_normalized=None, unit_raw=''","Revisar y mapear a una unidad canonical (ud, m2, m3, ml, kg, t, h, l, %, pa).",warning
unit_rare_or_empty,471218990,"Suministro e instalación de recuperador de calor doble flujo a contracorriente de altísima eficiencia con intercambiador entálpico, de 160 m3/h Caudal de aire maximo 160m3/h Unidad con By-pass free-co","unit_normalized=None, unit_raw=''","Revisar y mapear a una unidad canonical (ud, m2, m3, ml, kg, t, h, l, %, pa).",warning
unit_rare_or_empty,471224605,"Suministro e instalación de recuperador de calor doble flujo a contracorriente de altísima eficiencia con intercambiador sensible, de 255 m3/h. Caudal de aire maximo 255m3/h Unidad con By-pass free-co","unit_normalized=None, unit_raw=''","Revisar y mapear a una unidad canonical (ud, m2, m3, ml, kg, t, h, l, %, pa).",warning
unit_rare_or_empty,471224655,"Suministro e instalación de recuperador de calor doble flujo a contracorriente de altísima eficiencia con intercambiador entálpico, de 255 m3/h Caudal de aire maximo 255m3/h Unidad con By-pass free-co","unit_normalized=None, unit_raw=''","Revisar y mapear a una unidad canonical (ud, m2, m3, ml, kg, t, h, l, %, pa).",warning
unit_rare_or_empty,471502116,"Suministro e instalación de recuperador de calor doble flujo a contracorriente de altísima eficiencia con intercambiador sensible, de 350 m3/h. Caudal de aire maximo 350m3/h. Unidad con By-pass free-c","unit_normalized=None, unit_raw=''","Revisar y mapear a una unidad canonical (ud, m2, m3, ml, kg, t, h, l, %, pa).",warning
unit_rare_or_empty,471502117,"Suministro e instalación de recuperador de calor doble flujo a contracorriente de altísima eficiencia con intercambiador entálpico, de 350 m3/h Caudal de aire maximo 255m3/h Unidad con By-pass free-co","unit_normalized=None, unit_raw=''","Revisar y mapear a una unidad canonical (ud, m2, m3, ml, kg, t, h, l, %, pa).",warning
unit_rare_or_empty,471502118,"Suministro e instalación de recuperador de calor doble flujo a contracorriente de altísima eficiencia con intercambiador sensible, de 450 m3/h. Caudal de aire maximo 450m3/h Unidad con By-pass free-co","unit_normalized=None, unit_raw=''","Revisar y mapear a una unidad canonical (ud, m2, m3, ml, kg, t, h, l, %, pa).",warning
unit_rare_or_empty,471502119,"Suministro e instalación de recuperador de calor doble flujo a contracorriente de altísima eficiencia con intercambiador entálpico, de 450 m3/h Caudal de aire maximo 255m3/h Unidad con By-pass free-co","unit_normalized=None, unit_raw=''","Revisar y mapear a una unidad canonical (ud, m2, m3, ml, kg, t, h, l, %, pa).",warning
unit_rare_or_empty,471502120,"Suministro e instalación de recuperador de calor doble flujo a contracorriente de altísima eficiencia con intercambiador sensible, de 600 m3/h. Caudal de aire maximo 255m3/h Unidad con By-pass free-co","unit_normalized=None, unit_raw=''","Revisar y mapear a una unidad canonical (ud, m2, m3, ml, kg, t, h, l, %, pa).",warning
unit_rare_or_empty,471502121,"Suministro e instalación de recuperador de calor doble flujo a contracorriente de altísima eficiencia con intercambiador entálpico, de 600 m3/h Caudal de aire maximo 255m3/h Unidad con By-pass free-co","unit_normalized=None, unit_raw=''","Revisar y mapear a una unidad canonical (ud, m2, m3, ml, kg, t, h, l, %, pa).",warning
unit_rare_or_empty,615aa,"Formación de drenaje perimetral a base de tuberias de captación de agua tipo DREN de 160 mm de diámetro, incluyendo canal de hormigón, revocada con mortero impermeabilizante.","unit_normalized=None, unit_raw=''","Revisar y mapear a una unidad canonical (ud, m2, m3, ml, kg, t, h, l, %, pa).",warning
unit_rare_or_empty,655010225,Suministro e instalación de sistema de control remoto de 3 velocidades para sistema de ventilación mecánica con programación horaria semanal. Incluye marco embellecedor.,"unit_normalized=None, unit_raw=''","Revisar y mapear a una unidad canonical (ud, m2, m3, ml, kg, t, h, l, %, pa).",warning
unit_rare_or_empty,79500226,"Aplicación de coste de puesta en marcha de sistema de ventilación mecánica por parte de un técnico especializado. Incluye la comprobacion visual de la instalacion del sistema de ventilacion, equilibra","unit_normalized=None, unit_raw=''","Revisar y mapear a una unidad canonical (ud, m2, m3, ml, kg, t, h, l, %, pa).",warning
unit_rare_or_empty,79500227,"Aplicación de coste de puesta en marcha de sistema de ventilación mecánica por parte de un técnico especializado. Incluye la comprobacion visual de la instalacion del sistema de ventilacion, equilibra","unit_normalized=None, unit_raw=''","Revisar y mapear a una unidad canonical (ud, m2, m3, ml, kg, t, h, l, %, pa).",warning
unit_rare_or_empty,990320026,Suministro y colocación de kit de regulación de caudal para conducto flexible redondo de 75 mm.,"unit_normalized=None, unit_raw=''","Revisar y mapear a una unidad canonical (ud, m2, m3, ml, kg, t, h, l, %, pa).",warning
unit_rare_or_empty,990320027,Suministro y colocación de kit de regulación de caudal para conducto flexible redondo de 90 mm.,"unit_normalized=None, unit_raw=''","Revisar y mapear a una unidad canonical (ud, m2, m3, ml, kg, t, h, l, %, pa).",warning
unit_rare_or_empty,990320529,"Suministro y colocación de plénum de ventilación para 2 conductos de 90 mm de impulsion o retorno, caudal de aire recomendado de 100 m3/h a velocidad de 3 m/s. Boca registrable para su limpieza. Tapa ","unit_normalized=None, unit_raw=''","Revisar y mapear a una unidad canonical (ud, m2, m3, ml, kg, t, h, l, %, pa).",warning
unit_rare_or_empty,990320533,"Suministro y colocación de plénum de ventilación para 3 conductos de 75 mm de impulsion o retorno, caudal de aire recomendado de 90 m3/h a velocidad de 3 m/s. Boca registrable para su limpieza. Tapa d","unit_normalized=None, unit_raw=''","Revisar y mapear a una unidad canonical (ud, m2, m3, ml, kg, t, h, l, %, pa).",warning
unit_rare_or_empty,990320534,"Suministro y colocación de plénum de ventilación para 2 conductos de 75 mm de impulsion o retorno, caudal de aire recomendado de 60 m3/h a velocidad de 3 m/s. Boca registrable para su limpieza. Tapa d","unit_normalized=None, unit_raw=''","Revisar y mapear a una unidad canonical (ud, m2, m3, ml, kg, t, h, l, %, pa).",warning
unit_rare_or_empty,990320545,"Suministro y colocación de plénum de ventilación para 3 conductos de 90 mm de impulsion o retorno, caudal de aire recomendado de 150 m3/h a velocidad de 3 m/s. Boca registrable para su limpieza. Tapa ","unit_normalized=None, unit_raw=''","Revisar y mapear a una unidad canonical (ud, m2, m3, ml, kg, t, h, l, %, pa).",warning
unit_rare_or_empty,990320641,Suministro y colocación de rejilla rectangular 260 x 160 mm color blanco o inox.,"unit_normalized=None, unit_raw=''","Revisar y mapear a una unidad canonical (ud, m2, m3, ml, kg, t, h, l, %, pa).",warning
unit_rare_or_empty,990320647,Suministro y colocación de rejilla rectangular 430 x 160 mm color blanco o inox.,"unit_normalized=None, unit_raw=''","Revisar y mapear a una unidad canonical (ud, m2, m3, ml, kg, t, h, l, %, pa).",warning
unit_rare_or_empty,990320781,Suministro y colocación de rejilla redonda color blanco o inox.,"unit_normalized=None, unit_raw=''","Revisar y mapear a una unidad canonical (ud, m2, m3, ml, kg, t, h, l, %, pa).",warning
unit_rare_or_empty,990320811,"Suministro y colocación de plénum de ventilación para conducto de 75 mm de impulsion o retorno, caudal de aire recomendado de 30 m3/h a velocidad de 3 m/s. Boca registrable para su limpieza. Tapa dese","unit_normalized=None, unit_raw=''","Revisar y mapear a una unidad canonical (ud, m2, m3, ml, kg, t, h, l, %, pa).",warning
unit_rare_or_empty,990320814,"Suministro y colocación de plénum de ventilación para conducto de 75 mm de impulsion o retorno, caudal de aire recomendado de 30 m3/h a velocidad de 3 m/s. Boca registrable para su limpieza. Tapa dese","unit_normalized=None, unit_raw=''","Revisar y mapear a una unidad canonical (ud, m2, m3, ml, kg, t, h, l, %, pa).",warning
unit_rare_or_empty,990320845,"Suministro y colocación de plénum de ventilación para conducto de 90 mm de impulsion o retorno, caudal de aire recomendado de 50 m3/h a velocidad de 3 m/s. Boca registrable para su limpieza. Tapa dese","unit_normalized=None, unit_raw=''","Revisar y mapear a una unidad canonical (ud, m2, m3, ml, kg, t, h, l, %, pa).",warning
unit_rare_or_empty,990320849,"Suministro y colocación de plénum de ventilación para conducto de 75 mm de impulsion o retorno, caudal de aire recomendado de 30 m3/h a velocidad de 3 m/s. Boca registrable para su limpieza. Tapa dese","unit_normalized=None, unit_raw=''","Revisar y mapear a una unidad canonical (ud, m2, m3, ml, kg, t, h, l, %, pa).",warning
unit_rare_or_empty,990320851,"Suministro y colocación de plénum de ventilación para conducto de 90 mm de impulsion o retorno, caudal de aire recomendado de 50 m3/h a velocidad de 3 m/s. Boca registrable para su limpieza. Tapa dese","unit_normalized=None, unit_raw=''","Revisar y mapear a una unidad canonical (ud, m2, m3, ml, kg, t, h, l, %, pa).",warning
unit_rare_or_empty,990322015,Suministro y colocación de kit de regulación de caudal para conducto flexible ovalado de 138x51 mm.,"unit_normalized=None, unit_raw=''","Revisar y mapear a una unidad canonical (ud, m2, m3, ml, kg, t, h, l, %, pa).",warning
unit_rare_or_empty,990323500,"Suministro e instalación de sistema de distribución de 4 conductos diámetro 75 mm y silenciador para recuperador de calor - Amortiguador acústico - Filtros finos, filtros de carbón activo - Cajas de d","unit_normalized=None, unit_raw=''","Revisar y mapear a una unidad canonical (ud, m2, m3, ml, kg, t, h, l, %, pa).",warning
unit_rare_or_empty,990323521,"Suministro e instalación de sistema de distribución de 4 conductos diámetro 90 mm y silenciador para recuperador de calor - Amortiguador acústico - Filtros finos, filtros de carbón activo - Cajas de d","unit_normalized=None, unit_raw=''","Revisar y mapear a una unidad canonical (ud, m2, m3, ml, kg, t, h, l, %, pa).",warning
unit_rare_or_empty,990323523,"Suministro e instalación de sistema de distribución de 6 conductos diámetro 90 mm y silenciador para recuperador de calor - Amortiguador acústico - Filtros finos, filtros de carbón activo - Cajas de d","unit_normalized=None, unit_raw=''","Revisar y mapear a una unidad canonical (ud, m2, m3, ml, kg, t, h, l, %, pa).",warning
unit_rare_or_empty,990323612,"Suministro e instalación de sistema de distribución de 6 conductos diámetro 75 mm y silenciador para recuperador de calor - Amortiguador acústico - Filtros finos, filtros de carbón activo - Cajas de d","unit_normalized=None, unit_raw=''","Revisar y mapear a una unidad canonical (ud, m2, m3, ml, kg, t, h, l, %, pa).",warning
unit_rare_or_empty,990323614,"Suministro e instalación de sistema de distribución de 10 conductos diámetro 75 mm y silenciador para recuperador de calor - Amortiguador acústico - Filtros finos, filtros de carbón activo - Cajas de ","unit_normalized=None, unit_raw=''","Revisar y mapear a una unidad canonical (ud, m2, m3, ml, kg, t, h, l, %, pa).",warning
unit_rare_or_empty,990323615,"Suministro e instalación de sistema de distribución de 10 conductos diámetro 90 mm y silenciador para recuperador de calor - Amortiguador acústico - Filtros finos, filtros de carbón activo - Cajas de ","unit_normalized=None, unit_raw=''","Revisar y mapear a una unidad canonical (ud, m2, m3, ml, kg, t, h, l, %, pa).",warning
unit_rare_or_empty,990323621,"Suministro e instalación de sistema de distribución de 8 conductos diámetro 75 mm y silenciador para recuperador de calor - Amortiguador acústico - Filtros finos, filtros de carbón activo - Cajas de d","unit_normalized=None, unit_raw=''","Revisar y mapear a una unidad canonical (ud, m2, m3, ml, kg, t, h, l, %, pa).",warning
unit_rare_or_empty,990323622,"Suministro e instalación de sistema de distribución de 8 conductos diámetro 90 mm y silenciador para recuperador de calor - Amortiguador acústico - Filtros finos, filtros de carbón activo - Cajas de d","unit_normalized=None, unit_raw=''","Revisar y mapear a una unidad canonical (ud, m2, m3, ml, kg, t, h, l, %, pa).",warning
unit_rare_or_empty,990323631,"Suministro e instalación de sistema de distribución de 12 conductos diámetro 75 mm y silenciador para recuperador de calor - Amortiguador acústico - Filtros finos, filtros de carbón activo - Cajas de ","unit_normalized=None, unit_raw=''","Revisar y mapear a una unidad canonical (ud, m2, m3, ml, kg, t, h, l, %, pa).",warning
unit_rare_or_empty,990323632,"Suministro e instalación de sistema de distribución de 12 conductos diámetro 90 mm y silenciador para recuperador de calor - Amortiguador acústico - Filtros finos, filtros de carbón activo - Cajas de ","unit_normalized=None, unit_raw=''","Revisar y mapear a una unidad canonical (ud, m2, m3, ml, kg, t, h, l, %, pa).",warning
unit_rare_or_empty,990326001,"Suministro y colocación de boca circular de ventilación para conducto de 75 mm de impulsion o retorno, caudal de aire recomendado de 30 m3/h a velocidad de 3 m/s. Boca registrable para su limpieza. Ta","unit_normalized=None, unit_raw=''","Revisar y mapear a una unidad canonical (ud, m2, m3, ml, kg, t, h, l, %, pa).",warning
unit_rare_or_empty,990326121,"Suministro y colocación de boca circular de ventilación para 2 conductos de 75 mm de impulsion o retorno, caudal de aire recomendado de 60 m3/h a velocidad de 3 m/s. Boca registrable para su limpieza.","unit_normalized=None, unit_raw=''","Revisar y mapear a una unidad canonical (ud, m2, m3, ml, kg, t, h, l, %, pa).",warning
unit_rare_or_empty,990326126,"Suministro y colocación de boca circular de ventilación para conducto de 90 mm de impulsion o retorno, caudal de aire recomendado de 50 m3/h a velocidad de 3 m/s. Boca registrable para su limpieza. Ta","unit_normalized=None, unit_raw=''","Revisar y mapear a una unidad canonical (ud, m2, m3, ml, kg, t, h, l, %, pa).",warning
unit_rare_or_empty,990328007,"Suministro y colocación de conducto para instalación de ventilación, formado por tubo flexible corrugado por fuera y liso por dentro conforme a la norma DIN EN 60529, color blanco, colocado en posició","unit_normalized=None, unit_raw=''","Revisar y mapear a una unidad canonical (ud, m2, m3, ml, kg, t, h, l, %, pa).",warning
unit_rare_or_empty,990328009,"Suministro y colocación de conducto para instalación de ventilación, formado por tubo flexible corrugado por fuera y liso por dentro conforme a la norma DIN EN 60529, color blanco, colocado en posició","unit_normalized=None, unit_raw=''","Revisar y mapear a una unidad canonical (ud, m2, m3, ml, kg, t, h, l, %, pa).",warning
unit_rare_or_empty,990328011,"Suministro y colocación de conducto para instalación de ventilación, formado por tubo flexible corrugado por fuera y liso por dentro conforme a la norma DIN EN 60529, color blanco, colocado en posició","unit_normalized=None, unit_raw=''","Revisar y mapear a una unidad canonical (ud, m2, m3, ml, kg, t, h, l, %, pa).",warning
unit_rare_or_empty,990328063,"Suministro y colocación de conducto para instalación de ventilación, formado por tubo plano, ovalado y flexible, corrugado por fuera y liso por dentro conforme a la norma DIN EN 60529, color gris, col","unit_normalized=None, unit_raw=''","Revisar y mapear a una unidad canonical (ud, m2, m3, ml, kg, t, h, l, %, pa).",warning
unit_rare_or_empty,990328690,"Suministro e instalación de conducto de polipropileno diámetro exterior/interior (155/125 mm) para toma de admisión y expulsión de aire - Material: Polipropileno PP - Conductividad 0,042 W/mK- Transmi","unit_normalized=None, unit_raw=''","Revisar y mapear a una unidad canonical (ud, m2, m3, ml, kg, t, h, l, %, pa).",warning
unit_rare_or_empty,990328693,"Suministro e instalación de conducto de polipropileno diámetro exterior/interior (190/160 mm) para toma de admisión y expulsión de aire - Material: Polipropileno PP - Conductividad 0,042 W/mK- Transmi","unit_normalized=None, unit_raw=''","Revisar y mapear a una unidad canonical (ud, m2, m3, ml, kg, t, h, l, %, pa).",warning
unit_rare_or_empty,990328696,"Suministro e instalación de conducto de polipropileno diámetro exterior/interior (230/200 mm) para toma de admisión y expulsión de aire - Material: Polipropileno PP - Conductividad 0,042 W/mK- Transmi","unit_normalized=None, unit_raw=''","Revisar y mapear a una unidad canonical (ud, m2, m3, ml, kg, t, h, l, %, pa).",warning
unit_rare_or_empty,990430250,"Suministro y colocación de rejilla simple de aspiración/expulsión de aire exterior. Abatible, limpiable, construida en acero inoxidable y con malla anti-insectos. Caudal máximo de 200 m3/h.","unit_normalized=None, unit_raw=''","Revisar y mapear a una unidad canonical (ud, m2, m3, ml, kg, t, h, l, %, pa).",warning
unit_rare_or_empty,990430580,"Suministro y colocación de rejilla simple de aspiración/expulsión de aire exterior. Abatible, limpiable, construida en acero inoxidable y con malla anti-insectos. Caudal máximo de 350 m3/h.","unit_normalized=None, unit_raw=''","Revisar y mapear a una unidad canonical (ud, m2, m3, ml, kg, t, h, l, %, pa).",warning
unit_rare_or_empty,990430582,"Suministro y colocación de rejilla simple de aspiración/expulsión de aire exterior. Abatible, limpiable, construida en acero inoxidable y con malla anti-insectos. Caudal máximo de 550 m3/h.","unit_normalized=None, unit_raw=''","Revisar y mapear a una unidad canonical (ud, m2, m3, ml, kg, t, h, l, %, pa).",warning
unit_rare_or_empty,ADD010,"Desmonte en tierra, para dar al terreno la rasante de explanación prevista, con empleo de medios mecánicos. Incluso carga de los productos de la excavación sobre camión.","unit_normalized=None, unit_raw=''","Revisar y mapear a una unidad canonical (ud, m2, m3, ml, kg, t, h, l, %, pa).",warning
unit_rare_or_empty,ADD010b,"Desmonte en terreno de tránsito, para dar al terreno la rasante de explanación prevista, con empleo de medios mecánicos. Incluso carga de los productos de la excavación sobre camión.","unit_normalized=None, unit_raw=''","Revisar y mapear a una unidad canonical (ud, m2, m3, ml, kg, t, h, l, %, pa).",warning
unit_rare_or_empty,ADD010c,"Desmonte en roca, para dar al terreno la rasante de explanación prevista, con empleo de medios mecánicos. Incluso carga de los productos de la excavación sobre camión.","unit_normalized=None, unit_raw=''","Revisar y mapear a una unidad canonical (ud, m2, m3, ml, kg, t, h, l, %, pa).",warning
unit_rare_or_empty,ADE001,"Excavación de tierras en suelo de arcilla semidura, con medios manuales, hasta alcanzar la cota de profundidad indicada en el proyecto. Incluso refinado de paramentos y fondo de excavación, extracción","unit_normalized=None, unit_raw=''","Revisar y mapear a una unidad canonical (ud, m2, m3, ml, kg, t, h, l, %, pa).",warning
unit_rare_or_empty,ADE001b,"Excavación de tierras a cielo abierto, en suelo de arena densa, con medios manuales, hasta alcanzar la cota de profundidad indicada en el Proyecto. Incluso refinado de paramentos y fondo de excavación","unit_normalized=None, unit_raw=''","Revisar y mapear a una unidad canonical (ud, m2, m3, ml, kg, t, h, l, %, pa).",warning
unit_rare_or_empty,ADE010,"Excavación de tierras a cielo abierto para formación de pozos para cimentaciones hasta una profundidad de 2 m, en suelo de roca dura, con medios mecánicos, hasta alcanzar la cota de profundidad indica","unit_normalized=None, unit_raw=''","Revisar y mapear a una unidad canonical (ud, m2, m3, ml, kg, t, h, l, %, pa).",warning
unit_rare_or_empty,ADE010b,"Excavación de tierras para formación de zanjas hasta una profundidad de 2 m, en suelo de roca dura, con medios mecánicos, hasta alcanzar la cota de profundidad indicada en el proyecto. Incluso transpo","unit_normalized=None, unit_raw=''","Revisar y mapear a una unidad canonical (ud, m2, m3, ml, kg, t, h, l, %, pa).",warning
unit_rare_or_empty,ADE010c,"Excavación de tierras a cielo abierto para formación de pozos para cimentaciones hasta una profundidad de 2 m, en suelo de arcilla semidura, con medios mecánicos, hasta alcanzar la cota de profundidad","unit_normalized=None, unit_raw=''","Revisar y mapear a una unidad canonical (ud, m2, m3, ml, kg, t, h, l, %, pa).",warning
unit_rare_or_empty,ADE010d,"Excavación de tierras a cielo abierto para formación de pozos para cimentaciones hasta una profundidad de 2 m, en suelo de arena semidensa, con medios mecánicos, hasta alcanzar la cota de profundidad ","unit_normalized=None, unit_raw=''","Revisar y mapear a una unidad canonical (ud, m2, m3, ml, kg, t, h, l, %, pa).",warning
unit_rare_or_empty,ADE010e,"Excavación de tierras para formación de zanjas hasta una profundidad de 2 m, en suelo de roca blanda, con medios mecánicos, hasta alcanzar la cota de profundidad indicada en el proyecto. Incluso trans","unit_normalized=None, unit_raw=''","Revisar y mapear a una unidad canonical (ud, m2, m3, ml, kg, t, h, l, %, pa).",warning
unit_rare_or_empty,ADE010f,"Excavación de tierras para formación de zanjas hasta una profundidad de 2 m, en suelo de arcilla semidura, con medios mecánicos, hasta alcanzar la cota de profundidad indicada en el proyecto. Incluso ","unit_normalized=None, unit_raw=''","Revisar y mapear a una unidad canonical (ud, m2, m3, ml, kg, t, h, l, %, pa).",warning
unit_rare_or_empty,ADE010k,"Excavación de tierras para formación de zanjas hasta una profundidad de 2 m, en suelo de arena densa, con medios mecánicos, hasta alcanzar la cota de profundidad indicada en el proyecto. Incluso trans","unit_normalized=None, unit_raw=''","Revisar y mapear a una unidad canonical (ud, m2, m3, ml, kg, t, h, l, %, pa).",warning
unit_rare_or_empty,ADE010l,"Excavación de tierras para formación de zanjas hasta una profundidad de 2 m, en suelo de arcilla semidura, con medios manuales, hasta alcanzar la cota de profundidad indicada en el proyecto. Incluso t","unit_normalized=None, unit_raw=''","Revisar y mapear a una unidad canonical (ud, m2, m3, ml, kg, t, h, l, %, pa).",warning
unit_rare_or_empty,ADE010m,"Excavación de tierras para formación de zanjas para cimentaciones hasta una profundidad de 2 m, en suelo de arena densa, con medios manuales, hasta alcanzar la cota de profundidad indicada en el proye","unit_normalized=None, unit_raw=''","Revisar y mapear a una unidad canonical (ud, m2, m3, ml, kg, t, h, l, %, pa).",warning
unit_rare_or_empty,ADL010,"Desbroce y limpieza del terreno con arbustos, con medios mecánicos. Comprende los trabajos necesarios para retirar arbustos, pequeñas plantas, tocones, maleza, broza, maderas caídas, escombros, basura","unit_normalized=None, unit_raw=''","Revisar y mapear a una unidad canonical (ud, m2, m3, ml, kg, t, h, l, %, pa).",warning
unit_rare_or_empty,ADL015,"Talado de árbol, de 30 a 60 cm de diámetro de tronco, con motosierra y camión con cesta. Incluso extracción de tocón y raíces con posterior relleno y compactación del hueco con tierra de la propia exc","unit_normalized=None, unit_raw=''","Revisar y mapear a una unidad canonical (ud, m2, m3, ml, kg, t, h, l, %, pa).",warning
unit_rare_or_empty,ADR010,"Formación de relleno en zanjas, con gravilla de 20 a 30 mm de diámetro y compactación en tongadas sucesivas de 20 cm de espesor máximo con bandeja vibrante de guiado manual. Incluso carga, transporte ","unit_normalized=None, unit_raw=''","Revisar y mapear a una unidad canonical (ud, m2, m3, ml, kg, t, h, l, %, pa).",warning
unit_rare_or_empty,ADR010b,Formación de relleno de zanjas para instalaciones con tierra seleccionada procedente de la propia excavación y compactación en tongadas sucesivas de 20 cm de espesor máximo con bandeja vibrante de gui,"unit_normalized=None, unit_raw=''","Revisar y mapear a una unidad canonical (ud, m2, m3, ml, kg, t, h, l, %, pa).",warning
unit_rare_or_empty,ADR020,"Formación de relleno con gravilla de 20 a 30 mm de diámetro, en trasdós de muro de hormigón; y compactación en tongadas sucesivas de 30 cm de espesor máximo con bandeja vibrante de guiado manual. Incl","unit_normalized=None, unit_raw=''","Revisar y mapear a una unidad canonical (ud, m2, m3, ml, kg, t, h, l, %, pa).",warning
unit_rare_or_empty,ADR020b,"Formación de relleno con tierra seleccionada procedente de la propia excavación, en trasdós de muro de hormigón; y compactación en tongadas sucesivas de 30 cm de espesor máximo con bandeja vibrante de","unit_normalized=None, unit_raw=''","Revisar y mapear a una unidad canonical (ud, m2, m3, ml, kg, t, h, l, %, pa).",warning
unit_rare_or_empty,ADR030,Formación de base a cielo abierto mediante relleno con gravilla de 20 a 30 mm de diámetro; y compactación en tongadas sucesivas de 30 cm de espesor máximo con bandeja vibrante de guiado manual. Inclus,"unit_normalized=None, unit_raw=''","Revisar y mapear a una unidad canonical (ud, m2, m3, ml, kg, t, h, l, %, pa).",warning
unit_rare_or_empty,ADR030b,Formación de base a cielo abierto mediante relleno con tierra seleccionada procedente de la propia excavación; y compactación en tongadas sucesivas de 30 cm de espesor máximo con bandeja vibrante de g,"unit_normalized=None, unit_raw=''","Revisar y mapear a una unidad canonical (ud, m2, m3, ml, kg, t, h, l, %, pa).",warning
unit_rare_or_empty,ADV020,"Estabilización de taludes mediante la proyección por vía húmeda de dos capas de hormigón, HM-D-400/F/12/XC2, de 10 cm de espesor total. Incluye: Preparación de la superficie soporte. Regulación de la ","unit_normalized=None, unit_raw=''","Revisar y mapear a una unidad canonical (ud, m2, m3, ml, kg, t, h, l, %, pa).",warning
unit_rare_or_empty,ANE010,"Formación de encachado de 20 cm de espesor en caja para base de solera, mediante relleno y extendido en tongadas con gravas procedentes de cantera caliza de 40/80 mm; y posterior compactación mediante","unit_normalized=None, unit_raw=''","Revisar y mapear a una unidad canonical (ud, m2, m3, ml, kg, t, h, l, %, pa).",warning
unit_rare_or_empty,ANS010,"Solera de hormigón en masa de 15 cm de espesor, realizada con hormigón HM-20/B/20/X0 fabricado en central y vertido desde camión, extendido y vibrado manual mediante regla vibrante, sin tratamiento de","unit_normalized=None, unit_raw=''","Revisar y mapear a una unidad canonical (ud, m2, m3, ml, kg, t, h, l, %, pa).",warning
unit_rare_or_empty,ANS010b,"Solera de hormigón armado de 15 cm de espesor, realizada con hormigón HA-25/F/20/XC2 fabricado en central, y vertido con bomba, y malla electrosoldada ME 20x20 Ø 5-5 B 500 T 6x2,20 UNE-EN 10080 como a","unit_normalized=None, unit_raw=''","Revisar y mapear a una unidad canonical (ud, m2, m3, ml, kg, t, h, l, %, pa).",warning
unit_rare_or_empty,ANS010c,"Solera de hormigón armado de 20 cm de espesor, realizada con hormigón HA-25/F/20/XC2 fabricado en central, y vertido con bomba, y malla electrosoldada ME 20x20 Ø 5-5 B 500 T 6x2,20 UNE-EN 10080 como a","unit_normalized=None, unit_raw=''","Revisar y mapear a una unidad canonical (ud, m2, m3, ml, kg, t, h, l, %, pa).",warning
unit_rare_or_empty,ANS010d,"Solera de hormigón armado de 10 cm de espesor, realizada con hormigón HA-25/F/20/XC2 fabricado en central, y vertido con bomba, y malla electrosoldada ME 20x20 Ø 5-5 B 500 T 6x2,20 UNE-EN 10080 como a","unit_normalized=None, unit_raw=''","Revisar y mapear a una unidad canonical (ud, m2, m3, ml, kg, t, h, l, %, pa).",warning
unit_rare_or_empty,ANS010f,"Solera de hormigón en masa de 10 cm de espesor, realizada con hormigón HM-20/B/20/X0 fabricado en central y vertido desde camión, extendido y vibrado manual mediante regla vibrante, sin tratamiento de","unit_normalized=None, unit_raw=''","Revisar y mapear a una unidad canonical (ud, m2, m3, ml, kg, t, h, l, %, pa).",warning
unit_rare_or_empty,APE010,"Apuntalamiento y entibación ligera para una protección del 20%, mediante tablones, cabeceros y codales de madera, en zanjas de hasta 3 m de profundidad y de hasta 1 m de anchura. Incluso montaje y des","unit_normalized=None, unit_raw=''","Revisar y mapear a una unidad canonical (ud, m2, m3, ml, kg, t, h, l, %, pa).",warning
unit_rare_or_empty,APE010b,"Apuntalamiento y entibación semicuajada para una protección del 50%, mediante tablones, cabeceros y codales de madera en zanjas de hasta 3 m de profundidad y de hasta 1 m de anchura. Incluso montaje y","unit_normalized=None, unit_raw=''","Revisar y mapear a una unidad canonical (ud, m2, m3, ml, kg, t, h, l, %, pa).",warning
unit_rare_or_empty,APE020b,"Apuntalamiento y entibación cuajada para una protección del 100%, mediante tablones, cabeceros y codales de madera, en pozos de hasta 5 m de profundidad. Incluso montaje y desmontaje gradual del apunt","unit_normalized=None, unit_raw=''","Revisar y mapear a una unidad canonical (ud, m2, m3, ml, kg, t, h, l, %, pa).",warning
unit_rare_or_empty,ASI020,"Instalación de sumidero sifónico de PVC, de salida vertical de 90 mm de diámetro, con rejilla de PVC de 250x250 mm, para recogida de aguas pluviales o de locales húmedos. Incluso p/p de accesorios de ","unit_normalized=None, unit_raw=''","Revisar y mapear a una unidad canonical (ud, m2, m3, ml, kg, t, h, l, %, pa).",warning
unit_rare_or_empty,ASI020b,"Instalación de sumidero sifónico de PVC, de salida vertical de 110 mm de diámetro, con rejilla de PVC de 300x300 mm, para recogida de aguas pluviales o de locales húmedos. Incluso p/p de accesorios de","unit_normalized=None, unit_raw=''","Revisar y mapear a una unidad canonical (ud, m2, m3, ml, kg, t, h, l, %, pa).",warning
unit_rare_or_empty,AV5.-0,"Drenaje de muros con lámina nodular de polietileno con geotextil incorporado y doble nódulo de 12 mm. de alto y resitencia a compresión de 90 Kn/m², con p.p. de fijación del soporte con tacos espiga d","unit_normalized=None, unit_raw=''","Revisar y mapear a una unidad canonical (ud, m2, m3, ml, kg, t, h, l, %, pa).",warning
unit_rare_or_empty,AV5.9,"Apliación de imprimación asfáltica sobre muro de bloque o muro de hormigón y suministro y colocación de lámina asfáltica de 4 kg/m2, incluso parte proporcional de solapes.","unit_normalized=None, unit_raw=''","Revisar y mapear a una unidad canonical (ud, m2, m3, ml, kg, t, h, l, %, pa).",warning
unit_rare_or_empty,CAV010,"Viga de atado de hormigón armado, realizada con hormigón HA-30/B/20/XC2 fabricado en central, y vertido desde camión, y acero UNE-EN 10080 B 500 S, con una cuantía aproximada de 60 kg/m³. Incluso alam","unit_normalized=None, unit_raw=''","Revisar y mapear a una unidad canonical (ud, m2, m3, ml, kg, t, h, l, %, pa).",warning
unit_rare_or_empty,CAV010c,"Viga de atado de hormigón armado, realizada con hormigón HA-25/B/20/XC2 fabricado en central, y vertido desde camión, y acero UNE-EN 10080 B 500 S, con una cuantía aproximada de 60 kg/m³. Incluso alam","unit_normalized=None, unit_raw=''","Revisar y mapear a una unidad canonical (ud, m2, m3, ml, kg, t, h, l, %, pa).",warning
unit_rare_or_empty,CAV020,"Montaje de sistema de encofrado recuperable metálico, para viga de atado, formado por paneles metálicos y posterior desmontaje del sistema de encofrado. Incluso p/p de elementos de sustentación, fijac","unit_normalized=None, unit_raw=''","Revisar y mapear a una unidad canonical (ud, m2, m3, ml, kg, t, h, l, %, pa).",warning
unit_rare_or_empty,CEP010,"Encepado de hormigón armado, agrupando cabezas de pilotes descabezados, realizado con hormigón HA-30/F/20/XC2 fabricado en central, y vertido desde camión, y acero UNE-EN 10080 B 500 S, con una cuantí","unit_normalized=None, unit_raw=''","Revisar y mapear a una unidad canonical (ud, m2, m3, ml, kg, t, h, l, %, pa).",warning
unit_rare_or_empty,CEP010c,"Encepado de hormigón armado, agrupando cabezas de pilotes descabezados, realizado con hormigón HA-25/F/20/XC2 fabricado en central, y vertido desde camión, y acero UNE-EN 10080 B 500 S, con una cuantí","unit_normalized=None, unit_raw=''","Revisar y mapear a una unidad canonical (ud, m2, m3, ml, kg, t, h, l, %, pa).",warning
unit_rare_or_empty,CEP020b,"Montaje de sistema de encofrado recuperable metálico, para encepado de grupo de pilotes, formado por paneles metálicos, amortizables en 200 usos, y posterior desmontaje del sistema de encofrado. Inclu","unit_normalized=None, unit_raw=''","Revisar y mapear a una unidad canonical (ud, m2, m3, ml, kg, t, h, l, %, pa).",warning
unit_rare_or_empty,CPI020b,"Pilote de cimentación de hormigón armado de 35 cm de diámetro, para grupo de pilotes CPI-2 según NTE-CPI, de hasta 15 m de profundidad. Ejecutado por desplazamiento de tierras, en terreno blando, medi","unit_normalized=None, unit_raw=''","Revisar y mapear a una unidad canonical (ud, m2, m3, ml, kg, t, h, l, %, pa).",warning
unit_rare_or_empty,CPI040b,"Pilote de cimentación de hormigón armado de 45 cm de diámetro, para grupo de pilotes CPI-4 según NTE-CPI, de hasta 15 m de profundidad. Ejecutado por extracción de tierras, en terreno de menos de 25 k","unit_normalized=None, unit_raw=''","Revisar y mapear a una unidad canonical (ud, m2, m3, ml, kg, t, h, l, %, pa).",warning
unit_rare_or_empty,CPI050b,"Pilote de cimentación de hormigón armado de 45 cm de diámetro, para grupo de pilotes CPI-5 según NTE-CPI, de hasta 15 m de profundidad. Ejecutado por extracción de tierras, en terreno de menos de 25 k","unit_normalized=None, unit_raw=''","Revisar y mapear a una unidad canonical (ud, m2, m3, ml, kg, t, h, l, %, pa).",warning
unit_rare_or_empty,CPI050c,"Pilote de cimentación de hormigón armado de 55 cm de diámetro, para grupo de pilotes CPI-5 según NTE-CPI, de hasta 15 m de profundidad. Ejecutado por extracción de tierras, en terreno de menos de 25 k","unit_normalized=None, unit_raw=''","Revisar y mapear a una unidad canonical (ud, m2, m3, ml, kg, t, h, l, %, pa).",warning
unit_rare_or_empty,CPI060b,"Pilote de cimentación de hormigón armado de 45 cm de diámetro, para grupo de pilotes CPI-6 según NTE-CPI, de hasta 15 m de profundidad. Ejecutado por extracción de tierras, en terreno de menos de 25 k","unit_normalized=None, unit_raw=''","Revisar y mapear a una unidad canonical (ud, m2, m3, ml, kg, t, h, l, %, pa).",warning
unit_rare_or_empty,CPI200,"Descabezado de pilote de hormigón armado, de 45 cm de diámetro, mediante picado del hormigón de la cabeza del pilote que no reúne las características mecánicas necesarias, con compresor con martillo n","unit_normalized=None, unit_raw=''","Revisar y mapear a una unidad canonical (ud, m2, m3, ml, kg, t, h, l, %, pa).",warning
unit_rare_or_empty,CPM001,"Desplazamiento, montaje, desmontaje y retirada de la obra de equipo completo para la ejecución de micropilotes, a una distancia de hasta 50 km. Incluso p/p de desplazamiento del personal especializado","unit_normalized=None, unit_raw=''","Revisar y mapear a una unidad canonical (ud, m2, m3, ml, kg, t, h, l, %, pa).",warning
unit_rare_or_empty,CPM010,"Micropilote de hasta 15 m de longitud y 114,3 mm de diámetro nominal, compuesto de perfil tubular con rosca, de acero EN ISO 11960 N-80, con límite elástico 562 N/mm², de 60,3 mm de diámetro exterior ","unit_normalized=None, unit_raw=''","Revisar y mapear a una unidad canonical (ud, m2, m3, ml, kg, t, h, l, %, pa).",warning
unit_rare_or_empty,CPM050b,"Descabezado de micropilote con perfil tubular de acero, de 114,3 mm de diámetro, mediante picado del mortero de la cabeza del micropilote que no reúne las características mecánicas necesarias, con mar","unit_normalized=None, unit_raw=''","Revisar y mapear a una unidad canonical (ud, m2, m3, ml, kg, t, h, l, %, pa).",warning
unit_rare_or_empty,CPP010,"Suministro y colocación de pilote prefabricado de hormigón armado, D=22,5 cm, Q=50 t, construido según CPP-1 para formación de grupo de pilotes CPP-2, con azuche normal en punta. Hincado por golpeo de","unit_normalized=None, unit_raw=''","Revisar y mapear a una unidad canonical (ud, m2, m3, ml, kg, t, h, l, %, pa).",warning
unit_rare_or_empty,CRL010b,"Formación de capa de hormigón de limpieza y nivelado de fondos de cimentación, de 10 cm de espesor, de hormigón HL-150/B/12, fabricado en central, en el fondo de la excavación previamente realizada.","unit_normalized=None, unit_raw=''","Revisar y mapear a una unidad canonical (ud, m2, m3, ml, kg, t, h, l, %, pa).",warning
unit_rare_or_empty,CSL010,"Losa de cimentación de hormigón armado, realizada con hormigón HA-30/B/20/XC2 fabricado en central, y vertido con bomba, y acero UNE-EN 10080 B 500 S, con una cuantía aproximada de 85 kg/m³; acabado s","unit_normalized=None, unit_raw=''","Revisar y mapear a una unidad canonical (ud, m2, m3, ml, kg, t, h, l, %, pa).",warning
unit_rare_or_empty,CSL010c,"Losa de cimentación de hormigón armado, realizada con hormigón HA-25/B/20/XC2 fabricado en central, y vertido con bomba, y acero UNE-EN 10080 B 500 S, con una cuantía aproximada de 85 kg/m³; acabado s","unit_normalized=None, unit_raw=''","Revisar y mapear a una unidad canonical (ud, m2, m3, ml, kg, t, h, l, %, pa).",warning
unit_rare_or_empty,CSV010b,"Zapata corrida de cimentación, de hormigón armado, realizada en excavación previa, con hormigón HA-25/B/20/XC2 fabricado en central, y vertido desde camión, y acero UNE-EN 10080 B 500 S, con una cuant","unit_normalized=None, unit_raw=''","Revisar y mapear a una unidad canonical (ud, m2, m3, ml, kg, t, h, l, %, pa).",warning
unit_rare_or_empty,CSV010c,"Zapata corrida de cimentación, de hormigón armado, realizada en excavación previa, con hormigón HA-30/B/20/XC2 fabricado en central, y vertido desde camión, y acero UNE-EN 10080 B 500 S, con una cuant","unit_normalized=None, unit_raw=''","Revisar y mapear a una unidad canonical (ud, m2, m3, ml, kg, t, h, l, %, pa).",warning
unit_rare_or_empty,CSV020,"Montaje de sistema de encofrado recuperable metálico, para zapata corrida de cimentación de sección rectangular, formado por paneles metálicos y posterior desmontaje del sistema de encofrado. Incluso ","unit_normalized=None, unit_raw=''","Revisar y mapear a una unidad canonical (ud, m2, m3, ml, kg, t, h, l, %, pa).",warning
unit_rare_or_empty,CSZ010b,"Zapata de cimentación de hormigón armado, realizada con hormigón HA-25/B/20/XC2 fabricado en central, y vertido desde camión, y acero UNE-EN 10080 B 500 S, con una cuantía aproximada de 50 kg/m³. Incl","unit_normalized=None, unit_raw=''","Revisar y mapear a una unidad canonical (ud, m2, m3, ml, kg, t, h, l, %, pa).",warning
unit_rare_or_empty,CSZ010c,"Zapata de cimentación de hormigón armado, realizada con hormigón HA-30/B/20/XC2 fabricado en central, y vertido desde camión, y acero UNE-EN 10080 B 500 S, con una cuantía aproximada de 50 kg/m³. Incl","unit_normalized=None, unit_raw=''","Revisar y mapear a una unidad canonical (ud, m2, m3, ml, kg, t, h, l, %, pa).",warning
unit_rare_or_empty,CSZ020b,"Montaje de sistema de encofrado recuperable metálico, para zapata de cimentación, formado por paneles metálicos y posterior desmontaje del sistema de encofrado. Incluso p/p de elementos de sustentació","unit_normalized=None, unit_raw=''","Revisar y mapear a una unidad canonical (ud, m2, m3, ml, kg, t, h, l, %, pa).",warning
unit_rare_or_empty,D0114.0010,"Demolición de estructura de pilares y jácenas metálicos de perfiles laminados con medios manuales y mecánicos, y carga manual sobre camión o contenedor.","unit_normalized=None, unit_raw=''","Revisar y mapear a una unidad canonical (ud, m2, m3, ml, kg, t, h, l, %, pa).",warning
unit_rare_or_empty,D0405.0050,"Pérgola empotrada en una pared maestra compuesta de vigas de madera de iroco escuadría 9x19 a 70 cm. entre ejes y 4 m de luz. Incluida la p.p. de jácena de madera de iroco de 30x30. de apoyo frontal, ","unit_normalized=None, unit_raw=''","Revisar y mapear a una unidad canonical (ud, m2, m3, ml, kg, t, h, l, %, pa).",warning
unit_rare_or_empty,D0608.0010,"Formación de pendientes con un promedio de 10 cm de gravilla de piedra caliza, chapado con mortero de industrial, M-5, de 4 cm de espesor, fratasada y limpia, en cubierta plana, con una pendiente del ","unit_normalized=None, unit_raw=''","Revisar y mapear a una unidad canonical (ud, m2, m3, ml, kg, t, h, l, %, pa).",warning
unit_rare_or_empty,D0609.0030,"Sellado de junta de dilatación de 20 mm. de ancho con masilla de poliuretano monocomponente, incluso limpieza, imprimación en base poliuretano de los labios de junta y cordón de fondo de junta en poli","unit_normalized=None, unit_raw=''","Revisar y mapear a una unidad canonical (ud, m2, m3, ml, kg, t, h, l, %, pa).",warning
unit_rare_or_empty,D0609.0040,"Sellado de junta de dilatación de 20 mm. de ancho con perfíl prefabricado de plástico, incluso limpieza.","unit_normalized=None, unit_raw=''","Revisar y mapear a una unidad canonical (ud, m2, m3, ml, kg, t, h, l, %, pa).",warning
unit_rare_or_empty,D0708.0010,"Suministro y montaje de trasdosado sencillo, de 63 mm de espesor total, con nivel de calidad del acabado estándar (Q2), sobre banda acústica, formado por una estructura simple de perfiles de chapa de ","unit_normalized=None, unit_raw=''","Revisar y mapear a una unidad canonical (ud, m2, m3, ml, kg, t, h, l, %, pa).",warning
unit_rare_or_empty,D0708.0011,"Trasdosado directo formado por placa de yeso laminado tipo normal de 15 mm de espesor, recibida directamente sobre el paramento vertical con pasta de agarre. Incluso pasta y cinta para el tratamiento ","unit_normalized=None, unit_raw=''","Revisar y mapear a una unidad canonical (ud, m2, m3, ml, kg, t, h, l, %, pa).",warning
unit_rare_or_empty,D1401.0070,"Recibido de capialzados para persianas arrollables. Incluso p/p de replanteo, apertura y tapado de huecos para empotramiento, apuntalamiento, nivelación y aplomado.","unit_normalized=None, unit_raw=''","Revisar y mapear a una unidad canonical (ud, m2, m3, ml, kg, t, h, l, %, pa).",warning
unit_rare_or_empty,D1601.0070,"Suministro y colocación de barandilla recta de acero inox. colocada en rampa de 1 metro de alt. con pletina inferior de 30x8 mm., tubo superior pasamanos e intermedio Ø 50 mm. y barrotes hor.es Ø 10 m","unit_normalized=None, unit_raw=''","Revisar y mapear a una unidad canonical (ud, m2, m3, ml, kg, t, h, l, %, pa).",warning
unit_rare_or_empty,D1902.0080,"Punto de luz sencillo a uno o varios receptores en techo, pared o suelo, realizado con conductor ES07Z1-K(AS), de 1,5 mm2 de sección, tubo flexible del diámetro reglamentario, entre caja de registro m","unit_normalized=None, unit_raw=''","Revisar y mapear a una unidad canonical (ud, m2, m3, ml, kg, t, h, l, %, pa).",warning
unit_rare_or_empty,D1902.0090,"Punto de luz conmutado a uno o varios receptores en techo, pared o suelo, realizado con conductor ES 07Z1-K(AS), de 1,5 mm2 de sección, tubo flexible del diámetro reglamentario, entre caja de registro","unit_normalized=None, unit_raw=''","Revisar y mapear a una unidad canonical (ud, m2, m3, ml, kg, t, h, l, %, pa).",warning
unit_rare_or_empty,D1902.0100,"Punto de luz conmutado a uno o varios receptores en techo, pared o suelo, realizado con conductor ES 07Z1-K(AS), de 1,5 mm2 de sección, tubo flexible del diámetro reglamentario, entre caja de registro","unit_normalized=None, unit_raw=''","Revisar y mapear a una unidad canonical (ud, m2, m3, ml, kg, t, h, l, %, pa).",warning
unit_rare_or_empty,D1902.0140,"Pulsador-luz a uno o varios receptores en techo, pared o suelo, realizado con conductor ES07Z1-K(AS), de 1,5 mm2 de sección, tubo flexible del diámetro reglamentario, entre caja de registro más próxim","unit_normalized=None, unit_raw=''","Revisar y mapear a una unidad canonical (ud, m2, m3, ml, kg, t, h, l, %, pa).",warning
unit_rare_or_empty,D2918.01,Inspección de hasta 2 ml de soldadura con líquidos penetrantes incluso informe de resultados según UNE-EN ISO 3425-1:2013,"unit_normalized=None, unit_raw=''","Revisar y mapear a una unidad canonical (ud, m2, m3, ml, kg, t, h, l, %, pa).",warning
unit_rare_or_empty,D2918.02,Inspección durante media jornada de soldadura con líquidos penetrantes incluso informe de resultados según UNE-EN ISO 3425-1:2013,"unit_normalized=None, unit_raw=''","Revisar y mapear a una unidad canonical (ud, m2, m3, ml, kg, t, h, l, %, pa).",warning
unit_rare_or_empty,D2918.03,Inspección durante media jornada de soldadura con partículas magnéticas incluso informe de resultados.,"unit_normalized=None, unit_raw=''","Revisar y mapear a una unidad canonical (ud, m2, m3, ml, kg, t, h, l, %, pa).",warning
unit_rare_or_empty,D3001.0030,"Chorreado de arena en superficies met.s hasta grado SA2, mediante proyección de árido de cuarzo, eliminando restos de suciedad, grasas y óxidos del soporte, incluso limpieza del material proyectado.","unit_normalized=None, unit_raw=''","Revisar y mapear a una unidad canonical (ud, m2, m3, ml, kg, t, h, l, %, pa).",warning
unit_rare_or_empty,D3001.0040,"Chorreado de superficies de hormigón mediante proyección de agua a presión, eliminando todos los restos de suciedad, grasas y polvo del soporte.","unit_normalized=None, unit_raw=''","Revisar y mapear a una unidad canonical (ud, m2, m3, ml, kg, t, h, l, %, pa).",warning
unit_rare_or_empty,D3001.0050,"Lijado mecánico de superficie hor. de hormigón con disco de diamante para posterior aplicación de recubrimiento o adhesivo, incluso limpieza del polvo generado.","unit_normalized=None, unit_raw=''","Revisar y mapear a una unidad canonical (ud, m2, m3, ml, kg, t, h, l, %, pa).",warning
unit_rare_or_empty,D3001.0060,"Lijado mecánico de superficie vert. de hormigón con disco de diamante para posterior aplicación de recubrimiento o adhesivo, incluso limpieza del polvo generado.","unit_normalized=None, unit_raw=''","Revisar y mapear a una unidad canonical (ud, m2, m3, ml, kg, t, h, l, %, pa).",warning
unit_rare_or_empty,D3001.0070,"Picado mecánico mediante pistolete, bujarda o similar, de superficie de hormigón hasta una profundidad de 20 mm, incluso limpieza posterior del soporte y del material extraído.","unit_normalized=None, unit_raw=''","Revisar y mapear a una unidad canonical (ud, m2, m3, ml, kg, t, h, l, %, pa).",warning
unit_rare_or_empty,D3001.0080,"Picado mecánico mediante pistolete, bujarda o similar, de superficie de hormigón hasta una profundidad de 40 mm, incluso limpieza posterior del soporte y del material extraído.","unit_normalized=None, unit_raw=''","Revisar y mapear a una unidad canonical (ud, m2, m3, ml, kg, t, h, l, %, pa).",warning
unit_rare_or_empty,D3001.0090,"Fresado mecánico de superficie de hormigón, eliminando la lechada superficial con una rugosidad aprox. de 5 mm. incluso limpieza posterior del soporte tratado y del material eliminado.","unit_normalized=None, unit_raw=''","Revisar y mapear a una unidad canonical (ud, m2, m3, ml, kg, t, h, l, %, pa).",warning
unit_rare_or_empty,D3001.0100,"Granallado mecánico de superficie de hormigón, eliminando la lechada superficial con una rugosidad aprox. de 5 mm. incluso limpieza posterior del soporte tratado y del material eliminado.","unit_normalized=None, unit_raw=''","Revisar y mapear a una unidad canonical (ud, m2, m3, ml, kg, t, h, l, %, pa).",warning
unit_rare_or_empty,D3001.0120m,Apertura de fisura en forma de V mediante sierra de corte con ancho y profundidad de aprox. 10 mm.,"unit_normalized=None, unit_raw=''","Revisar y mapear a una unidad canonical (ud, m2, m3, ml, kg, t, h, l, %, pa).",warning
unit_rare_or_empty,D3002.0020,"Aplicación manual de imprimación activa de inhibidores de corrosión a base de resina epoxi dos componentes, para la protección y pasivación de las armaduras y como puente de unión para una perfecta ad","unit_normalized=None, unit_raw=''","Revisar y mapear a una unidad canonical (ud, m2, m3, ml, kg, t, h, l, %, pa).",warning
unit_rare_or_empty,D3002.0030,"Reconstrucción geométrica de sección de hormión con 20 mm. esp. medio de mortero tixotrópico a base de cemento, áridos y poliacrilonitrilo. para reparación estructural, sin maestrear, perfilado de ari","unit_normalized=None, unit_raw=''","Revisar y mapear a una unidad canonical (ud, m2, m3, ml, kg, t, h, l, %, pa).",warning
unit_rare_or_empty,D3002.0060,"Aplicación de mortero de reparación no estructural, con mortero monocomponente, modificado con polímeros, de fraguado rápido y nivelación superficial, tanto para capa fina 3mm aprox., como para repara","unit_normalized=None, unit_raw=''","Revisar y mapear a una unidad canonical (ud, m2, m3, ml, kg, t, h, l, %, pa).",warning
unit_rare_or_empty,D3002.0070m,"Sellado de fisuras y colocación de inyectores externos cada 25 cms. sobre la fisura con mortero epoxi dos componentes de elevada resit. y tixotropía, incluso posterior retirada de inyectores y elimina","unit_normalized=None, unit_raw=''","Revisar y mapear a una unidad canonical (ud, m2, m3, ml, kg, t, h, l, %, pa).",warning
unit_rare_or_empty,D3002.0080m,Sellado de fisuras con mortero epoxi dos componentes de elevada resit. y tixotropía y colocación de inyectores internos de polietileno de 10 mm Ø mediante perforaciones al tresbolillo secantes a la fi,"unit_normalized=None, unit_raw=''","Revisar y mapear a una unidad canonical (ud, m2, m3, ml, kg, t, h, l, %, pa).",warning
unit_rare_or_empty,D3002.0090m,"Inyección a baja presión de fisura con resina epoxi fluida, incluso premezclado de los componentesde la resina. Para estructuras de esp. inferior a 30 cms.","unit_normalized=None, unit_raw=''","Revisar y mapear a una unidad canonical (ud, m2, m3, ml, kg, t, h, l, %, pa).",warning
unit_rare_or_empty,D3002.0100m,"Inyección a baja presión de fisura con resina epoxi fluida, incluso premezclado de los componentesde la resina. Para estructuras de esp. hasta 50 cms.","unit_normalized=None, unit_raw=''","Revisar y mapear a una unidad canonical (ud, m2, m3, ml, kg, t, h, l, %, pa).",warning
unit_rare_or_empty,D3002.0140m,"Reparación integral de juntas de hormigón de aprox. 5 cms. a cada lado con mortero sulfatoresistente, para ambientes agresivos, incluso picado, colocación de encofrado para formación de junta, aplicac","unit_normalized=None, unit_raw=''","Revisar y mapear a una unidad canonical (ud, m2, m3, ml, kg, t, h, l, %, pa).",warning
unit_rare_or_empty,D3003.0010,"Refuerzo de vigas mediante colocación de hoja de fibra de carbono unidireccional de resit. a tracción 3.800 MPa y elongación última 1.55% de 200 gr/m²., incluso lijado previo de la superficie con disc","unit_normalized=None, unit_raw=''","Revisar y mapear a una unidad canonical (ud, m2, m3, ml, kg, t, h, l, %, pa).",warning
unit_rare_or_empty,D3003.0030,"Zunchado de pilares mediante colocación de hoja de fibra de carbono unidireccional de resit. a tracción 3.800 MPa y elongación última 1.55% de 200 gr/m².en forma de U, incluso suavizado de contorno y ","unit_normalized=None, unit_raw=''","Revisar y mapear a una unidad canonical (ud, m2, m3, ml, kg, t, h, l, %, pa).",warning
unit_rare_or_empty,D3003.0040,"Refuerzo de obra de fábrica mediante colocación de hoja de tejido de fibra de vidrio bidireccional de 0,154 mm. de esp., con un peso de 440 gr/m², med. 0.68 x 50 m, densidad 2,68 gr/m², resit. a tracc","unit_normalized=None, unit_raw=''","Revisar y mapear a una unidad canonical (ud, m2, m3, ml, kg, t, h, l, %, pa).",warning
unit_rare_or_empty,D3005.0010,"Reparación de soleras y paredes de arquetas con morteros de cementos de fosfato de magnesio de fraguado extra rápido y sin retracción, con un esp. medio de 20 mm., incluso preparación de la superficie","unit_normalized=None, unit_raw=''","Revisar y mapear a una unidad canonical (ud, m2, m3, ml, kg, t, h, l, %, pa).",warning
unit_rare_or_empty,D3005.0040m,"Colocación de perfil de coronación de lámina drenante de polietileno, incluso fijación al soporte y p.p. de solapes","unit_normalized=None, unit_raw=''","Revisar y mapear a una unidad canonical (ud, m2, m3, ml, kg, t, h, l, %, pa).",warning
unit_rare_or_empty,D3005.0070m,"Sellado de vías de agua mediante inyección de resina de isocianato sin disolventes bicomponente, formando espuma en contacto directo de agua, estable, baja viscosidad a 20ºC<300mPas, incluso preparado","unit_normalized=None, unit_raw=''","Revisar y mapear a una unidad canonical (ud, m2, m3, ml, kg, t, h, l, %, pa).",warning
unit_rare_or_empty,D3006.0010,"Aplicación de mortero de saneam. macroporoso para humedades de capilaridad de esp. medio 20 mm., sobre paramentos vert.es, maestreado en dos capas, acabado superficial con esponja o talocha.","unit_normalized=None, unit_raw=''","Revisar y mapear a una unidad canonical (ud, m2, m3, ml, kg, t, h, l, %, pa).",warning
unit_rare_or_empty,D3006.0020,"Aplicación de mortero de acabado fino impermeable y transpirable al vapor de agua como acabado para mortero macroporoso para humedades de capilaridad aplicado en capa fina., sobre paramentos vert.es.","unit_normalized=None, unit_raw=''","Revisar y mapear a una unidad canonical (ud, m2, m3, ml, kg, t, h, l, %, pa).",warning
unit_rare_or_empty,D3006.0030m,"Realización de taladros en muros de esp. hasta 50 cms. con realización de doble línea de taladros Ø 18 mm. y 45 cms. de profundidad máxima, separados entre ellos 10 cms. y colocados al tresbolillo par","unit_normalized=None, unit_raw=''","Revisar y mapear a una unidad canonical (ud, m2, m3, ml, kg, t, h, l, %, pa).",warning
unit_rare_or_empty,D3006.0050m,"Impermeabilización de dos caras de muro hasta aprox. 50 cms. de alt., mediante la aplicación de una capa fina de mortero impermeable, en dos capas contrapeadas previa humectación del soporte. Medido m","unit_normalized=None, unit_raw=''","Revisar y mapear a una unidad canonical (ud, m2, m3, ml, kg, t, h, l, %, pa).",warning
unit_rare_or_empty,D3006.0060m,"Inyección sin presión de resina de silicato potásico y siliconato metílico de potasio, en muros de esp. máximo 50 cms., en doble hilera de perforaciones de Ø 18 mm. cada 10 cms., con una inclinación d","unit_normalized=None, unit_raw=''","Revisar y mapear a una unidad canonical (ud, m2, m3, ml, kg, t, h, l, %, pa).",warning
unit_rare_or_empty,D3006.0080,"Relleno y renovación de juntas de muros de piedra u obra de mampostería antigua, sin maestrear, con mortero a base de cal hidratada, metacaolín y compuestos silíceos naturales con un Ø máximo de 2 mm.","unit_normalized=None, unit_raw=''","Revisar y mapear a una unidad canonical (ud, m2, m3, ml, kg, t, h, l, %, pa).",warning
unit_rare_or_empty,D3007.0020,"Reparación suelo de hormigón, mediante mortero tixotrópico de altas resit.s, con un esp. de 20 mm. incluso regleado y fratasado manual de la superficie tratada.","unit_normalized=None, unit_raw=''","Revisar y mapear a una unidad canonical (ud, m2, m3, ml, kg, t, h, l, %, pa).",warning
unit_rare_or_empty,D3010.0010,"Tratamiento hidrófugo incoloro en piedra de solución transp., resistente a los álcalis y a los rayos u.v. a base de impregnante hidrófugo con contenido de silanos y siloxanos para tratamiento antihume","unit_normalized=None, unit_raw=''","Revisar y mapear a una unidad canonical (ud, m2, m3, ml, kg, t, h, l, %, pa).",warning
unit_rare_or_empty,D3010.0020,"Impregnación incol. consolidante a base de esteres de ácido silícico, monocomponente e incoloro para piedra, sin alterar la superficie tratada, monocomponente, recubrible y permable al vapor de agua, ","unit_normalized=None, unit_raw=''","Revisar y mapear a una unidad canonical (ud, m2, m3, ml, kg, t, h, l, %, pa).",warning
unit_rare_or_empty,DDC020,"Demolición de muro de contención de hormigón armado con martillo neumático y equipo de oxicorte, y carga manual sobre camión o contenedor.","unit_normalized=None, unit_raw=''","Revisar y mapear a una unidad canonical (ud, m2, m3, ml, kg, t, h, l, %, pa).",warning
unit_rare_or_empty,DDS010,"Demolición de cimentación de mampostería, de hasta 1,5 m de profundidad máxima, con martillo neumático y carga manual sobre camión o contenedor.","unit_normalized=None, unit_raw=''","Revisar y mapear a una unidad canonical (ud, m2, m3, ml, kg, t, h, l, %, pa).",warning
unit_rare_or_empty,DDS030,"Demolición de zapata de hormigón en masa, de hasta 1,5 m de profundidad máxima, con martillo neumático, y carga manual sobre camión o contenedor.","unit_normalized=None, unit_raw=''","Revisar y mapear a una unidad canonical (ud, m2, m3, ml, kg, t, h, l, %, pa).",warning
unit_rare_or_empty,DDS030b,"Demolición de zapata de hormigón armado, de hasta 1,5 m de profundidad máxima, con martillo neumático y equipo de oxicorte, y carga manual sobre camión o contenedor.","unit_normalized=None, unit_raw=''","Revisar y mapear a una unidad canonical (ud, m2, m3, ml, kg, t, h, l, %, pa).",warning
unit_rare_or_empty,DEA020,"Demolición de forjado de viguetas metálicas y entrevigado de tablero cerámico machihembrado con capa de compresión, realizado con martillo neumático y equipo de oxicorte, previo levantado del paviment","unit_normalized=None, unit_raw=''","Revisar y mapear a una unidad canonical (ud, m2, m3, ml, kg, t, h, l, %, pa).",warning
unit_rare_or_empty,DEA030,"Desmontaje de pilar metálico, formado por piezas simples de perfil de acero laminado con equipo de oxicorte, y carga manual sobre camión o contenedor.","unit_normalized=None, unit_raw=''","Revisar y mapear a una unidad canonical (ud, m2, m3, ml, kg, t, h, l, %, pa).",warning
unit_rare_or_empty,DEA050,"Desmontaje de viga metálica apoyada, formada por perfil de acero laminado IPN 200 o similar, de hasta 4 m de longitud media, con medios manuales, y carga manual sobre camión o contenedor.","unit_normalized=None, unit_raw=''","Revisar y mapear a una unidad canonical (ud, m2, m3, ml, kg, t, h, l, %, pa).",warning
unit_rare_or_empty,DEA050b,"Desmontaje de viga metálica apoyada, formada por perfil de acero laminado IPN 120 o similar, de hasta 4 m de longitud media, con medios manuales, y carga manual sobre camión o contenedor.","unit_normalized=None, unit_raw=''","Revisar y mapear a una unidad canonical (ud, m2, m3, ml, kg, t, h, l, %, pa).",warning
unit_rare_or_empty,DEC040c,"Demolición de muro de mampostería ordinaria a una cara vista de piedra caliza, en seco, con martillo neumático, y carga manual sobre camión o contenedor.","unit_normalized=None, unit_raw=''","Revisar y mapear a una unidad canonical (ud, m2, m3, ml, kg, t, h, l, %, pa).",warning
unit_rare_or_empty,DEC050b,"Demolición de muro de fábrica de marés, con martillo neumático, y carga mecánica sobre camión o contenedor.","unit_normalized=None, unit_raw=''","Revisar y mapear a una unidad canonical (ud, m2, m3, ml, kg, t, h, l, %, pa).",warning
unit_rare_or_empty,DEC055,"Demolición de bóveda de fábrica de marés, de 17 cm de espesor, con martillo neumático y carga manual sobre camión o contenedor.","unit_normalized=None, unit_raw=''","Revisar y mapear a una unidad canonical (ud, m2, m3, ml, kg, t, h, l, %, pa).",warning
unit_rare_or_empty,DEF060b,"Demolición de escalera de fábrica con bóveda tabicada o catalana, peldañeado y revestimientos, con martillo neumático, y carga manual sobre camión o contenedor.","unit_normalized=None, unit_raw=''","Revisar y mapear a una unidad canonical (ud, m2, m3, ml, kg, t, h, l, %, pa).",warning
unit_rare_or_empty,DEH020,"Demolición de losa maciza de hormigón armado de hasta 20 cm de canto total, con medios manuales, martillo neumático y equipo de oxicorte, previo levantado del pavimento y su base, y carga manual sobre","unit_normalized=None, unit_raw=''","Revisar y mapear a una unidad canonical (ud, m2, m3, ml, kg, t, h, l, %, pa).",warning
unit_rare_or_empty,DEH020b,"Demolición de forjado unidireccional de hormigón armado con viguetas prefabricadas de hormigón, entrevigado de bovedillas cerámicas o de hormigón y capa de compresión de hormigón, con medios manuales,","unit_normalized=None, unit_raw=''","Revisar y mapear a una unidad canonical (ud, m2, m3, ml, kg, t, h, l, %, pa).",warning
unit_rare_or_empty,DEH020c,"Demolición de forjado reticular de hormigón armado de 25 cm de canto total, con medios manuales, martillo neumático y equipo de oxicorte, previo levantado del pavimento y su base, y carga manual sobre","unit_normalized=None, unit_raw=''","Revisar y mapear a una unidad canonical (ud, m2, m3, ml, kg, t, h, l, %, pa).",warning
unit_rare_or_empty,DEH030,"Demolición de pilar de hormigón armado, con medios manuales, martillo neumático y equipo de oxicorte, y carga manual sobre camión o contenedor.","unit_normalized=None, unit_raw=''","Revisar y mapear a una unidad canonical (ud, m2, m3, ml, kg, t, h, l, %, pa).",warning
unit_rare_or_empty,DEH050,"Demolición de viga de hormigón armado, con medios manuales, martillo neumático y equipo de oxicorte, y carga manual sobre camión o contenedor.","unit_normalized=None, unit_raw=''","Revisar y mapear a una unidad canonical (ud, m2, m3, ml, kg, t, h, l, %, pa).",warning
unit_rare_or_empty,DEH060,"Demolición de losa de escalera de hormigón armado, hasta 25 cm de espesor, y peldaños, con medios manuales, martillo neumático y equipo de oxicorte, y carga manual sobre camión o contenedor.","unit_normalized=None, unit_raw=''","Revisar y mapear a una unidad canonical (ud, m2, m3, ml, kg, t, h, l, %, pa).",warning
unit_rare_or_empty,DEM020b,"Demolición de forjado de viguetas de madera y entrevigado de bovedilla mallorquina plana de material cerámico; y malla electrosoldada, en capa de compresión de hormigón armado, con martillo neumático ","unit_normalized=None, unit_raw=''","Revisar y mapear a una unidad canonical (ud, m2, m3, ml, kg, t, h, l, %, pa).",warning
unit_rare_or_empty,DFD020,"Levantado con medios manuales y equipo de oxicorte, de barandilla metálica en forma recta, de 100 cm de altura, situada en balcón o terraza de fachada y fijada sin deteriorar los elementos constructiv","unit_normalized=None, unit_raw=''","Revisar y mapear a una unidad canonical (ud, m2, m3, ml, kg, t, h, l, %, pa).",warning
unit_rare_or_empty,DFD021,"Levantado con medios manuales de pasamanos, situado en antepecho de balcón o terraza de fachada y fijado mediante recibido en obra de fábrica, con medios manuales, sin deteriorar los elementos constru","unit_normalized=None, unit_raw=''","Revisar y mapear a una unidad canonical (ud, m2, m3, ml, kg, t, h, l, %, pa).",warning
unit_rare_or_empty,DFD030b,"Demolición de balaustrada formada por balaustres prefabricados de hormigón de sección circular y 70 cm de altura, colocados sobre zócalo, con medios manuales, sin deteriorar los elementos constructivo","unit_normalized=None, unit_raw=''","Revisar y mapear a una unidad canonical (ud, m2, m3, ml, kg, t, h, l, %, pa).",warning
unit_rare_or_empty,DFD040,"Desmontaje de cierre metálico enrollable de hasta 4 m² de superficie, con medios manuales, sin deteriorar los elementos constructivos a los que está sujeto, y carga manual sobre camión o contenedor.","unit_normalized=None, unit_raw=''","Revisar y mapear a una unidad canonical (ud, m2, m3, ml, kg, t, h, l, %, pa).",warning
unit_rare_or_empty,DFD100,"Demolición de fábrica de celosía prefabricada de hormigón en cerramiento de fachada, con medios manuales, sin deteriorar los elementos constructivos contiguos, y carga manual sobre camión o contenedor","unit_normalized=None, unit_raw=''","Revisar y mapear a una unidad canonical (ud, m2, m3, ml, kg, t, h, l, %, pa).",warning
unit_rare_or_empty,DFF010b,"Demolición de hoja de fábrica vista, formada por ladrillo macizo de 11/12 cm de espesor, con martillo neumático, sin afectar a la estabilidad de los elementos constructivos contiguos, y carga manual s","unit_normalized=None, unit_raw=''","Revisar y mapear a una unidad canonical (ud, m2, m3, ml, kg, t, h, l, %, pa).",warning
unit_rare_or_empty,DFF015,"Demolición de hoja de fábrica de marés, de 20 cm de espesor, con medios manuales, sin afectar a la estabilidad de los elementos constructivos contiguos, y carga manual sobre camión o contenedor.","unit_normalized=None, unit_raw=''","Revisar y mapear a una unidad canonical (ud, m2, m3, ml, kg, t, h, l, %, pa).",warning
unit_rare_or_empty,DFF020,"Demolición de fábrica revestida, formada por ladrillo hueco de 24/25 cm de espesor, con medios manuales, sin afectar a la estabilidad de los elementos constructivos contiguos, y carga manual sobre cam","unit_normalized=None, unit_raw=''","Revisar y mapear a una unidad canonical (ud, m2, m3, ml, kg, t, h, l, %, pa).",warning
unit_rare_or_empty,DFF020c,"Demolición de fábrica revestida, formada por bloque de hormigón de 20 cm de espesor, con martillo neumático, sin afectar a la estabilidad de los elementos constructivos contiguos, y carga manual sobre","unit_normalized=None, unit_raw=''","Revisar y mapear a una unidad canonical (ud, m2, m3, ml, kg, t, h, l, %, pa).",warning
unit_rare_or_empty,DFF021,"Demolición de fábrica revestida, formada por ladrillo hueco de 20 cm de espesor, con medios manuales, sin afectar a la estabilidad de los elementos constructivos contiguos, y carga manual sobre camión","unit_normalized=None, unit_raw=''","Revisar y mapear a una unidad canonical (ud, m2, m3, ml, kg, t, h, l, %, pa).",warning
unit_rare_or_empty,DHE010,"Demolición de albardilla para cubrición de muros, con medios manuales, sin deteriorar los elementos constructivos contiguos, y carga manual sobre camión o contenedor.","unit_normalized=None, unit_raw=''","Revisar y mapear a una unidad canonical (ud, m2, m3, ml, kg, t, h, l, %, pa).",warning
unit_rare_or_empty,DHE020,"Demolición de fiola de remate de balcón con medios manuales, sin deteriorar los elementos constructivos contiguos, y carga manual sobre camión o contenedor.","unit_normalized=None, unit_raw=''","Revisar y mapear a una unidad canonical (ud, m2, m3, ml, kg, t, h, l, %, pa).",warning
unit_rare_or_empty,DHE030,"Demolición de recercado de hueco de fachada con medios manuales, sin deteriorar los elementos constructivos contiguos, y carga manual sobre camión o contenedor.","unit_normalized=None, unit_raw=''","Revisar y mapear a una unidad canonical (ud, m2, m3, ml, kg, t, h, l, %, pa).",warning
unit_rare_or_empty,DHE040,"Demolición de dintel con medios manuales, sin deteriorar los elementos constructivos contiguos, y carga manual sobre camión o contenedor.","unit_normalized=None, unit_raw=''","Revisar y mapear a una unidad canonical (ud, m2, m3, ml, kg, t, h, l, %, pa).",warning
unit_rare_or_empty,DHE070,"Demolición de jamba con medios manuales, sin deteriorar los elementos constructivos contiguos, y carga manual sobre camión o contenedor.","unit_normalized=None, unit_raw=''","Revisar y mapear a una unidad canonical (ud, m2, m3, ml, kg, t, h, l, %, pa).",warning
unit_rare_or_empty,DHE080,"Demolición de cornisa con medios manuales, sin deteriorar los elementos constructivos contiguos, y carga manual sobre camión o contenedor.","unit_normalized=None, unit_raw=''","Revisar y mapear a una unidad canonical (ud, m2, m3, ml, kg, t, h, l, %, pa).",warning
unit_rare_or_empty,DHE100,"Demolición de vierteaguas situado entre las jambas del hueco cubriendo los alféizares con medios manuales sin deteriorar los elementos constructivos contiguos, y carga manual sobre camión o contenedor","unit_normalized=None, unit_raw=''","Revisar y mapear a una unidad canonical (ud, m2, m3, ml, kg, t, h, l, %, pa).",warning
unit_rare_or_empty,DHE110,"Demolición de zócalo de menos de 50 cm de altura situadas en la parte inferior del paramento vertical, con medios manuales, sin deteriorar los elementos constructivos contiguos, y carga manual sobre c","unit_normalized=None, unit_raw=''","Revisar y mapear a una unidad canonical (ud, m2, m3, ml, kg, t, h, l, %, pa).",warning
unit_rare_or_empty,DHE120,"Demolición de umbral empotrado en las jambas, cubriendo el escalón de acceso en la puerta de entrada o balcón del edificio, con medios manuales, sin deteriorar los elementos constructivos contiguos, y","unit_normalized=None, unit_raw=''","Revisar y mapear a una unidad canonical (ud, m2, m3, ml, kg, t, h, l, %, pa).",warning
unit_rare_or_empty,DIA010,"Desmontaje de antena individual de radio (FM) y TV vía terrestre (UHF/VHF), con medios manuales, y carga manual sobre camión o contenedor.","unit_normalized=None, unit_raw=''","Revisar y mapear a una unidad canonical (ud, m2, m3, ml, kg, t, h, l, %, pa).",warning
unit_rare_or_empty,DIA010b,"Desmontaje de antena colectiva de radio (FM) y TV vía terrestre (UHF/VHF), con medios manuales, y carga manual sobre camión o contenedor.","unit_normalized=None, unit_raw=''","Revisar y mapear a una unidad canonical (ud, m2, m3, ml, kg, t, h, l, %, pa).",warning
unit_rare_or_empty,DIC010,"Desmontaje de radiador de 40 kg de peso máximo, con medios manuales, dejando la toma y la salida con tapones provisionales, y carga manual sobre camión o contenedor.","unit_normalized=None, unit_raw=''","Revisar y mapear a una unidad canonical (ud, m2, m3, ml, kg, t, h, l, %, pa).",warning
unit_rare_or_empty,DIC030,"Desmontaje de unidad interior de sistema de aire acondicionado, de pared, de 50 kg de peso máximo, con medios manuales, y carga manual sobre camión o contenedor.","unit_normalized=None, unit_raw=''","Revisar y mapear a una unidad canonical (ud, m2, m3, ml, kg, t, h, l, %, pa).",warning
unit_rare_or_empty,DIC030b,"Desmontaje de unidad interior de sistema de aire acondicionado, de techo con distribución por conducto rectangular, de 50 kg de peso máximo, con medios manuales, y carga manual sobre camión o contened","unit_normalized=None, unit_raw=''","Revisar y mapear a una unidad canonical (ud, m2, m3, ml, kg, t, h, l, %, pa).",warning
unit_rare_or_empty,DIC030c,"Desmontaje de unidad exterior de sistema de aire acondicionado, de 50 kg de peso máximo, con medios manuales, y carga manual sobre camión o contenedor.","unit_normalized=None, unit_raw=''","Revisar y mapear a una unidad canonical (ud, m2, m3, ml, kg, t, h, l, %, pa).",warning
unit_rare_or_empty,DIC040,"Desmontaje de termo eléctrico de 50 kg de peso máximo, con medios manuales, y carga manual sobre camión o contenedor.","unit_normalized=None, unit_raw=''","Revisar y mapear a una unidad canonical (ud, m2, m3, ml, kg, t, h, l, %, pa).",warning
unit_rare_or_empty,DIC040b,"Desmontaje de calentador de agua a gas de 50 kg de peso máximo, con medios manuales, y carga manual sobre camión o contenedor.","unit_normalized=None, unit_raw=''","Revisar y mapear a una unidad canonical (ud, m2, m3, ml, kg, t, h, l, %, pa).",warning
unit_rare_or_empty,DIC115,"Desmontaje de conducto rectangular de lana mineral, montado sobre soportes, con medios manuales, y carga manual sobre camión o contenedor.","unit_normalized=None, unit_raw=''","Revisar y mapear a una unidad canonical (ud, m2, m3, ml, kg, t, h, l, %, pa).",warning
unit_rare_or_empty,DIE060,"Desmontaje de red de instalación eléctrica interior bajo tubo protector, en vivienda de 90 m² de superficie construida; con medios manuales, y carga manual sobre camión o contenedor.","unit_normalized=None, unit_raw=''","Revisar y mapear a una unidad canonical (ud, m2, m3, ml, kg, t, h, l, %, pa).",warning
unit_rare_or_empty,DIF010,"Desmontaje de tubos de acero galvanizado de hasta 1"" de diámetro, en instalación superficial de distribución de agua, con medios manuales, sin deteriorar los elementos constructivos a los que están su","unit_normalized=None, unit_raw=''","Revisar y mapear a una unidad canonical (ud, m2, m3, ml, kg, t, h, l, %, pa).",warning
unit_rare_or_empty,DIF010b,"Desmontaje de tubos de cobre de hasta 1"" de diámetro, en instalación superficial de distribución de agua, con medios manuales, sin deteriorar los elementos constructivos a los que están sujetos, y car","unit_normalized=None, unit_raw=''","Revisar y mapear a una unidad canonical (ud, m2, m3, ml, kg, t, h, l, %, pa).",warning
unit_rare_or_empty,DIF010c,"Desmontaje de tubos de polietileno de hasta 1"" de diámetro, en instalación superficial de distribución de agua, con medios manuales, sin deteriorar los elementos constructivos a los que están sujetos,","unit_normalized=None, unit_raw=''","Revisar y mapear a una unidad canonical (ud, m2, m3, ml, kg, t, h, l, %, pa).",warning
unit_rare_or_empty,DIF050,"Desmontaje de grupo de presión doméstico, con medios manuales y mecánicos, sin afectar a la estabilidad de los elementos constructivos a los que pueda estar sujeto, y carga manual sobre camión o conte","unit_normalized=None, unit_raw=''","Revisar y mapear a una unidad canonical (ud, m2, m3, ml, kg, t, h, l, %, pa).",warning
unit_rare_or_empty,DIF050b,"Desmontaje de grupo de presión industrial con dos bombas, con medios manuales y mecánicos, sin afectar a la estabilidad de los elementos constructivos a los que pueda estar sujeto, y carga manual sobr","unit_normalized=None, unit_raw=''","Revisar y mapear a una unidad canonical (ud, m2, m3, ml, kg, t, h, l, %, pa).",warning
unit_rare_or_empty,DIS010,"Demolición de colector enterrado de 400 mm de diámetro máximo, con medios manuales, y carga manual sobre camión o contenedor.","unit_normalized=None, unit_raw=''","Revisar y mapear a una unidad canonical (ud, m2, m3, ml, kg, t, h, l, %, pa).",warning
unit_rare_or_empty,DIS014,"Demolición de pozo de registro de obra de fábrica, de 80 cm de diámetro, con martillo neumático, sin deteriorar los colectores que pudieran enlazar con el pozo, y carga manual sobre camión o contenedo","unit_normalized=None, unit_raw=''","Revisar y mapear a una unidad canonical (ud, m2, m3, ml, kg, t, h, l, %, pa).",warning
unit_rare_or_empty,DIS020,"Demolición de arqueta de obra de fábrica, de hasta 200 l de capacidad, con medios manuales, sin deteriorar las conducciones que conecten con la arqueta, y carga manual sobre camión o contenedor.","unit_normalized=None, unit_raw=''","Revisar y mapear a una unidad canonical (ud, m2, m3, ml, kg, t, h, l, %, pa).",warning
unit_rare_or_empty,DIS020b,"Demolición de arqueta de obra de fábrica, de 200 a 500 l de capacidad, con medios manuales, sin deteriorar las conducciones que conecten con la arqueta, y carga manual sobre camión o contenedor.","unit_normalized=None, unit_raw=''","Revisar y mapear a una unidad canonical (ud, m2, m3, ml, kg, t, h, l, %, pa).",warning
unit_rare_or_empty,DIS030,"Desmontaje de bajante exterior vista de hasta 250 mm de diámetro máximo, con medios manuales, y carga manual sobre camión o contenedor.","unit_normalized=None, unit_raw=''","Revisar y mapear a una unidad canonical (ud, m2, m3, ml, kg, t, h, l, %, pa).",warning
unit_rare_or_empty,DIS031,"Desmontaje de bajante interior de hasta 200 mm de diámetro máximo, con medios manuales, y carga manual sobre camión o contenedor.","unit_normalized=None, unit_raw=''","Revisar y mapear a una unidad canonical (ud, m2, m3, ml, kg, t, h, l, %, pa).",warning
unit_rare_or_empty,DIS033,"Desmontaje de bajante de fibrocemento con amianto, para una longitud media a desmontar de hasta 5 m, por empresa cualificada e inscrita en el Registro de Empresas con Riesgo al Amianto, con medios y e","unit_normalized=None, unit_raw=''","Revisar y mapear a una unidad canonical (ud, m2, m3, ml, kg, t, h, l, %, pa).",warning
unit_rare_or_empty,DIS033b,"Desmontaje de bajante de fibrocemento con amianto, para una longitud media a desmontar de entre 6 y 10 m, por empresa cualificada e inscrita en el Registro de Empresas con Riesgo al Amianto, con medio","unit_normalized=None, unit_raw=''","Revisar y mapear a una unidad canonical (ud, m2, m3, ml, kg, t, h, l, %, pa).",warning
unit_rare_or_empty,DIS033c,"Desmontaje de bajante de fibrocemento con amianto, para una longitud media a desmontar de entre 11 y 20 m, por empresa cualificada e inscrita en el Registro de Empresas con Riesgo al Amianto, con medi","unit_normalized=None, unit_raw=''","Revisar y mapear a una unidad canonical (ud, m2, m3, ml, kg, t, h, l, %, pa).",warning
unit_rare_or_empty,DIS033d,"Desmontaje de bajante de fibrocemento con amianto, para una longitud media a desmontar de entre 21 y 25 m, por empresa cualificada e inscrita en el Registro de Empresas con Riesgo al Amianto, con medi","unit_normalized=None, unit_raw=''","Revisar y mapear a una unidad canonical (ud, m2, m3, ml, kg, t, h, l, %, pa).",warning
unit_rare_or_empty,DIS040,"Desmontaje de canalón visto de 250 mm de desarrollo máximo, con medios manuales, y carga manual sobre camión o contenedor.","unit_normalized=None, unit_raw=''","Revisar y mapear a una unidad canonical (ud, m2, m3, ml, kg, t, h, l, %, pa).",warning
unit_rare_or_empty,DIS050,"Desmontaje de colector suspendido de hasta 200 mm de diámetro máximo, con medios manuales, y carga manual sobre camión o contenedor.","unit_normalized=None, unit_raw=''","Revisar y mapear a una unidad canonical (ud, m2, m3, ml, kg, t, h, l, %, pa).",warning
unit_rare_or_empty,DIS070,"Demolición de conducto de ventilación de piezas prefabricadas de hormigón, con medios manuales, sin deteriorar los elementos constructivos contiguos, y carga manual sobre camión o contenedor.","unit_normalized=None, unit_raw=''","Revisar y mapear a una unidad canonical (ud, m2, m3, ml, kg, t, h, l, %, pa).",warning
unit_rare_or_empty,DIT010,"Desmontaje de la instalación de un ascensor hidráulico, para 450 kg (6 personas) y 5 paradas, compuesto de puertas interiores, puertas exteriores, ganchos de fijación, lámparas de alumbrado del hueco,","unit_normalized=None, unit_raw=''","Revisar y mapear a una unidad canonical (ud, m2, m3, ml, kg, t, h, l, %, pa).",warning
unit_rare_or_empty,DLC010,"Desmontaje de hoja de carpintería acristalada de cualquier tipo situada en fachada, de menos de 3 m² de superficie, con medios manuales, sin deteriorar los elementos constructivos a los que está sujet","unit_normalized=None, unit_raw=''","Revisar y mapear a una unidad canonical (ud, m2, m3, ml, kg, t, h, l, %, pa).",warning
unit_rare_or_empty,DLC010b,"Desmontaje de hoja de carpintería acristalada de cualquier tipo situada en fachada, de más de 6 m² de superficie, con medios manuales, sin deteriorar los elementos constructivos a los que está sujeta,","unit_normalized=None, unit_raw=''","Revisar y mapear a una unidad canonical (ud, m2, m3, ml, kg, t, h, l, %, pa).",warning
unit_rare_or_empty,DLC010e,"Desmontaje de hoja de carpintería acristalada de cualquier tipo situada en fachada, entre 3 y 6 m² de superficie, con medios manuales, sin deteriorar los elementos constructivos a los que está sujeta,","unit_normalized=None, unit_raw=''","Revisar y mapear a una unidad canonical (ud, m2, m3, ml, kg, t, h, l, %, pa).",warning
unit_rare_or_empty,DLP020,"Desmontaje de hoja de puerta de entrada a vivienda de carpintería de madera, con medios manuales, y carga manual sobre camión o contenedor.","unit_normalized=None, unit_raw=''","Revisar y mapear a una unidad canonical (ud, m2, m3, ml, kg, t, h, l, %, pa).",warning
unit_rare_or_empty,DLP220,"Desmontaje de hoja de puerta interior de carpintería de madera, con medios manuales y carga manual sobre camión o contenedor.","unit_normalized=None, unit_raw=''","Revisar y mapear a una unidad canonical (ud, m2, m3, ml, kg, t, h, l, %, pa).",warning
unit_rare_or_empty,DLP300,"Desmontaje de puerta de garaje enrollable de hasta 5 m² de superficie, con medios manuales, sin deteriorar los elementos constructivos a los que está sujeta, y carga manual sobre camión o contenedor.","unit_normalized=None, unit_raw=''","Revisar y mapear a una unidad canonical (ud, m2, m3, ml, kg, t, h, l, %, pa).",warning
unit_rare_or_empty,DLS020,"Desmontaje de celosía de lamas, con medios manuales, sin deteriorar los elementos constructivos sobre los que se sujeta, y carga manual sobre camión o contenedor.","unit_normalized=None, unit_raw=''","Revisar y mapear a una unidad canonical (ud, m2, m3, ml, kg, t, h, l, %, pa).",warning
unit_rare_or_empty,DLS030,"Desmontaje de persiana mallorquina, con medios manuales, sin deteriorar los elementos constructivos sobre los que se sujeta, y carga manual sobre camión o contenedor.","unit_normalized=None, unit_raw=''","Revisar y mapear a una unidad canonical (ud, m2, m3, ml, kg, t, h, l, %, pa).",warning
unit_rare_or_empty,DMX030,"Demolición de pavimento de aglomerado asfáltico en calzada, con martillo neumático, y carga manual sobre camión o contenedor.","unit_normalized=None, unit_raw=''","Revisar y mapear a una unidad canonical (ud, m2, m3, ml, kg, t, h, l, %, pa).",warning
unit_rare_or_empty,DMX030b,"Demolición de pavimento de aglomerado asfáltico en calzada, mediante retroexcavadora con martillo rompedor, y carga mecánica sobre camión o contenedor.","unit_normalized=None, unit_raw=''","Revisar y mapear a una unidad canonical (ud, m2, m3, ml, kg, t, h, l, %, pa).",warning
unit_rare_or_empty,DMX050,"Demolición de pavimento de baldosas y/o losetas de hormigón panot, con martillo neumático, y carga manual sobre camión o contenedor.","unit_normalized=None, unit_raw=''","Revisar y mapear a una unidad canonical (ud, m2, m3, ml, kg, t, h, l, %, pa).",warning
unit_rare_or_empty,DPS010,"Demolición de entramado autoportante de placas de yeso laminado (una placa por cara) instaladas sobre una estructura simple, con medios manuales, sin afectar a la estabilidad de los elementos construc","unit_normalized=None, unit_raw=''","Revisar y mapear a una unidad canonical (ud, m2, m3, ml, kg, t, h, l, %, pa).",warning
unit_rare_or_empty,DPT015,"Demolición de tabique de fábrica de marés, de 5 cm de espesor, con medios manuales, sin afectar a la estabilidad de los elementos constructivos contiguos, y carga manual sobre camión o contenedor.","unit_normalized=None, unit_raw=''","Revisar y mapear a una unidad canonical (ud, m2, m3, ml, kg, t, h, l, %, pa).",warning
unit_rare_or_empty,DPT020,"Demolición de tabique de fábrica revestida, formada por bloque de hormigón de 10 cm de espesor, con medios manuales, sin afectar a la estabilidad de los elementos constructivos contiguos, y carga manu","unit_normalized=None, unit_raw=''","Revisar y mapear a una unidad canonical (ud, m2, m3, ml, kg, t, h, l, %, pa).",warning
unit_rare_or_empty,DPT020b,"Demolición de tabique de fábrica revestida, formada por ladrillo hueco doble de 7/9 cm de espesor, con medios manuales, sin afectar a la estabilidad de los elementos constructivos contiguos, y carga m","unit_normalized=None, unit_raw=''","Revisar y mapear a una unidad canonical (ud, m2, m3, ml, kg, t, h, l, %, pa).",warning
unit_rare_or_empty,DPT020c,"Demolición de tabique de fábrica revestida, formada por ladrillo hueco triple de 12/15 cm de espesor, con medios manuales, sin afectar a la estabilidad de los elementos constructivos contiguos, y carg","unit_normalized=None, unit_raw=''","Revisar y mapear a una unidad canonical (ud, m2, m3, ml, kg, t, h, l, %, pa).",warning
unit_rare_or_empty,DQA010,"Demolición completa de cubierta plana transitable con pavimento cerámico; con martillo neumático, sin afectar a la estabilidad de los elementos constructivos contiguos, y carga manual sobre camión o c","unit_normalized=None, unit_raw=''","Revisar y mapear a una unidad canonical (ud, m2, m3, ml, kg, t, h, l, %, pa).",warning
unit_rare_or_empty,DQA020,"Demolición completa de cubierta plana transitable, ventilada, con pavimento cerámico; con martillo neumático, sin afectar a la estabilidad de los elementos constructivos contiguos, y carga manual sobr","unit_normalized=None, unit_raw=''","Revisar y mapear a una unidad canonical (ud, m2, m3, ml, kg, t, h, l, %, pa).",warning
unit_rare_or_empty,DQC020,"Desmontaje de cobertura de placas de fibrocemento sin amianto sujeta mecánicamente sobre correa estructural, en cubierta inclinada; con medios manuales y carga manual sobre camión o contenedor.","unit_normalized=None, unit_raw=''","Revisar y mapear a una unidad canonical (ud, m2, m3, ml, kg, t, h, l, %, pa).",warning
unit_rare_or_empty,DQC030,"Desmontaje de cobertura de placas de fibrocemento con amianto, sujeta mecánicamente sobre correa estructural, por empresa cualificada e inscrita en el Registro de Empresas con Riesgo al Amianto, en cu","unit_normalized=None, unit_raw=''","Revisar y mapear a una unidad canonical (ud, m2, m3, ml, kg, t, h, l, %, pa).",warning
unit_rare_or_empty,DQC030b,"Desmontaje de cobertura de placas de fibrocemento con amianto, sujeta mecánicamente sobre correa estructural, por empresa cualificada e inscrita en el Registro de Empresas con Riesgo al Amianto, en cu","unit_normalized=None, unit_raw=''","Revisar y mapear a una unidad canonical (ud, m2, m3, ml, kg, t, h, l, %, pa).",warning
unit_rare_or_empty,DQC030c,"Desmontaje de cobertura de placas de fibrocemento con amianto, sujeta mecánicamente sobre correa estructural, por empresa cualificada e inscrita en el Registro de Empresas con Riesgo al Amianto, en cu","unit_normalized=None, unit_raw=''","Revisar y mapear a una unidad canonical (ud, m2, m3, ml, kg, t, h, l, %, pa).",warning
unit_rare_or_empty,DQC040,"Desmontaje de cobertura de teja cerámica curva, colocada con mortero en cubierta inclinada; con medios manuales y carga manual sobre camión o contenedor.","unit_normalized=None, unit_raw=''","Revisar y mapear a una unidad canonical (ud, m2, m3, ml, kg, t, h, l, %, pa).",warning
unit_rare_or_empty,DQC040c,"Desmontaje de cobertura de teja cerámica curva, colocada con mortero, en cubierta inclinada; con medios manuales y recuperación del 60% del material para su posterior ubicación en otro emplazamiento, ","unit_normalized=None, unit_raw=''","Revisar y mapear a una unidad canonical (ud, m2, m3, ml, kg, t, h, l, %, pa).",warning
unit_rare_or_empty,DRA010,"Demolición de alicatado de azulejo, con medios manuales y carga manual sobre camión o contenedor.","unit_normalized=None, unit_raw=''","Revisar y mapear a una unidad canonical (ud, m2, m3, ml, kg, t, h, l, %, pa).",warning
unit_rare_or_empty,DRC020,"Desmontaje de placas de piedra natural sujetas con anclaje mecánico de pivotes ocultos al paramento de fachada, con medios manuales y recuperación del material para su posterior ubicación en otro empl","unit_normalized=None, unit_raw=''","Revisar y mapear a una unidad canonical (ud, m2, m3, ml, kg, t, h, l, %, pa).",warning
unit_rare_or_empty,DRF010,"Eliminación de enfoscado de cal, aplicado sobre paramento vertical exterior de hasta 3 m de altura, con medios manuales, sin deteriorar la superficie soporte que quedará al descubierto y preparada par","unit_normalized=None, unit_raw=''","Revisar y mapear a una unidad canonical (ud, m2, m3, ml, kg, t, h, l, %, pa).",warning
unit_rare_or_empty,DRF010b,"Eliminación de enfoscado de cemento, aplicado sobre paramento vertical de hasta 3 m de altura, con medios manuales, sin deteriorar la superficie soporte que quedará al descubierto y preparada para su ","unit_normalized=None, unit_raw=''","Revisar y mapear a una unidad canonical (ud, m2, m3, ml, kg, t, h, l, %, pa).",warning
unit_rare_or_empty,DRF011b,"Eliminación de enfoscado de cemento, aplicado sobre paramento horizontal de hasta 3 m de altura, con medios manuales, sin deteriorar la superficie soporte que quedará al descubierto y preparada para s","unit_normalized=None, unit_raw=''","Revisar y mapear a una unidad canonical (ud, m2, m3, ml, kg, t, h, l, %, pa).",warning
unit_rare_or_empty,DRF020,"Eliminación de revestimiento de yeso aplicado sobre paramento horizontal de hasta 3 m de altura, con medios manuales, sin deteriorar la superficie soporte que quedará al descubierto y preparada para s","unit_normalized=None, unit_raw=''","Revisar y mapear a una unidad canonical (ud, m2, m3, ml, kg, t, h, l, %, pa).",warning
unit_rare_or_empty,DRF020b,"Eliminación de revestimiento de yeso aplicado sobre paramento vertical de hasta 3 m de altura, con medios manuales, sin deteriorar la superficie soporte que quedará al descubierto y preparada para su ","unit_normalized=None, unit_raw=''","Revisar y mapear a una unidad canonical (ud, m2, m3, ml, kg, t, h, l, %, pa).",warning
unit_rare_or_empty,DRS010b,"Demolición de pavimento existente de baldosas de terrazo, con medios manuales, sin deteriorar los elementos constructivos contiguos, y carga manual sobre camión o contenedor.","unit_normalized=None, unit_raw=''","Revisar y mapear a una unidad canonical (ud, m2, m3, ml, kg, t, h, l, %, pa).",warning
unit_rare_or_empty,DRS011,"Demolición de rodapié de terrazo, con medios manuales, sin deteriorar los elementos constructivos contiguos, y carga manual sobre camión o contenedor.","unit_normalized=None, unit_raw=''","Revisar y mapear a una unidad canonical (ud, m2, m3, ml, kg, t, h, l, %, pa).",warning
unit_rare_or_empty,DRS020,"Demolición de pavimento existente de baldosas cerámicas, con medios manuales, sin deteriorar los elementos constructivos contiguos, y carga manual sobre camión o contenedor.","unit_normalized=None, unit_raw=''","Revisar y mapear a una unidad canonical (ud, m2, m3, ml, kg, t, h, l, %, pa).",warning
unit_rare_or_empty,DRS021,"Demolición de rodapié cerámico, con medios manuales, sin deteriorar los elementos constructivos contiguos, y carga manual sobre camión o contenedor.","unit_normalized=None, unit_raw=''","Revisar y mapear a una unidad canonical (ud, m2, m3, ml, kg, t, h, l, %, pa).",warning
unit_rare_or_empty,DRS030,"Demolición de pavimento existente de baldosas de piedra natural, con medios manuales, sin deteriorar los elementos constructivos contiguos, y carga manual sobre camión o contenedor.","unit_normalized=None, unit_raw=''","Revisar y mapear a una unidad canonical (ud, m2, m3, ml, kg, t, h, l, %, pa).",warning
unit_rare_or_empty,DRS040,"Levantado de pavimento existente de entarimado tradicional de tablas de madera maciza, colocadas sobre rastreles de madera, con medios manuales, sin deteriorar los elementos constructivos contiguos, y","unit_normalized=None, unit_raw=''","Revisar y mapear a una unidad canonical (ud, m2, m3, ml, kg, t, h, l, %, pa).",warning
unit_rare_or_empty,DRS041,"Levantado de rodapié de madera, con medios manuales, sin deteriorar los elementos constructivos contiguos, y carga manual sobre camión o contenedor.","unit_normalized=None, unit_raw=''","Revisar y mapear a una unidad canonical (ud, m2, m3, ml, kg, t, h, l, %, pa).",warning
unit_rare_or_empty,DRS050,"Levantado de pavimento laminado existente de lamas ensambladas sin cola, tipo 'Clic', con medios manuales, sin deteriorar los elementos constructivos contiguos, y carga manual sobre camión o contenedo","unit_normalized=None, unit_raw=''","Revisar y mapear a una unidad canonical (ud, m2, m3, ml, kg, t, h, l, %, pa).",warning
unit_rare_or_empty,DRS070,"Demolición de pavimento continuo de hormigón en masa de 5 cm de espesor, con martillo neumático, sin deteriorar los elementos constructivos contiguos, y carga manual sobre camión o contenedor.","unit_normalized=None, unit_raw=''","Revisar y mapear a una unidad canonical (ud, m2, m3, ml, kg, t, h, l, %, pa).",warning
unit_rare_or_empty,DRS070b,"Demolición de pavimento continuo de hormigón en masa de 10 cm de espesor, con martillo neumático, sin deteriorar los elementos constructivos contiguos, y carga manual sobre camión o contenedor.","unit_normalized=None, unit_raw=''","Revisar y mapear a una unidad canonical (ud, m2, m3, ml, kg, t, h, l, %, pa).",warning
unit_rare_or_empty,DRS070c,"Demolición de pavimento continuo de hormigón armado de 15 cm de espesor, con martillo neumático y equipo de oxicorte, sin deteriorar los elementos constructivos contiguos, y carga manual sobre camión ","unit_normalized=None, unit_raw=''","Revisar y mapear a una unidad canonical (ud, m2, m3, ml, kg, t, h, l, %, pa).",warning
unit_rare_or_empty,DRS090,"Desmontaje de suelo técnico registrable formado por baldosas apoyadas sobre soportes regulables, con medios manuales, y carga manual sobre camión o contenedor.","unit_normalized=None, unit_raw=''","Revisar y mapear a una unidad canonical (ud, m2, m3, ml, kg, t, h, l, %, pa).",warning
unit_rare_or_empty,DRT010,"Demolición de cielo raso de cañizo enlucido con yeso con medios manuales, sin deteriorar los elementos constructivos contiguos, y carga manual sobre camión o contenedor.","unit_normalized=None, unit_raw=''","Revisar y mapear a una unidad canonical (ud, m2, m3, ml, kg, t, h, l, %, pa).",warning
unit_rare_or_empty,DRT020,"Demolición de falso techo continuo de placas de yeso o de escayola con medios manuales, sin deteriorar los elementos constructivos contiguos, y carga manual sobre camión o contenedor.","unit_normalized=None, unit_raw=''","Revisar y mapear a una unidad canonical (ud, m2, m3, ml, kg, t, h, l, %, pa).",warning
unit_rare_or_empty,DSC010,"Desmontaje de fregadero de acero inoxidable de 2 cubetas y escurridor, con medios manuales, sin afectar a la estabilidad de los elementos constructivos a los que pueda estar sujeto, y carga manual sob","unit_normalized=None, unit_raw=''","Revisar y mapear a una unidad canonical (ud, m2, m3, ml, kg, t, h, l, %, pa).",warning
unit_rare_or_empty,DSC020,"Desmontaje de conjunto de mobiliario de cocina, con medios manuales, sin afectar a la estabilidad de los elementos resistentes a los que puedan estar unidos, y carga manual sobre camión o contenedor.","unit_normalized=None, unit_raw=''","Revisar y mapear a una unidad canonical (ud, m2, m3, ml, kg, t, h, l, %, pa).",warning
unit_rare_or_empty,DSC030,"Desmontaje de encimera de piedra natural, con medios manuales, sin afectar a la estabilidad de los elementos constructivos a los que pueda estar sujeta, y carga manual sobre camión o contenedor.","unit_normalized=None, unit_raw=''","Revisar y mapear a una unidad canonical (ud, m2, m3, ml, kg, t, h, l, %, pa).",warning
unit_rare_or_empty,DSM010,"Desmontaje de bañera de acero, con medios manuales, sin afectar a la estabilidad de los elementos constructivos a los que pueda estar sujeta, y carga manual sobre camión o contenedor.","unit_normalized=None, unit_raw=''","Revisar y mapear a una unidad canonical (ud, m2, m3, ml, kg, t, h, l, %, pa).",warning
unit_rare_or_empty,DSM010b,"Desmontaje de plato de ducha de porcelana sanitaria, con medios manuales, sin afectar a la estabilidad de los elementos constructivos a los que pueda estar sujeto, y carga manual sobre camión o conten","unit_normalized=None, unit_raw=''","Revisar y mapear a una unidad canonical (ud, m2, m3, ml, kg, t, h, l, %, pa).",warning
unit_rare_or_empty,DSM010c,"Desmontaje de inodoro con tanque bajo, con medios manuales, sin afectar a la estabilidad de los elementos constructivos a los que pueda estar sujeto, y carga manual sobre camión o contenedor.","unit_normalized=None, unit_raw=''","Revisar y mapear a una unidad canonical (ud, m2, m3, ml, kg, t, h, l, %, pa).",warning
unit_rare_or_empty,DSM010d,"Desmontaje de bidé monobloque, con medios manuales, sin afectar a la estabilidad de los elementos constructivos a los que pueda estar sujeto, y carga manual sobre camión o contenedor.","unit_normalized=None, unit_raw=''","Revisar y mapear a una unidad canonical (ud, m2, m3, ml, kg, t, h, l, %, pa).",warning
unit_rare_or_empty,EAE010,"Suministro y montaje de acero laminado UNE-EN 10025 S275JR, en perfiles laminados en caliente, piezas simples de las series IPN, IPE, UPN, HEA, HEB o HEM, para estructura de escalera compuesta de zanc","unit_normalized=None, unit_raw=''","Revisar y mapear a una unidad canonical (ud, m2, m3, ml, kg, t, h, l, %, pa).",warning
unit_rare_or_empty,EAF010,"Forjado de 25 = 20+5 cm de canto, compuesto de: viguetas de acero laminado en caliente UNE-EN 10025 S275JR, en perfiles simples, IPE 160; bovedilla de hormigón modelo Hourdis, 60x20x20 cm, fabricada c","unit_normalized=None, unit_raw=''","Revisar y mapear a una unidad canonical (ud, m2, m3, ml, kg, t, h, l, %, pa).",warning
unit_rare_or_empty,EAF010b,"Forjado de 25 = 20+5 cm de canto, compuesto de: viguetas de acero laminado en caliente UNE-EN 10025 S275JR, en perfiles simples, IPE 160; bovedilla mecanizada de poliestireno expandido, 60x50x20 cm, p","unit_normalized=None, unit_raw=''","Revisar y mapear a una unidad canonical (ud, m2, m3, ml, kg, t, h, l, %, pa).",warning
unit_rare_or_empty,EAF010c,"Forjado de 25 = 20+5 cm de canto, compuesto de: viguetas de acero laminado en caliente UNE-EN 10025 S275JR, en perfiles simples, IPE 100; bovedilla de hormigón modelo Hourdis, 60x20x20 cm, fabricada c","unit_normalized=None, unit_raw=''","Revisar y mapear a una unidad canonical (ud, m2, m3, ml, kg, t, h, l, %, pa).",warning
unit_rare_or_empty,EAF010d,"Forjado de 25 = 20+5 cm de canto, compuesto de: viguetas de acero laminado en caliente UNE-EN 10025 S275JR, en perfiles simples, IPE 100; bovedilla mecanizada de poliestireno expandido, 60x50x20 cm, p","unit_normalized=None, unit_raw=''","Revisar y mapear a una unidad canonical (ud, m2, m3, ml, kg, t, h, l, %, pa).",warning
unit_rare_or_empty,EAS005,"Suministro y montaje de placa de anclaje de acero UNE-EN 10025 S275JR en perfil plano, de 250x250 mm y espesor 12 mm, con 4 pernos soldados, de acero corrugado UNE-EN 10080 B 500 S de 12 mm de diámetr","unit_normalized=None, unit_raw=''","Revisar y mapear a una unidad canonical (ud, m2, m3, ml, kg, t, h, l, %, pa).",warning
unit_rare_or_empty,EAS005b,"Suministro y montaje de placa de anclaje de acero UNE-EN 10025 S275JR en perfil plano, de 300x300 mm y espesor 12 mm, con 4 pernos soldados, de acero corrugado UNE-EN 10080 B 500 S de 16 mm de diámetr","unit_normalized=None, unit_raw=''","Revisar y mapear a una unidad canonical (ud, m2, m3, ml, kg, t, h, l, %, pa).",warning
unit_rare_or_empty,EAS005c,"Suministro y montaje de placa de anclaje de acero UNE-EN 10025 S275JR en perfil plano, de 350x350 mm y espesor 12 mm, con 6 pernos soldados, de acero corrugado UNE-EN 10080 B 500 S de 12 mm de diámetr","unit_normalized=None, unit_raw=''","Revisar y mapear a una unidad canonical (ud, m2, m3, ml, kg, t, h, l, %, pa).",warning
unit_rare_or_empty,EAS010,"Suministro y montaje de acero laminado UNE-EN 10025 S275JR, en perfiles laminados en caliente, piezas simples de las series IPN, IPE, UPN, HEA, HEB o HEM, para pilares, mediante uniones soldadas. Trab","unit_normalized=None, unit_raw=''","Revisar y mapear a una unidad canonical (ud, m2, m3, ml, kg, t, h, l, %, pa).",warning
unit_rare_or_empty,EAS010c,"Suministro y montaje de acero laminado UNE-EN 10025 S275JR, en perfiles laminados en caliente, piezas empresilladas de las series IPN, IPE, UPN, HEA, HEB o HEM, para pilares, mediante uniones soldadas","unit_normalized=None, unit_raw=''","Revisar y mapear a una unidad canonical (ud, m2, m3, ml, kg, t, h, l, %, pa).",warning
unit_rare_or_empty,EAV010,"Suministro y montaje de acero laminado UNE-EN 10025 S275JR, en perfiles laminados en caliente, piezas simples de las series IPN, IPE, UPN, HEA, HEB o HEM, para vigas y correas, mediante uniones soldad","unit_normalized=None, unit_raw=''","Revisar y mapear a una unidad canonical (ud, m2, m3, ml, kg, t, h, l, %, pa).",warning
unit_rare_or_empty,EAV010b,"Suministro y montaje de acero laminado UNE-EN 10025 S275JR, en perfiles laminados en caliente, piezas compuestas de las series IPN, IPE, UPN, HEA, HEB o HEM, para vigas y correas, mediante uniones sol","unit_normalized=None, unit_raw=''","Revisar y mapear a una unidad canonical (ud, m2, m3, ml, kg, t, h, l, %, pa).",warning
unit_rare_or_empty,ECM010b,"Ejecución de muro de mampostería ordinaria a dos caras vistas, fabricada con mampuestos irregulares en basto, de piedra caliza, con sus caras sin labrar, colocados en seco, en muros de espesor variabl","unit_normalized=None, unit_raw=''","Revisar y mapear a una unidad canonical (ud, m2, m3, ml, kg, t, h, l, %, pa).",warning
unit_rare_or_empty,ECM010c,"Ejecución de forro de mampostería ordinaria a una cara vista, fabricada con mampuestos irregulares en basto, de piedra caliza, con sus caras sin labrar, colocados en seco, de 20 cm de espesor medio. I","unit_normalized=None, unit_raw=''","Revisar y mapear a una unidad canonical (ud, m2, m3, ml, kg, t, h, l, %, pa).",warning
unit_rare_or_empty,ECP010,"Suministro y colocación de columna de piedra Petra, con fuste de sección cuadrada, de 35x35 cm, 230 cm de altura, con hueco central para fijación sobre espera de acero. Incluso nivelación y aplomado, ","unit_normalized=None, unit_raw=''","Revisar y mapear a una unidad canonical (ud, m2, m3, ml, kg, t, h, l, %, pa).",warning
unit_rare_or_empty,ECP010b,"Suministro y colocación de columna de piedra Felanitx, con basa, fuste y capitel de sección cuadrada, de 38x38 cm, 230 cm de altura, con hueco central para fijación sobre espera de acero. Incluso nive","unit_normalized=None, unit_raw=''","Revisar y mapear a una unidad canonical (ud, m2, m3, ml, kg, t, h, l, %, pa).",warning
unit_rare_or_empty,ECP010c,"Suministro y colocación de columna de piedra Santanyí comercial, con basa, fuste y capitel de sección cuadrada, de 38x38 cm, 230 cm de altura, con hueco central para fijación sobre espera de acero. In","unit_normalized=None, unit_raw=''","Revisar y mapear a una unidad canonical (ud, m2, m3, ml, kg, t, h, l, %, pa).",warning
unit_rare_or_empty,ECP011,"Suministro y colocación de forro de pilar (no incluído en partida) con piezas prefabricadas de hormigón imitación marés de Santanyí de 40x40x4 cm, con fuste de sección cuadrada biselada, de 40x40 cm, ","unit_normalized=None, unit_raw=''","Revisar y mapear a una unidad canonical (ud, m2, m3, ml, kg, t, h, l, %, pa).",warning
unit_rare_or_empty,ECS010b,"Suministro y colocación de albardilla de piedra Santanyí comercial, con doble goterón, de 25 cm de anchura y 3 cm de espesor, recibida con mortero de cemento, con aditivo hidrófugo, M-10, y cemento co","unit_normalized=None, unit_raw=''","Revisar y mapear a una unidad canonical (ud, m2, m3, ml, kg, t, h, l, %, pa).",warning
unit_rare_or_empty,ECS010d,"Suministro y colocación de albardilla con molduras clásicas, de piedra Santanyí comercial, con goterón, de 40 cm de anchura y 3 cm de espesor, recibida con mortero de cemento, con aditivo hidrófugo, M","unit_normalized=None, unit_raw=''","Revisar y mapear a una unidad canonical (ud, m2, m3, ml, kg, t, h, l, %, pa).",warning
unit_rare_or_empty,ECS040,"Suministro y colocación de fiola de piedra de Santanyí comercial de sección rectangular labrada, con goterón, de 25x3 cm, recibida con mortero de cemento, con aditivo hidrófugo, M-10, y cemento cola. ","unit_normalized=None, unit_raw=''","Revisar y mapear a una unidad canonical (ud, m2, m3, ml, kg, t, h, l, %, pa).",warning
unit_rare_or_empty,ECS045,"Suministro y colocación de umbral de piedra Binissalem de sección rectangular labrada, con canto apomazado, de 25x3 cm, recibida con mortero de cemento, con aditivo hidrófugo, M-10, y cemento cola. In","unit_normalized=None, unit_raw=''","Revisar y mapear a una unidad canonical (ud, m2, m3, ml, kg, t, h, l, %, pa).",warning
unit_rare_or_empty,ECS050b,"Suministro y colocación de cornisa simple de piedra Petra labrada, de 35 cm de anchura y 5 cm de altura, recibida con mortero de cemento, con aditivo hidrófugo, M-10, y cemento cola. Incluso nivelació","unit_normalized=None, unit_raw=''","Revisar y mapear a una unidad canonical (ud, m2, m3, ml, kg, t, h, l, %, pa).",warning
unit_rare_or_empty,ECS050c,"Suministro y colocación de cornisa pecho de paloma de piedra Porreres labrada, de 45 cm de anchura y 4+22 cm de altura, recibida con mortero de cemento, con aditivo hidrófugo, M-10, y cemento cola. In","unit_normalized=None, unit_raw=''","Revisar y mapear a una unidad canonical (ud, m2, m3, ml, kg, t, h, l, %, pa).",warning
unit_rare_or_empty,ECS050d,"Suministro y colocación de cornisa pecho de paloma recto de piedra Santanyí comercial labrada, de 40 cm de anchura y 4+17 cm de altura, recibida con mortero de cemento, con aditivo hidrófugo, M-10, y ","unit_normalized=None, unit_raw=''","Revisar y mapear a una unidad canonical (ud, m2, m3, ml, kg, t, h, l, %, pa).",warning
unit_rare_or_empty,ECS050e,"Suministro y colocación de cornisa doble de piedra Galdent labrada, de 40 cm de anchura y 4+8 cm de altura, recibida con mortero de cemento, con aditivo hidrófugo, M-10, y cemento cola. Incluso nivela","unit_normalized=None, unit_raw=''","Revisar y mapear a una unidad canonical (ud, m2, m3, ml, kg, t, h, l, %, pa).",warning
unit_rare_or_empty,ECS050h,"Suministro y colocación de cornisa simple de piedra Santanyí comercial labrada, de 35 cm de anchura y 5 cm de altura, recibida con mortero de cemento, con aditivo hidrófugo, M-10, y cemento cola. Incl","unit_normalized=None, unit_raw=''","Revisar y mapear a una unidad canonical (ud, m2, m3, ml, kg, t, h, l, %, pa).",warning
unit_rare_or_empty,EHE010,"Losa de escalera de hormigón armado de 15 cm de espesor, realizada con hormigón HA-30/F/20/XC3 fabricado en central, y vertido con cubilote, y acero UNE-EN 10080 B 500 S, con una cuantía aproximada de","unit_normalized=None, unit_raw=''","Revisar y mapear a una unidad canonical (ud, m2, m3, ml, kg, t, h, l, %, pa).",warning
unit_rare_or_empty,EHE010c,"Losa de escalera de hormigón armado de 15 cm de espesor, con peldañeado de hormigón, realizada con hormigón HA-30/F/20/XC3 fabricado en central, y vertido con cubilote, y acero UNE-EN 10080 B 500 S, c","unit_normalized=None, unit_raw=''","Revisar y mapear a una unidad canonical (ud, m2, m3, ml, kg, t, h, l, %, pa).",warning
unit_rare_or_empty,EHE010d,"Losa de escalera de hormigón armado de 15 cm de espesor, realizada con hormigón HA-25/F/20/XC2 fabricado en central, y vertido con cubilote, y acero UNE-EN 10080 B 500 S, con una cuantía aproximada de","unit_normalized=None, unit_raw=''","Revisar y mapear a una unidad canonical (ud, m2, m3, ml, kg, t, h, l, %, pa).",warning
unit_rare_or_empty,EHE010e,"Losa de escalera de hormigón armado de 15 cm de espesor, con peldañeado de hormigón, realizada con hormigón HA-25/F/20/XC2 fabricado en central, y vertido con cubilote, y acero UNE-EN 10080 B 500 S, c","unit_normalized=None, unit_raw=''","Revisar y mapear a una unidad canonical (ud, m2, m3, ml, kg, t, h, l, %, pa).",warning
unit_rare_or_empty,EHE020,"Escalera de hormigón visto, con losa de escalera y peldañeado de hormigón armado, realizada con 15 cm de espesor de hormigón HA-30/F/20/XC3 fabricado en central, y vertido con cubilote, y acero UNE-EN","unit_normalized=None, unit_raw=''","Revisar y mapear a una unidad canonical (ud, m2, m3, ml, kg, t, h, l, %, pa).",warning
unit_rare_or_empty,EHE020c,"Escalera de hormigón visto, con losa de escalera y peldañeado de hormigón armado, realizada con 15 cm de espesor de hormigón HA-25/F/20/XC2 fabricado en central, y vertido con cubilote, y acero UNE-EN","unit_normalized=None, unit_raw=''","Revisar y mapear a una unidad canonical (ud, m2, m3, ml, kg, t, h, l, %, pa).",warning
unit_rare_or_empty,EHL010,"Losa maciza de hormigón armado, horizontal, con altura libre de planta de hasta 3 m, canto 25 cm, realizada con hormigón HA-25/F/20/XC2 fabricado en central, y vertido con cubilote, y acero UNE-EN 100","unit_normalized=None, unit_raw=''","Revisar y mapear a una unidad canonical (ud, m2, m3, ml, kg, t, h, l, %, pa).",warning
unit_rare_or_empty,EHL010b,"Losa maciza de hormigón armado, horizontal, con altura libre de planta de hasta 3 m, canto 30 cm, realizada con hormigón HA-25/F/20/XC2 fabricado en central, y vertido con cubilote, y acero UNE-EN 100","unit_normalized=None, unit_raw=''","Revisar y mapear a una unidad canonical (ud, m2, m3, ml, kg, t, h, l, %, pa).",warning
unit_rare_or_empty,EHL010d,"Losa maciza de hormigón armado, horizontal, con altura libre de planta de hasta 3 m, canto 25 cm, realizada con hormigón HA-25/F/20/XC2 fabricado en central, y vertido con cubilote, y acero UNE-EN 100","unit_normalized=None, unit_raw=''","Revisar y mapear a una unidad canonical (ud, m2, m3, ml, kg, t, h, l, %, pa).",warning
unit_rare_or_empty,EHL010e,"Losa maciza de hormigón armado, horizontal, con altura libre de planta de hasta 3 m, canto 20 cm, realizada con hormigón HA-25/F/20/XC2 fabricado en central, y vertido con cubilote, y acero UNE-EN 100","unit_normalized=None, unit_raw=''","Revisar y mapear a una unidad canonical (ud, m2, m3, ml, kg, t, h, l, %, pa).",warning
unit_rare_or_empty,EHM010,"Muro de hormigón armado, realizado con hormigón HA-25/F/20/XC2 fabricado en central, y vertido con cubilote, y acero UNE-EN 10080 B 500 S, con una cuantía aproximada de 50 kg/m³. Incluso alambre de at","unit_normalized=None, unit_raw=''","Revisar y mapear a una unidad canonical (ud, m2, m3, ml, kg, t, h, l, %, pa).",warning
unit_rare_or_empty,EHM010b,"Muro de hormigón armado, realizado con hormigón HA-30/F/20/XC2 fabricado en central, y vertido con cubilote, y acero UNE-EN 10080 B 500 S, con una cuantía aproximada de 50 kg/m³. Incluso alambre de at","unit_normalized=None, unit_raw=''","Revisar y mapear a una unidad canonical (ud, m2, m3, ml, kg, t, h, l, %, pa).",warning
unit_rare_or_empty,EHM011,"Montaje y desmontaje en una cara del muro, de sistema de encofrado a dos caras con acabado tipo industrial para revestir, realizado con paneles metálicos modulares para formación de muro de hormigón a","unit_normalized=None, unit_raw=''","Revisar y mapear a una unidad canonical (ud, m2, m3, ml, kg, t, h, l, %, pa).",warning
unit_rare_or_empty,EHM011b,"Montaje y desmontaje en una cara del muro, de sistema de encofrado a dos caras con acabado visto con textura lisa, realizado con tablero contrachapado fenólico con bastidor metálico para formación de ","unit_normalized=None, unit_raw=''","Revisar y mapear a una unidad canonical (ud, m2, m3, ml, kg, t, h, l, %, pa).",warning
unit_rare_or_empty,EHN010,"Pantalla de hormigón armado, 2C, de hasta 3 m de altura, de 30 cm de espesor medio, realizada con hormigón HA-30/F/20/XC3 fabricado en central, y vertido con cubilote, y acero UNE-EN 10080 B 500 S, co","unit_normalized=None, unit_raw=''","Revisar y mapear a una unidad canonical (ud, m2, m3, ml, kg, t, h, l, %, pa).",warning
unit_rare_or_empty,EHN010b,"Pantalla de hormigón armado, 2C, de hasta 3 m de altura, de 30 cm de espesor medio, realizada con hormigón HA-25/F/20/XC2 fabricado en central, y vertido con cubilote, y acero UNE-EN 10080 B 500 S, co","unit_normalized=None, unit_raw=''","Revisar y mapear a una unidad canonical (ud, m2, m3, ml, kg, t, h, l, %, pa).",warning
unit_rare_or_empty,EHR010,"Forjado reticular de hormigón armado con casetón perdido, horizontal, con 15% de zonas macizas, con altura libre de planta de hasta 3 m, canto total 27 = 22+5 cm, realizado con hormigón HA-25/F/20/XC2","unit_normalized=None, unit_raw=''","Revisar y mapear a una unidad canonical (ud, m2, m3, ml, kg, t, h, l, %, pa).",warning
unit_rare_or_empty,EHR010b,"Forjado reticular de hormigón armado con casetón perdido, horizontal, con 15% de zonas macizas, con altura libre de planta de hasta 3 m, canto total 30 = 25+5 cm, realizado con hormigón HA-25/F/20/XC2","unit_normalized=None, unit_raw=''","Revisar y mapear a una unidad canonical (ud, m2, m3, ml, kg, t, h, l, %, pa).",warning
unit_rare_or_empty,EHR010d,"Forjado reticular de hormigón armado con casetón perdido, horizontal, con 15% de zonas macizas, con altura libre de planta de hasta 3 m, canto total 25 = 20+5 cm, realizado con hormigón HA-25/F/20/XC2","unit_normalized=None, unit_raw=''","Revisar y mapear a una unidad canonical (ud, m2, m3, ml, kg, t, h, l, %, pa).",warning
unit_rare_or_empty,EHR015b,"Forjado reticular de hormigón armado con casetón recuperable, horizontal, con 15% de zonas macizas, con altura libre de planta de hasta 3 m, canto total 30 = 25+5 cm, realizado con hormigón HA-25/F/20","unit_normalized=None, unit_raw=''","Revisar y mapear a una unidad canonical (ud, m2, m3, ml, kg, t, h, l, %, pa).",warning
unit_rare_or_empty,EHS010,"Pilar de sección rectangular o cuadrada de hormigón armado, de 30x30 cm de sección media, realizado con hormigón HA-30/F/20/XC3 fabricado en central, y vertido con cubilote, y acero UNE-EN 10080 B 500","unit_normalized=None, unit_raw=''","Revisar y mapear a una unidad canonical (ud, m2, m3, ml, kg, t, h, l, %, pa).",warning
unit_rare_or_empty,EHS010c,"Pilar de sección rectangular o cuadrada de hormigón armado, de 30x30 cm de sección media, realizado con hormigón HA-25/F/20/XC2 fabricado en central, y vertido con cubilote, y acero UNE-EN 10080 B 500","unit_normalized=None, unit_raw=''","Revisar y mapear a una unidad canonical (ud, m2, m3, ml, kg, t, h, l, %, pa).",warning
unit_rare_or_empty,EHS011,"Pilar de sección circular de hormigón armado, de 30 cm de diámetro medio, realizado con hormigón HA-30/F/20/XC3 fabricado en central, y vertido con cubilote, y acero UNE-EN 10080 B 500 S, con una cuan","unit_normalized=None, unit_raw=''","Revisar y mapear a una unidad canonical (ud, m2, m3, ml, kg, t, h, l, %, pa).",warning
unit_rare_or_empty,EHS011c,"Pilar de sección circular de hormigón armado, de 30 cm de diámetro medio, realizado con hormigón HA-25/F/20/XC2 fabricado en central, y vertido con cubilote, y acero UNE-EN 10080 B 500 S, con una cuan","unit_normalized=None, unit_raw=''","Revisar y mapear a una unidad canonical (ud, m2, m3, ml, kg, t, h, l, %, pa).",warning
unit_rare_or_empty,EHU010,"Estructura de hormigón armado, realizada con hormigón HA-25/F/20/XC2 fabricado en central, y vertido con cubilote, con un volumen total de hormigón en forjado y vigas de 0,128 m³/m², y acero UNE-EN 10","unit_normalized=None, unit_raw=''","Revisar y mapear a una unidad canonical (ud, m2, m3, ml, kg, t, h, l, %, pa).",warning
unit_rare_or_empty,EHU010b,"Estructura de hormigón armado, realizada con hormigón HA-25/F/20/XC2 fabricado en central, y vertido con cubilote, con un volumen total de hormigón en forjado y vigas de 0,14 m³/m², y acero UNE-EN 100","unit_normalized=None, unit_raw=''","Revisar y mapear a una unidad canonical (ud, m2, m3, ml, kg, t, h, l, %, pa).",warning
unit_rare_or_empty,EHU010c,"Estructura de hormigón armado, realizada con hormigón HA-25/F/20/XC2 fabricado en central, y vertido con cubilote, con un volumen total de hormigón en forjado y vigas de 0,155 m³/m², y acero UNE-EN 10","unit_normalized=None, unit_raw=''","Revisar y mapear a una unidad canonical (ud, m2, m3, ml, kg, t, h, l, %, pa).",warning
unit_rare_or_empty,EHU010d,"Estructura de hormigón armado, realizada con hormigón HA-25/F/20/XC2 fabricado en central, y vertido con cubilote, con un volumen total de hormigón en forjado y vigas de 0,133 m³/m², y acero UNE-EN 10","unit_normalized=None, unit_raw=''","Revisar y mapear a una unidad canonical (ud, m2, m3, ml, kg, t, h, l, %, pa).",warning
unit_rare_or_empty,EHU010e,"Estructura de hormigón armado, realizada con hormigón HA-25/F/20/XC2 fabricado en central, y vertido con cubilote, con un volumen total de hormigón en forjado y vigas de 0,138 m³/m², y acero UNE-EN 10","unit_normalized=None, unit_raw=''","Revisar y mapear a una unidad canonical (ud, m2, m3, ml, kg, t, h, l, %, pa).",warning
unit_rare_or_empty,EHU010f,"Estructura de hormigón armado, realizada con hormigón HA-25/F/20/XC2 fabricado en central, y vertido con cubilote, con un volumen total de hormigón en forjado y vigas de 0,146 m³/m², y acero UNE-EN 10","unit_normalized=None, unit_raw=''","Revisar y mapear a una unidad canonical (ud, m2, m3, ml, kg, t, h, l, %, pa).",warning
unit_rare_or_empty,EHU010g,"Estructura de hormigón armado, realizada con hormigón HA-25/F/20/XC2 fabricado en central, y vertido con cubilote, con un volumen total de hormigón en forjado y vigas de 0,172 m³/m², y acero UNE-EN 10","unit_normalized=None, unit_raw=''","Revisar y mapear a una unidad canonical (ud, m2, m3, ml, kg, t, h, l, %, pa).",warning
unit_rare_or_empty,EHU010h,"Estructura de hormigón armado, realizada con hormigón HA-25/F/20/XC2 fabricado en central, y vertido con cubilote, con un volumen total de hormigón en forjado y vigas de 0,144 m³/m², y acero UNE-EN 10","unit_normalized=None, unit_raw=''","Revisar y mapear a una unidad canonical (ud, m2, m3, ml, kg, t, h, l, %, pa).",warning
unit_rare_or_empty,EHU010i,"Estructura de hormigón armado, realizada con hormigón HA-25/F/20/XC2 fabricado en central, y vertido con cubilote, con un volumen total de hormigón en forjado y vigas de 0,131 m³/m², y acero UNE-EN 10","unit_normalized=None, unit_raw=''","Revisar y mapear a una unidad canonical (ud, m2, m3, ml, kg, t, h, l, %, pa).",warning
unit_rare_or_empty,EHU010j,"Estructura de hormigón armado, realizada con hormigón HA-25/F/20/XC2 fabricado en central, y vertido con cubilote, con un volumen total de hormigón en forjado y vigas de 0,136 m³/m², y acero UNE-EN 10","unit_normalized=None, unit_raw=''","Revisar y mapear a una unidad canonical (ud, m2, m3, ml, kg, t, h, l, %, pa).",warning
unit_rare_or_empty,EHU010k,"Estructura de hormigón armado, realizada con hormigón HA-25/F/20/XC2 fabricado en central, y vertido con cubilote, con un volumen total de hormigón en forjado y vigas de 0,143 m³/m², y acero UNE-EN 10","unit_normalized=None, unit_raw=''","Revisar y mapear a una unidad canonical (ud, m2, m3, ml, kg, t, h, l, %, pa).",warning
unit_rare_or_empty,EHU010l,"Estructura de hormigón armado, realizada con hormigón HA-25/F/20/XC2 fabricado en central, y vertido con cubilote, con un volumen total de hormigón en forjado y vigas de 0,161 m³/m², y acero UNE-EN 10","unit_normalized=None, unit_raw=''","Revisar y mapear a una unidad canonical (ud, m2, m3, ml, kg, t, h, l, %, pa).",warning
unit_rare_or_empty,EHU026,"Forjado unidireccional de hormigón armado, con vigueta vista, horizontal, con altura libre de planta de hasta 3 m, canto 28 cm, realizado con hormigón HA-25/F/20/XC2 fabricado en central, y vertido co","unit_normalized=None, unit_raw=''","Revisar y mapear a una unidad canonical (ud, m2, m3, ml, kg, t, h, l, %, pa).",warning
unit_rare_or_empty,EHU026c,"Forjado unidireccional de hormigón armado, con vigueta vista, horizontal, con altura libre de planta de hasta 3 m, canto 28 cm, realizado con hormigón HA-25/F/20/XC2 fabricado en central, y vertido co","unit_normalized=None, unit_raw=''","Revisar y mapear a una unidad canonical (ud, m2, m3, ml, kg, t, h, l, %, pa).",warning
unit_rare_or_empty,EHV010,"Viga descolgada, recta, de hormigón armado, de 30x40 cm, realizada con hormigón HA-30/F/20/XC3 fabricado en central, y vertido con cubilote, y acero UNE-EN 10080 B 500 S, con una cuantía aproximada de","unit_normalized=None, unit_raw=''","Revisar y mapear a una unidad canonical (ud, m2, m3, ml, kg, t, h, l, %, pa).",warning
unit_rare_or_empty,EHV010c,"Viga descolgada, recta, de hormigón armado, de 30x40 cm, realizada con hormigón HA-25/F/20/XC2 fabricado en central, y vertido con cubilote, y acero UNE-EN 10080 B 500 S, con una cuantía aproximada de","unit_normalized=None, unit_raw=''","Revisar y mapear a una unidad canonical (ud, m2, m3, ml, kg, t, h, l, %, pa).",warning
unit_rare_or_empty,EHV020,"Zuncho de apoyo de forjado de hormigón armado, realizado con hormigón HA-25/F/20/XC2 fabricado en central, y vertido con cubilote, y acero UNE-EN 10080 B 500 S, con una cuantía aproximada de 105 kg/m³","unit_normalized=None, unit_raw=''","Revisar y mapear a una unidad canonical (ud, m2, m3, ml, kg, t, h, l, %, pa).",warning
unit_rare_or_empty,EHV020b,"Zuncho de borde de forjado de hormigón armado, realizado con hormigón HA-25/F/20/XC2 fabricado en central, y vertido con cubilote, y acero UNE-EN 10080 B 500 S, con una cuantía aproximada de 105 kg/m³","unit_normalized=None, unit_raw=''","Revisar y mapear a una unidad canonical (ud, m2, m3, ml, kg, t, h, l, %, pa).",warning
unit_rare_or_empty,EHV020d,"Zuncho de borde de forjado de hormigón armado, realizado con hormigón HA-30/F/20/XC3 fabricado en central, y vertido con cubilote, y acero UNE-EN 10080 B 500 S, con una cuantía aproximada de 105 kg/m³","unit_normalized=None, unit_raw=''","Revisar y mapear a una unidad canonical (ud, m2, m3, ml, kg, t, h, l, %, pa).",warning
unit_rare_or_empty,EHV020e,"Zuncho de apoyo de forjado de hormigón armado, realizado con hormigón HA-30/F/20/XC3 fabricado en central, y vertido con cubilote, y acero UNE-EN 10080 B 500 S, con una cuantía aproximada de 105 kg/m³","unit_normalized=None, unit_raw=''","Revisar y mapear a una unidad canonical (ud, m2, m3, ml, kg, t, h, l, %, pa).",warning
unit_rare_or_empty,EMF010b,"Forjado tradicional con un intereje de 50 cm, compuesto por viguetas de madera laminada encolada homogénea de abeto rojo (Picea abies) procedente del Norte y Nordeste de Europa, de 33 mm de espesor de","unit_normalized=None, unit_raw=''","Revisar y mapear a una unidad canonical (ud, m2, m3, ml, kg, t, h, l, %, pa).",warning
unit_rare_or_empty,EMF010c,"Forjado tradicional con un intereje de 50 cm, compuesto por viguetas de madera laminada encolada homogénea de abeto rojo (Picea abies) procedente del Norte y Nordeste de Europa, de 40 mm de espesor de","unit_normalized=None, unit_raw=''","Revisar y mapear a una unidad canonical (ud, m2, m3, ml, kg, t, h, l, %, pa).",warning
unit_rare_or_empty,EMF050,"Formación de forjado tradicional con un intereje de 60 cm, compuesto por viguetas de madera aserrada de abeto (Abies alba), acabado cepillado, de 10x16 cm de sección y hasta 6 m de longitud, para apli","unit_normalized=None, unit_raw=''","Revisar y mapear a una unidad canonical (ud, m2, m3, ml, kg, t, h, l, %, pa).",warning
unit_rare_or_empty,EMF051,"Formación de forjado tradicional con un intereje de 60 cm, compuesto por viguetas de laminada de abeto GL24h , de 8x16 cm de sección y hasta 6 m de longitud, para aplicaciones estructurales, calidad e","unit_normalized=None, unit_raw=''","Revisar y mapear a una unidad canonical (ud, m2, m3, ml, kg, t, h, l, %, pa).",warning
unit_rare_or_empty,EPF010,"Losa de 20 cm de canto, realizada con placas alveolares prefabricadas de hormigón pretensado, de 20 cm de canto y 120 cm de anchura, con momento flector último de 17 kN·m/m, con altura libre de planta","unit_normalized=None, unit_raw=''","Revisar y mapear a una unidad canonical (ud, m2, m3, ml, kg, t, h, l, %, pa).",warning
unit_rare_or_empty,EPF010b,"Losa de 25 cm de canto, realizada con placas alveolares prefabricadas de hormigón pretensado, de 25 cm de canto y 120 cm de anchura, con momento flector último de 22 kN·m/m, con altura libre de planta","unit_normalized=None, unit_raw=''","Revisar y mapear a una unidad canonical (ud, m2, m3, ml, kg, t, h, l, %, pa).",warning
unit_rare_or_empty,EPF010c,"Losa de 30 cm de canto, realizada con placas alveolares prefabricadas de hormigón pretensado, de 30 cm de canto y 120 cm de anchura, con momento flector último de 17 kN·m/m, con altura libre de planta","unit_normalized=None, unit_raw=''","Revisar y mapear a una unidad canonical (ud, m2, m3, ml, kg, t, h, l, %, pa).",warning
unit_rare_or_empty,EPF010d,"Losa de 15 + 5 cm de canto, realizada con placas alveolares prefabricadas de hormigón pretensado, de 15 cm de canto y 120 cm de anchura, con momento flector último de 13 kN·m/m, con altura libre de pl","unit_normalized=None, unit_raw=''","Revisar y mapear a una unidad canonical (ud, m2, m3, ml, kg, t, h, l, %, pa).",warning
unit_rare_or_empty,EPF010e,"Losa de 15 cm de canto, realizada con placas alveolares prefabricadas de hormigón pretensado, de 15 cm de canto y 120 cm de anchura, con momento flector último de 13 kN·m/m, con altura libre de planta","unit_normalized=None, unit_raw=''","Revisar y mapear a una unidad canonical (ud, m2, m3, ml, kg, t, h, l, %, pa).",warning
unit_rare_or_empty,EPF010f,"Losa de 20 + 5 cm de canto, realizada con placas alveolares prefabricadas de hormigón pretensado, de 20 cm de canto y 120 cm de anchura, con momento flector último de 17 kN·m/m, con altura libre de pl","unit_normalized=None, unit_raw=''","Revisar y mapear a una unidad canonical (ud, m2, m3, ml, kg, t, h, l, %, pa).",warning
unit_rare_or_empty,EPF010g,"Losa de 25 + 5 cm de canto, realizada con placas alveolares prefabricadas de hormigón pretensado, de 25 cm de canto y 120 cm de anchura, con momento flector último de 22 kN·m/m, con altura libre de pl","unit_normalized=None, unit_raw=''","Revisar y mapear a una unidad canonical (ud, m2, m3, ml, kg, t, h, l, %, pa).",warning
unit_rare_or_empty,EPF010h,"Losa de 30 + 5 cm de canto, realizada con placas alveolares prefabricadas de hormigón pretensado, de 30 cm de canto y 120 cm de anchura, con momento flector último de 17 kN·m/m, con altura libre de pl","unit_normalized=None, unit_raw=''","Revisar y mapear a una unidad canonical (ud, m2, m3, ml, kg, t, h, l, %, pa).",warning
unit_rare_or_empty,EPS010,"Suministro y colocación de pilar prefabricado de hormigón armado de sección 25x35 cm, de 3 m de altura, para acabado visto del hormigón, sin ménsulas. Incluso montaje mediante grúa, conexión con pilar","unit_normalized=None, unit_raw=''","Revisar y mapear a una unidad canonical (ud, m2, m3, ml, kg, t, h, l, %, pa).",warning
unit_rare_or_empty,EPV010,"Suministro y colocación de viga prefabricada de hormigón armado tipo T invertida, de 30 cm de anchura de alma, 30 cm de altura de talón, 45 cm de anchura total y 45 cm de altura total, con un momento ","unit_normalized=None, unit_raw=''","Revisar y mapear a una unidad canonical (ud, m2, m3, ml, kg, t, h, l, %, pa).",warning
unit_rare_or_empty,FAG005,"Suministro y montaje de sistema de revestimiento para fachada ventilada, de 10 mm de espesor, de baldosas cerámicas de gres porcelánico, 30x60 cm y 10 mm de espesor (PC 41,12 €/m2) , color a elegir, r","unit_normalized=None, unit_raw=''","Revisar y mapear a una unidad canonical (ud, m2, m3, ml, kg, t, h, l, %, pa).",warning
unit_rare_or_empty,FAR010,"Ejecución muro de 12 cm de espesor, de fábrica de ladrillo cerámico hueco triple H12, para revestir, 24x19x12 cm, recibida con mortero de cemento industrial, color gris, M-5,. Incluso p/p de replanteo","unit_normalized=None, unit_raw=''","Revisar y mapear a una unidad canonical (ud, m2, m3, ml, kg, t, h, l, %, pa).",warning
unit_rare_or_empty,FAR010c,"Ejecución de muro de 19 cm de espesor, de fábrica de ladrillo cerámico perforado panal 19, para revestir, 29x19x19 cm, de carga, resistencia a compresión 25 N/mm², recibida con mortero de cemento indu","unit_normalized=None, unit_raw=''","Revisar y mapear a una unidad canonical (ud, m2, m3, ml, kg, t, h, l, %, pa).",warning
unit_rare_or_empty,FAR020c,"Ejecución de muro de 20 cm de espesor de fábrica, de bloque de hormigón ligero con arcilla expandida, macizo, para revestir, 50x20x20 cm, recibida con mortero de cemento industrial, color gris, M-5, I","unit_normalized=None, unit_raw=''","Revisar y mapear a una unidad canonical (ud, m2, m3, ml, kg, t, h, l, %, pa).",warning
unit_rare_or_empty,FAR020d,"Ejecución de muro de 25 cm de espesor de fábrica, de bloque de hormigón ligero con arcilla expandida, macizo, para revestir, 50x20x25 cm, recibida con mortero de cemento industrial, color gris, M-5. I","unit_normalized=None, unit_raw=''","Revisar y mapear a una unidad canonical (ud, m2, m3, ml, kg, t, h, l, %, pa).",warning
unit_rare_or_empty,FAR020e,"Ejecución de muro de 30 cm de espesor de fábrica, de bloque de hormigón ligero con arcilla expandida, macizo, para revestir, 30x25x20 cm, recibida con mortero de cemento industrial, color gris, M-5. I","unit_normalized=None, unit_raw=''","Revisar y mapear a una unidad canonical (ud, m2, m3, ml, kg, t, h, l, %, pa).",warning
unit_rare_or_empty,FBY010,"Suministro y montaje de tabique sencillo, de 78 mm de espesor total, con nivel de calidad del acabado estándar (Q2), sobre banda acústica, formado por una estructura simple de perfiles de chapa de ace","unit_normalized=None, unit_raw=''","Revisar y mapear a una unidad canonical (ud, m2, m3, ml, kg, t, h, l, %, pa).",warning
unit_rare_or_empty,FBY010a,"Suministro y montaje de tabique sencillo, de 78 mm de espesor total, con nivel de calidad del acabado estándar (Q2), sobre banda acústica, formado por una estructura simple de perfiles de chapa de ace","unit_normalized=None, unit_raw=''","Revisar y mapear a una unidad canonical (ud, m2, m3, ml, kg, t, h, l, %, pa).",warning
unit_rare_or_empty,FBY010b,"Suministro y montaje de tabique múltiple, de 108 mm de espesor total, con nivel de calidad del acabado estándar (Q2), sobre banda acústica, formado por una estructura simple de perfiles de chapa de ac","unit_normalized=None, unit_raw=''","Revisar y mapear a una unidad canonical (ud, m2, m3, ml, kg, t, h, l, %, pa).",warning
unit_rare_or_empty,FBY010c,"Suministro y montaje de tabique múltiple, de 130 mm de espesor total, con nivel de calidad del acabado estándar (Q2), sobre banda acústica, formado por una estructura simple de perfiles de chapa de ac","unit_normalized=None, unit_raw=''","Revisar y mapear a una unidad canonical (ud, m2, m3, ml, kg, t, h, l, %, pa).",warning
unit_rare_or_empty,FBY010d,"Suministro y montaje de tabique sencillo, de 78 mm de espesor total, con nivel de calidad del acabado estándar (Q2), sobre banda acústica, formado por una estructura simple de perfiles de chapa de ace","unit_normalized=None, unit_raw=''","Revisar y mapear a una unidad canonical (ud, m2, m3, ml, kg, t, h, l, %, pa).",warning
unit_rare_or_empty,FBY017,"Suministro y montaje de bastidor metálico, W221 ""KNAUF"", como soporte de lavabo suspendido, fijado sobre el sistema de tabique técnico ""KNAUF"", de 575 mm de anchura y 1050 mm de altura. Incluso anclaj","unit_normalized=None, unit_raw=''","Revisar y mapear a una unidad canonical (ud, m2, m3, ml, kg, t, h, l, %, pa).",warning
unit_rare_or_empty,FDB010,"Suministro y montaje de balaustrada recta formada por balaustres prefabricados de hormigón blanco de sección circular de 50 cm de altura y 13 cm de diámetro, recibida con mortero de cemento y cal, M-5","unit_normalized=None, unit_raw=''","Revisar y mapear a una unidad canonical (ud, m2, m3, ml, kg, t, h, l, %, pa).",warning
unit_rare_or_empty,FDB010b,"Suministro y montaje de balaustrada recta formada por balaustres prefabricados de hormigón blanco de sección circular de 70 cm de altura y 15 cm de diámetro, recibida con mortero de cemento y cal M-5 ","unit_normalized=None, unit_raw=''","Revisar y mapear a una unidad canonical (ud, m2, m3, ml, kg, t, h, l, %, pa).",warning
unit_rare_or_empty,FDB010d,"Suministro y montaje de balaustrada recta formada por balaustres de piedra natural de Santanyí de sección circular de 11x11x80 cm, y recibida con mortero de cemento y cal, M-5 y cemento cola. Incluso ","unit_normalized=None, unit_raw=''","Revisar y mapear a una unidad canonical (ud, m2, m3, ml, kg, t, h, l, %, pa).",warning
unit_rare_or_empty,FDB010e,"Suministro y montaje de balaustrada recta formada por balaustres prefabricados de hormigón imitación Santanyí de sección circular de 70 cm de altura y 15 cm de diámetro, recibida con mortero de cement","unit_normalized=None, unit_raw=''","Revisar y mapear a una unidad canonical (ud, m2, m3, ml, kg, t, h, l, %, pa).",warning
unit_rare_or_empty,FDB011,Suministro y montaje de columna moldurada para balaustrada de prefabricados de hormigón imitación Santanyí de 70x25x11 cm recibida con mortero de cemento y cal M-5 y cemento cola. Incluso zócalo de 20,"unit_normalized=None, unit_raw=''","Revisar y mapear a una unidad canonical (ud, m2, m3, ml, kg, t, h, l, %, pa).",warning
unit_rare_or_empty,FDB020,"Suministro y montaje de pilastra prefabricada de hormigón para balaustrada de sección cuadrada de 25x25x100 cm, colocada en cerramientos y recibida con mortero de cemento y cal, industrial, M-5 y ceme","unit_normalized=None, unit_raw=''","Revisar y mapear a una unidad canonical (ud, m2, m3, ml, kg, t, h, l, %, pa).",warning
unit_rare_or_empty,FDB020b,"Suministro y montaje de pilastra de piedra natural de Santanyí para balaustrada de sección cuadrada de 25x25x70 cm, colocada en cerramientos y recibida con mortero de cemento y cal, industrial, M-5, y","unit_normalized=None, unit_raw=''","Revisar y mapear a una unidad canonical (ud, m2, m3, ml, kg, t, h, l, %, pa).",warning
unit_rare_or_empty,FDB020c,"Suministro y montaje de pilastra prefabricada de hormigón para balaustrada de sección cuadrada de 25x25x70 cm, colocada en cerramientos y recibida con mortero de cemento y cal, industrial, M-5, y ceme","unit_normalized=None, unit_raw=''","Revisar y mapear a una unidad canonical (ud, m2, m3, ml, kg, t, h, l, %, pa).",warning
unit_rare_or_empty,FDC010,"Suministro y montaje de puerta arrollable de lamas de chapa de acero galvanizado, panel ciego, 300x220 cm, acabado galvanizado sendzimir, apertura manual. Incluso cajón recogedor forrado, torno, muell","unit_normalized=None, unit_raw=''","Revisar y mapear a una unidad canonical (ud, m2, m3, ml, kg, t, h, l, %, pa).",warning
unit_rare_or_empty,FDC010b,"Suministro y montaje de puerta arrollable de varillas de acero zincado, color plata, malla en forma de aros, 300x220 cm, apertura manual. Incluso cajón recogedor forrado, torno, muelles de torsión de ","unit_normalized=None, unit_raw=''","Revisar y mapear a una unidad canonical (ud, m2, m3, ml, kg, t, h, l, %, pa).",warning
unit_rare_or_empty,FDC010c,"Suministro y montaje de puerta extensible de ballesta, articulado replegable, formado por perfiles en U de 20x10x1,5 mm 300x220 cm, acabado galvanizado sendzimir. Incluso cerco, guía inferior abatible","unit_normalized=None, unit_raw=''","Revisar y mapear a una unidad canonical (ud, m2, m3, ml, kg, t, h, l, %, pa).",warning
unit_rare_or_empty,FDD010,"Suministro y colocación de barandilla de fachada en forma recta, de 60 cm de altura, formada por: bastidor compuesto de barandal superior e inferior, montantes, barrotes verticales y pasamanos de cuad","unit_normalized=None, unit_raw=''","Revisar y mapear a una unidad canonical (ud, m2, m3, ml, kg, t, h, l, %, pa).",warning
unit_rare_or_empty,FDD010a,"Suministro y colocación de barandilla de fachada en forma recta, de 100 cm de altura, formada por: bastidor compuesto de barandal superior e inferior de cuadradillo de perfil macizo de acero laminado ","unit_normalized=None, unit_raw=''","Revisar y mapear a una unidad canonical (ud, m2, m3, ml, kg, t, h, l, %, pa).",warning
unit_rare_or_empty,FDD010b,"Suministro y colocación de barandilla de fachada en forma recta, de 100 cm de altura, formada por: bastidor compuesto de barandal superior e inferior, montantes, barrotes verticales y pasamanos de cua","unit_normalized=None, unit_raw=''","Revisar y mapear a una unidad canonical (ud, m2, m3, ml, kg, t, h, l, %, pa).",warning
unit_rare_or_empty,FDD020,"Suministro y colocación de barandilla de fachada en forma recta, de 100 cm de altura, de aluminio lacado color blanco, formada por: bastidor compuesto de barandal superior e inferior de perfil cuadrad","unit_normalized=None, unit_raw=''","Revisar y mapear a una unidad canonical (ud, m2, m3, ml, kg, t, h, l, %, pa).",warning
unit_rare_or_empty,FDD040,"Suministro y colocación de barandilla de fachada en forma recta, de 100 cm de altura, de acero inoxidable AISI 304 acabado brillante, formada por: montantes verticales provistos de remate superior inc","unit_normalized=None, unit_raw=''","Revisar y mapear a una unidad canonical (ud, m2, m3, ml, kg, t, h, l, %, pa).",warning
unit_rare_or_empty,FDD100b,"Suministro y colocación de barandilla metálica de tubo hueco de acero laminado en frío de 100 cm de altura, con bastidor sencillo, formado por barandal superior de 40x40x2 mm, para recibir pasamanos d","unit_normalized=None, unit_raw=''","Revisar y mapear a una unidad canonical (ud, m2, m3, ml, kg, t, h, l, %, pa).",warning
unit_rare_or_empty,FDD100c,"Suministro y colocación de barandilla metálica de tubo hueco de acero laminado en frío de 100 cm de altura, con bastidor sencillo, formado por barandal superior de 100x40x2 mm, que hace de pasamanos, ","unit_normalized=None, unit_raw=''","Revisar y mapear a una unidad canonical (ud, m2, m3, ml, kg, t, h, l, %, pa).",warning
unit_rare_or_empty,FDD105,"Suministro y colocación de barandilla para escalera recta de un tramo, de 100 cm de altura, formada por: bastidor compuesto de barandal superior e inferior de pletina de perfil macizo de hierro forjad","unit_normalized=None, unit_raw=''","Revisar y mapear a una unidad canonical (ud, m2, m3, ml, kg, t, h, l, %, pa).",warning
unit_rare_or_empty,FDD110,"Suministro y colocación de barandilla de aluminio lacado color blanco de 100 cm de altura, con bastidor sencillo, formado por barandal superior que hace de pasamanos y barandal inferior; montantes ver","unit_normalized=None, unit_raw=''","Revisar y mapear a una unidad canonical (ud, m2, m3, ml, kg, t, h, l, %, pa).",warning
unit_rare_or_empty,FDR010,"Reja metálica compuesta por bastidor de cuadradillo de perfil macizo de acero laminado en caliente de 12x12 mm, barrotes horizontales y verticales de cuadradillo de perfil macizo de acero laminado en ","unit_normalized=None, unit_raw=''","Revisar y mapear a una unidad canonical (ud, m2, m3, ml, kg, t, h, l, %, pa).",warning
unit_rare_or_empty,FDZ020b,"Formación de cerramiento de fachada realizado con fábrica de bloque cerámico de celosía decorativa, color rojo natural, acabado mate, de 25x25x10 cm, con piezas complementarias de remate o pasamanos d","unit_normalized=None, unit_raw=''","Revisar y mapear a una unidad canonical (ud, m2, m3, ml, kg, t, h, l, %, pa).",warning
unit_rare_or_empty,FDZ020c,"Formación de cerramiento de fachada realizado con fábrica de bloque cerámico de celosía decorativa, vidriada esmaltada, de 25x25x10 cm, con piezas complementarias de remate o pasamanos de 12 cm de anc","unit_normalized=None, unit_raw=''","Revisar y mapear a una unidad canonical (ud, m2, m3, ml, kg, t, h, l, %, pa).",warning
unit_rare_or_empty,FDZ020d,"Formación de cerramiento de fachada realizado con fábrica de bloque prefabricado de hormigón blanco de celosía decorativa, imitación Santanyí, de 40x40x8,5 cm, con piezas complementarias de remate o p","unit_normalized=None, unit_raw=''","Revisar y mapear a una unidad canonical (ud, m2, m3, ml, kg, t, h, l, %, pa).",warning
unit_rare_or_empty,FDZ030,"Suministro y montaje de persiana de lamas fijas prefabricada de hormigón de 40x40 cm, de color gris, recibida con mortero de cemento, industrial, M-5. Totalmente montada.","unit_normalized=None, unit_raw=''","Revisar y mapear a una unidad canonical (ud, m2, m3, ml, kg, t, h, l, %, pa).",warning
unit_rare_or_empty,FDZ030b,"Suministro y montaje de persiana de lamas fijas prefabricada de hormigón de 60x60 cm, de color gris, recibida con mortero de cemento, industrial, M-5. Totalmente montada.","unit_normalized=None, unit_raw=''","Revisar y mapear a una unidad canonical (ud, m2, m3, ml, kg, t, h, l, %, pa).",warning
unit_rare_or_empty,FDZ030c,"Suministro y montaje de persiana de lamas fijas prefabricada de hormigón de 50x50 cm, de color gris, recibida con mortero de cemento, industrial, M-5. Totalmente montada.","unit_normalized=None, unit_raw=''","Revisar y mapear a una unidad canonical (ud, m2, m3, ml, kg, t, h, l, %, pa).",warning
unit_rare_or_empty,FDZ030d,"Suministro y montaje de persiana de lamas fijas prefabricada de hormigón de 20x40 cm, de color gris, recibida con mortero de cemento, industrial, M-5. Totalmente montada.","unit_normalized=None, unit_raw=''","Revisar y mapear a una unidad canonical (ud, m2, m3, ml, kg, t, h, l, %, pa).",warning
unit_rare_or_empty,FEA020,"Ejecución de muro de 20 cm de espesor de fábrica armada de bloque de hormigón tipo italiano, de carga, para revestir, color gris, 40x20x20 cm, categoría I, resistencia normalizada R10 (10 N/mm²), fabr","unit_normalized=None, unit_raw=''","Revisar y mapear a una unidad canonical (ud, m2, m3, ml, kg, t, h, l, %, pa).",warning
unit_rare_or_empty,FEA020b,"Ejecución de muro de 25 cm de espesor de fábrica armada de bloque de hormigón tipo italiano, de carga, para revestir, color gris, 40x20x25 cm, categoría I, resistencia normalizada R10 (10 N/mm²), fabr","unit_normalized=None, unit_raw=''","Revisar y mapear a una unidad canonical (ud, m2, m3, ml, kg, t, h, l, %, pa).",warning
unit_rare_or_empty,FEF010,"Ejecución de muro de 11,5 cm de espesor de fábrica de ladrillo cerámico perforado panal doble, para revestir, 24x19x11,5 cm, recibida con mortero de cemento industrial, color gris, M-5. Incluso p/p de","unit_normalized=None, unit_raw=''","Revisar y mapear a una unidad canonical (ud, m2, m3, ml, kg, t, h, l, %, pa).",warning
unit_rare_or_empty,FEF010a,"Ejecución de muro de 14 cm de espesor de fábrica de ladrillo cerámico hueco de carga H-20, para revestir, 24x19x14 cm, resistencia a compresión 8 N/mm², recibida con mortero de cemento industrial, col","unit_normalized=None, unit_raw=''","Revisar y mapear a una unidad canonical (ud, m2, m3, ml, kg, t, h, l, %, pa).",warning
unit_rare_or_empty,FEF010b,"Ejecución de muro de 20 cm de espesor de fábrica de ladrillo cerámico hueco H-16, para revestir, 24x19x14 cm, recibida con mortero de cemento industrial, color gris, M-5. Incluso p/p de replanteo, niv","unit_normalized=None, unit_raw=''","Revisar y mapear a una unidad canonical (ud, m2, m3, ml, kg, t, h, l, %, pa).",warning
unit_rare_or_empty,FEF010c,"Ejecución de muro de 14 cm de espesor de fábrica de ladrillo cerámico hueco H-16, para revestir, 24x19x14 cm, recibida con mortero de cemento industrial, color gris, M-5. Incluso p/p de replanteo, niv","unit_normalized=None, unit_raw=''","Revisar y mapear a una unidad canonical (ud, m2, m3, ml, kg, t, h, l, %, pa).",warning
unit_rare_or_empty,FEF012,"Ejecución de muro de 14 cm de espesor de fábrica de ladrillo cerámico perforado panal, 14x19x29 cm, recibida con mortero de cemento industrial, color gris, M-5. Incluso p/p de replanteo, nivelación y ","unit_normalized=None, unit_raw=''","Revisar y mapear a una unidad canonical (ud, m2, m3, ml, kg, t, h, l, %, pa).",warning
unit_rare_or_empty,FEF020b,"Ejecución de muro de carga de 25 cm de espesor de fábrica de bloque de hormigón tipo alemán, de carga, color gris, 40x20x25 cm, categoría I, resistencia normalizada R10 (10 N/mm²), fabricado con grava","unit_normalized=None, unit_raw=''","Revisar y mapear a una unidad canonical (ud, m2, m3, ml, kg, t, h, l, %, pa).",warning
unit_rare_or_empty,FEF020c,"Ejecución de muro de carga de 20 cm de espesor de fábrica de bloque de hormigón tipo alemán, de carga, color gris, 50x20x20 cm, categoría I, resistencia normalizada R10 (10 N/mm²), fabricado con grava","unit_normalized=None, unit_raw=''","Revisar y mapear a una unidad canonical (ud, m2, m3, ml, kg, t, h, l, %, pa).",warning
unit_rare_or_empty,FEF020e,"Ejecución de muro de carga de 25 cm de espesor de fábrica de bloque de hormigón tipo italiano, de carga, para revestir, color gris, 40x20x25 cm, categoría I, resistencia normalizada R10 (10 N/mm²), fa","unit_normalized=None, unit_raw=''","Revisar y mapear a una unidad canonical (ud, m2, m3, ml, kg, t, h, l, %, pa).",warning
unit_rare_or_empty,FEF020f,"Ejecución de muro de carga de 20 cm de espesor de fábrica de bloque de hormigón tipo italiano, de carga, para revestir, color gris, 50x20x20 cm, categoría I, resistencia normalizada R10 (10 N/mm²), fa","unit_normalized=None, unit_raw=''","Revisar y mapear a una unidad canonical (ud, m2, m3, ml, kg, t, h, l, %, pa).",warning
unit_rare_or_empty,FEF023,"Muro de contención de bloque de 25 cms de espesor de hormigón vibrado tipo H de encofrado perdido de 25x20x50, color gris, categoría I, resistencia normalizada R10 (10 N/mm²), fabricado con grava cali","unit_normalized=None, unit_raw=''","Revisar y mapear a una unidad canonical (ud, m2, m3, ml, kg, t, h, l, %, pa).",warning
unit_rare_or_empty,FEF024,"Muro de contención de bloque de 20 cms de espesor de hormigón vibrado tipo H de encofrado perdido de 20x20x50, color gris, categoría I, resistencia normalizada R10 (10 N/mm²), fabricado con grava cali","unit_normalized=None, unit_raw=''","Revisar y mapear a una unidad canonical (ud, m2, m3, ml, kg, t, h, l, %, pa).",warning
unit_rare_or_empty,FEF030,"Ejecución de muro de 19 cm de espesor de fábrica de bloque de termoarcilla, 30x19x19 cm, para revestir, de carga, resistencia a compresión 10 N/mm², recibida con mortero de cemento industrial, color g","unit_normalized=None, unit_raw=''","Revisar y mapear a una unidad canonical (ud, m2, m3, ml, kg, t, h, l, %, pa).",warning
unit_rare_or_empty,FEF030b,"Ejecución de muro 24 cm de espesor de fábrica de bloque de termoarcilla, 30x19x24 cm, para revestir,de carga, resistencia a compresión 10 N/mm², recibida con mortero de cemento industrial, color gris,","unit_normalized=None, unit_raw=''","Revisar y mapear a una unidad canonical (ud, m2, m3, ml, kg, t, h, l, %, pa).",warning
unit_rare_or_empty,FEF030c,"Ejecución de muro de 29 cm de espesor de fábrica de bloque de termoarcilla, 30x19x29 cm, para revestir, de carga, resistencia a compresión 10 N/mm², recibida con mortero de cemento industrial, color g","unit_normalized=None, unit_raw=''","Revisar y mapear a una unidad canonical (ud, m2, m3, ml, kg, t, h, l, %, pa).",warning
unit_rare_or_empty,FEF032,"Ejecución de muro de 24 cm de espesor de fábrica de ladrillo cerámico perforado panal doble acústico, para revestir, 24x19x29 cm, de carga, resistencia a compresión 25 N/mm², recibida con mortero de c","unit_normalized=None, unit_raw=''","Revisar y mapear a una unidad canonical (ud, m2, m3, ml, kg, t, h, l, %, pa).",warning
unit_rare_or_empty,FEF033,"Ejecución de muro de 20 cm de espesor de fábrica de ladrillo cerámico hueco de carga H-20, para revestir, 24x19x14 cm, resistencia a compresión 8 N/mm², recibida con mortero de cemento industrial, col","unit_normalized=None, unit_raw=''","Revisar y mapear a una unidad canonical (ud, m2, m3, ml, kg, t, h, l, %, pa).",warning
unit_rare_or_empty,FFD020,"Ejecución de muro de 12 cm de espesor de fábrica, de bloque de hormigón ligero con arcilla expandida, multicámaras, para revestir, 50x20x12 cm, recibida con mortero de cemento industrial, color gris, ","unit_normalized=None, unit_raw=''","Revisar y mapear a una unidad canonical (ud, m2, m3, ml, kg, t, h, l, %, pa).",warning
unit_rare_or_empty,FFD040,"Ejecución de fabrica de 14 cm de espesor, de fábrica de bloque de termoarcilla, 30x19x14 cm, para revestir, recibida con mortero de cemento industrial, color gris, M-5. Incluso p/p de replanteo, nivel","unit_normalized=None, unit_raw=''","Revisar y mapear a una unidad canonical (ud, m2, m3, ml, kg, t, h, l, %, pa).",warning
unit_rare_or_empty,FFP040,"Formación de fábrica de marés de 5 cm de espesor, con piezas de marés de Porreres, de 5x40x80 cm, recibida con mortero de cemento mallorquín y yeso de construcción B1. Incluso p/p de replanteo, nivela","unit_normalized=None, unit_raw=''","Revisar y mapear a una unidad canonical (ud, m2, m3, ml, kg, t, h, l, %, pa).",warning
unit_rare_or_empty,FFP040b,"Formación de fábrica de marés de 7 cm de espesor, con piezas de marés de Porreres, de 7x40x80 cm, recibida con mortero de cemento mallorquín y yeso de construcción B1. Incluso p/p de replanteo, nivela","unit_normalized=None, unit_raw=''","Revisar y mapear a una unidad canonical (ud, m2, m3, ml, kg, t, h, l, %, pa).",warning
unit_rare_or_empty,FFP041,"Ejecución fábrica de marés de 30 cm de espesor, de pieza de mares blanco, de 40x80x30 cm, (gruix de emperador) con junta de ancha, recibida con mortero de cemento mallorquín y arena confeccionado en o","unit_normalized=None, unit_raw=''","Revisar y mapear a una unidad canonical (ud, m2, m3, ml, kg, t, h, l, %, pa).",warning
unit_rare_or_empty,FFP042,"Ejecución fábrica de marés de 25 cm de espesor, de pieza de mares blanco, de 40x80x25 cm, (gruix de rei) con junta de ancha, recibida con mortero de cemento mallorquín y arena confeccionado en obra,y ","unit_normalized=None, unit_raw=''","Revisar y mapear a una unidad canonical (ud, m2, m3, ml, kg, t, h, l, %, pa).",warning
unit_rare_or_empty,FFP043,"Ejecución fábrica de marés de 20 cm de espesor, de pieza de mares blanco, de 40x80x20 cm, (canto de pam o gruix de vint) con junta de ancha, recibida con mortero de cemento mallorquín y arena confecci","unit_normalized=None, unit_raw=''","Revisar y mapear a una unidad canonical (ud, m2, m3, ml, kg, t, h, l, %, pa).",warning
unit_rare_or_empty,FFP044,"Ejecución fábrica de marés de 15 cm de espesor, de pieza de mares blanco, de 40x80x15 cm, (gruix ordinari) con junta de ancha, recibida con mortero de cemento mallorquín y arena confeccionado en obra,","unit_normalized=None, unit_raw=''","Revisar y mapear a una unidad canonical (ud, m2, m3, ml, kg, t, h, l, %, pa).",warning
unit_rare_or_empty,FFP045,"Ejecución fabrica de marés de 10 cm de espesor, de pieza de mares blanco, de 40x80x10 cm, (gruix tresperdos) con junta de ancha, recibida con mortero de cemento mallorquín y arena confeccionado en obr","unit_normalized=None, unit_raw=''","Revisar y mapear a una unidad canonical (ud, m2, m3, ml, kg, t, h, l, %, pa).",warning
unit_rare_or_empty,FFQ010,"Fábrica de ladrillo de 5 cm de espesor de fábrica, de ladrillo cerámico Super 5, para revestir,5x19x33 cm, recibida con mortero de cemento portland y arena, dosificación 1:6, con banda elástica, de ba","unit_normalized=None, unit_raw=''","Revisar y mapear a una unidad canonical (ud, m2, m3, ml, kg, t, h, l, %, pa).",warning
unit_rare_or_empty,FFQ010b,"Fábrica de ladrillo de 6,7 cm de espesor de fábrica, de ladrillo cerámico Super 6,7, para revestir, 6,7x19x33 cm, recibida con mortero de cemento portland y arena, dosificación 1:6, con banda elástica","unit_normalized=None, unit_raw=''","Revisar y mapear a una unidad canonical (ud, m2, m3, ml, kg, t, h, l, %, pa).",warning
unit_rare_or_empty,FFQ010d,"Fábrica de ladrillo de 8 cm de espesor de fábrica, de ladrillo cerámico Super H-6, para revestir, 8x19x33 cm, recibida con mortero de cemento portland y arena, dosificación 1:6, con banda elástica, de","unit_normalized=None, unit_raw=''","Revisar y mapear a una unidad canonical (ud, m2, m3, ml, kg, t, h, l, %, pa).",warning
unit_rare_or_empty,FFQ010e1,"Formación de hoja de partición interior de 10 cm de espesor de fábrica, de ladrillo cerámico hueco doble Tochana H8, para revestir, 24x14x10 cm, recibida con mortero de cemento industrial M-5, suminis","unit_normalized=None, unit_raw=''","Revisar y mapear a una unidad canonical (ud, m2, m3, ml, kg, t, h, l, %, pa).",warning
unit_rare_or_empty,FFQ010e2,"Formación de hoja de partición interior de 10 cm de espesor de fábrica, de ladrillo cerámico hueco Super H-8, para revestir, 33x19x10 cm, recibida con mortero de cemento industrial M-5, suministrado a","unit_normalized=None, unit_raw=''","Revisar y mapear a una unidad canonical (ud, m2, m3, ml, kg, t, h, l, %, pa).",warning
unit_rare_or_empty,FFQ010g,"Fábrica de ladrillo de 8 cm de espesor de fábrica, de ladrillo cerámico H-6, para revestir, 8x12x24 cm, recibida con mortero de cemento portland y arena, dosificación 1:6. Incluso p/p de replanteo, ni","unit_normalized=None, unit_raw=''","Revisar y mapear a una unidad canonical (ud, m2, m3, ml, kg, t, h, l, %, pa).",warning
unit_rare_or_empty,FFQ010h,"Fábrica de ladrillo de 6,7 cm de espesor de fábrica, de ladrillo cerámico Super 6,7, para revestir, 6,7x14x24 cm, recibida con mortero de cemento portland y arena, dosificación 1:6. Incluso p/p de rep","unit_normalized=None, unit_raw=''","Revisar y mapear a una unidad canonical (ud, m2, m3, ml, kg, t, h, l, %, pa).",warning
unit_rare_or_empty,FFQ010i,"Fábrica de ladrillo de 8 cm de espesor de fábrica, de ladrillo cerámico Super H-6, para revestir, 8x19x33 cm, recibida con mortero de cemento portland y arena, dosificación 1:6. Incluso p/p de replant","unit_normalized=None, unit_raw=''","Revisar y mapear a una unidad canonical (ud, m2, m3, ml, kg, t, h, l, %, pa).",warning
unit_rare_or_empty,FFQ020b,"Fábrica de bloque de 5 cm de espesor, de bloque de hormigón tipo italiano, para revestir, color gris, 50x20x5 cm, categoría II, resistencia normalizada R10 (10 N/mm²), recibida con mortero de cemento ","unit_normalized=None, unit_raw=''","Revisar y mapear a una unidad canonical (ud, m2, m3, ml, kg, t, h, l, %, pa).",warning
unit_rare_or_empty,FFX036c,"Ejecución de fábrica de marés de 20 cm de espesor, con pieza de marés de Porreres, de 40x80x20 cm, con junta de 1 cm, recibida con mortero de cemento mallorquín y arena confeccionado en obra, y ""abeur","unit_normalized=None, unit_raw=''","Revisar y mapear a una unidad canonical (ud, m2, m3, ml, kg, t, h, l, %, pa).",warning
unit_rare_or_empty,FFX045,"Ejecución de muro de 11.5 cm de espesor, de ladrillo panal (gero), cara vista perforado liso, gris, 11.5x10x24 cm, con junta de 1 cm, rehundida, recibida con mortero de cemento industrial, color gris,","unit_normalized=None, unit_raw=''","Revisar y mapear a una unidad canonical (ud, m2, m3, ml, kg, t, h, l, %, pa).",warning
unit_rare_or_empty,FFZ010,"Ejecución de hoja de 12 cm de espesor de fábrica, de ladrillo cerámico macizo de elaboración mecánica, 25x12x5 cm, recibida con mortero de cemento industrial, color gris, M-5,. Incluso p/p de replante","unit_normalized=None, unit_raw=''","Revisar y mapear a una unidad canonical (ud, m2, m3, ml, kg, t, h, l, %, pa).",warning
unit_rare_or_empty,FFZ011,"Ejecución de dintel de hormigón de 11,5 cm de espesor para muros que no son de carga, de hasta 2,5 metros de longitud, formado por piezas cerámicas de 11,5x19x24 cm, armado con armadura de punzonamien","unit_normalized=None, unit_raw=''","Revisar y mapear a una unidad canonical (ud, m2, m3, ml, kg, t, h, l, %, pa).",warning
unit_rare_or_empty,FFZ012,"Ejecución de dintel de hormigón de 14 cm de espesor para muros que no son de carga, de hasta 3 metros de longitud, formado por piezas cerámicas de 11,5x19x24 cm, armado con armadura de punzonamiento d","unit_normalized=None, unit_raw=''","Revisar y mapear a una unidad canonical (ud, m2, m3, ml, kg, t, h, l, %, pa).",warning
unit_rare_or_empty,FFZ020k,"Fábrica de 25 cm de espesor, de bloque de hormigón tipo alemán de grava de mares, para revestir, 40x20x25 cm, categoría II, resistencia normalizada R10 (10 N/mm²), reforzada con armadura de tendel pre","unit_normalized=None, unit_raw=''","Revisar y mapear a una unidad canonical (ud, m2, m3, ml, kg, t, h, l, %, pa).",warning
unit_rare_or_empty,FFZ020l,"Fábrica de 20 cm de espesor de bloque de hormigón tipo alemán de grava de mares, 40x20x20 cm, categoría II, resistencia normalizada R10 (10 N/mm²), reforzada con armadura de tendel prefabricada de ace","unit_normalized=None, unit_raw=''","Revisar y mapear a una unidad canonical (ud, m2, m3, ml, kg, t, h, l, %, pa).",warning
unit_rare_or_empty,FFZ020n,"Fábrica de 20 cm de espesor de bloque de hormigón tipo italiano de grava de mares, 50x20x20 cm, categoría II, resistencia normalizada R10 (10 N/mm²),reforzada con armadura de tendel prefabricada de ac","unit_normalized=None, unit_raw=''","Revisar y mapear a una unidad canonical (ud, m2, m3, ml, kg, t, h, l, %, pa).",warning
unit_rare_or_empty,FFZ020o,"Fábrica de bloque de 25 cm de espesor, en cerramiento de fachada, de bloque de hormigón tipo italiano, color gris, 40x20x25 cm, categoría II, resistencia normalizada R10 (10 N/mm²), [n_grava], , recib","unit_normalized=None, unit_raw=''","Revisar y mapear a una unidad canonical (ud, m2, m3, ml, kg, t, h, l, %, pa).",warning
unit_rare_or_empty,FFZ020p,"Fábrica de bloque de 20 cm de espesor, en cerramiento de fachada, de bloque de hormigón tipo italiano, color gris, 50x20x20 cm, categoría II, resistencia normalizada R10 (10 N/mm²), [n_grava], , recib","unit_normalized=None, unit_raw=''","Revisar y mapear a una unidad canonical (ud, m2, m3, ml, kg, t, h, l, %, pa).",warning
unit_rare_or_empty,FFZ020q,"Fábrica de bloque de 15 cm de espesor, en cerramiento de fachada, de bloque de hormigón tipo italiano, color gris, 50x20x15 cm, categoría II, resistencia normalizada R10 (10 N/mm²), [n_grava], , recib","unit_normalized=None, unit_raw=''","Revisar y mapear a una unidad canonical (ud, m2, m3, ml, kg, t, h, l, %, pa).",warning
unit_rare_or_empty,FFZ020r,"Fábrica de bloque de 10 cm de espesor, en cerramiento de fachada, de bloque de hormigón tipo italiano, color gris, 50x20x10 cm, categoría II, resistencia normalizada R10 (10 N/mm²), [n_grava], , recib","unit_normalized=None, unit_raw=''","Revisar y mapear a una unidad canonical (ud, m2, m3, ml, kg, t, h, l, %, pa).",warning
unit_rare_or_empty,FFZ020w,"Fábrica de 10 cm de espesor de bloque de hormigón tipo italiano de grava de mares, 50x20x10 cm, categoría II, resistencia normalizada R10 (10 N/mm²), reforzada con armadura de tendel prefabricada de a","unit_normalized=None, unit_raw=''","Revisar y mapear a una unidad canonical (ud, m2, m3, ml, kg, t, h, l, %, pa).",warning
unit_rare_or_empty,FFZ020x,"Fábrica de 15 cm de espesor de bloque de hormigón tipo italiano de grava de mares, 50x20x15 cm, categoría II, resistencia normalizada R10 (10 N/mm²), reforzada con armadura de tendel prefabricada de a","unit_normalized=None, unit_raw=''","Revisar y mapear a una unidad canonical (ud, m2, m3, ml, kg, t, h, l, %, pa).",warning
unit_rare_or_empty,FRD050,"Suministro y colocación de forro de dintel de piedra de Santanyí, de 22x5 cm, con goterón y anclaje metálico de acero galvanizado, empotrado en las jambas, recibido con una capa de mortero de cemento ","unit_normalized=None, unit_raw=''","Revisar y mapear a una unidad canonical (ud, m2, m3, ml, kg, t, h, l, %, pa).",warning
unit_rare_or_empty,FUO010,"Suministro y montaje de cerramiento acristalado plano con perfiles en ""U"" de vidrio impreso translúcido, de 41+262+41 mm y 6 mm de espesor, colocados en peine para pared simple. Incluso p/p de perfile","unit_normalized=None, unit_raw=''","Revisar y mapear a una unidad canonical (ud, m2, m3, ml, kg, t, h, l, %, pa).",warning
unit_rare_or_empty,FUO010b,"Suministro y montaje de cerramiento acristalado plano con perfiles en ""U"" de vidrio impreso translúcido, armado, de 41+262+41 mm y 6 mm de espesor, colocados en peine para pared simple. Incluso p/p de","unit_normalized=None, unit_raw=''","Revisar y mapear a una unidad canonical (ud, m2, m3, ml, kg, t, h, l, %, pa).",warning
unit_rare_or_empty,FUO010c,"Suministro y montaje de cerramiento acristalado plano con perfiles en ""U"" de vidrio impreso translúcido, de 41+262+41 mm y 6 mm de espesor, colocados en greca para pared simple. Incluso p/p de perfile","unit_normalized=None, unit_raw=''","Revisar y mapear a una unidad canonical (ud, m2, m3, ml, kg, t, h, l, %, pa).",warning
unit_rare_or_empty,FUO010d,"Suministro y montaje de cerramiento acristalado plano con perfiles en ""U"" de vidrio impreso translúcido, de 41+262+41 mm y 6 mm de espesor, colocados con cámara para pared doble. Incluso p/p de perfil","unit_normalized=None, unit_raw=''","Revisar y mapear a una unidad canonical (ud, m2, m3, ml, kg, t, h, l, %, pa).",warning
unit_rare_or_empty,FUV010,"Cerramiento de fachada de fábrica de bloques huecos de vidrio moldeado ondulado, incoloro, 190x90x80 mm, recibidos con adhesivo cementoso color blanco, compuesto por cemento blanco de alta resistencia","unit_normalized=None, unit_raw=''","Revisar y mapear a una unidad canonical (ud, m2, m3, ml, kg, t, h, l, %, pa).",warning
unit_rare_or_empty,FUV010b,"Cerramiento de fachada de fábrica de bloques huecos de vidrio moldeado ondulado, incoloro, 190x190x80 mm, recibidos con adhesivo cementoso color blanco, compuesto por cemento blanco de alta resistenci","unit_normalized=None, unit_raw=''","Revisar y mapear a una unidad canonical (ud, m2, m3, ml, kg, t, h, l, %, pa).",warning
unit_rare_or_empty,FUV010c,"Cerramiento de fachada de fábrica de bloques huecos de vidrio moldeado ondulado, incoloro, 240x240x80 mm, recibidos con adhesivo cementoso color blanco, compuesto por cemento blanco de alta resistenci","unit_normalized=None, unit_raw=''","Revisar y mapear a una unidad canonical (ud, m2, m3, ml, kg, t, h, l, %, pa).",warning
unit_rare_or_empty,GRA010,"Transporte de mezcla sin clasificar de residuos inertes producidos en obras de construcción y/o demolición, con contenedor de 4,2 m³, a vertedero específico, instalación de tratamiento de residuos de ","unit_normalized=None, unit_raw=''","Revisar y mapear a una unidad canonical (ud, m2, m3, ml, kg, t, h, l, %, pa).",warning
unit_rare_or_empty,GRA020b,"Transporte con camión de mezcla sin clasificar de residuos inertes producidos en obras de construcción y/o demolición, a vertedero específico, instalación de tratamiento de residuos de construcción y ","unit_normalized=None, unit_raw=''","Revisar y mapear a una unidad canonical (ud, m2, m3, ml, kg, t, h, l, %, pa).",warning
unit_rare_or_empty,GRB005,"Canon de vertido por entrega de residuos inertes producidos en obras de construcción y/o demolición, con una densidad de 1,0 t/m³, en vertedero específico, instalación de tratamiento de residuos de co","unit_normalized=None, unit_raw=''","Revisar y mapear a una unidad canonical (ud, m2, m3, ml, kg, t, h, l, %, pa).",warning
unit_rare_or_empty,GRB005b,"Canon de vertido por entrega de residuos inertes producidos en obras de construcción y/o demolición, con una densidad de 0,5 t/m³, en vertedero específico, instalación de tratamiento de residuos de co","unit_normalized=None, unit_raw=''","Revisar y mapear a una unidad canonical (ud, m2, m3, ml, kg, t, h, l, %, pa).",warning
unit_rare_or_empty,GRB005c,"Canon de vertido por entrega de residuos inertes producidos en obras de construcción y/o demolición, con una densidad de 1,5 t/m³, en vertedero específico, instalación de tratamiento de residuos de co","unit_normalized=None, unit_raw=''","Revisar y mapear a una unidad canonical (ud, m2, m3, ml, kg, t, h, l, %, pa).",warning
unit_rare_or_empty,GRB005d,"Canon de vertido por entrega de residuos inertes producidos en obras de construcción y/o demolición, con una densidad de 2,0 t/m³, en vertedero específico, instalación de tratamiento de residuos de co","unit_normalized=None, unit_raw=''","Revisar y mapear a una unidad canonical (ud, m2, m3, ml, kg, t, h, l, %, pa).",warning
unit_rare_or_empty,GRB005e,"Canon de vertido por entrega de residuos inertes producidos en obras de construcción y/o demolición, con una densidad de 2,5 t/m³, en vertedero específico, instalación de tratamiento de residuos de co","unit_normalized=None, unit_raw=''","Revisar y mapear a una unidad canonical (ud, m2, m3, ml, kg, t, h, l, %, pa).",warning
unit_rare_or_empty,GTA010,"Transporte de tierras con contenedor de 4,2 m³, a vertedero específico, instalación de tratamiento de residuos de construcción y demolición externa a la obra o centro de valorización o eliminación de ","unit_normalized=None, unit_raw=''","Revisar y mapear a una unidad canonical (ud, m2, m3, ml, kg, t, h, l, %, pa).",warning
unit_rare_or_empty,GTA020b,"Transporte de tierras con camión de los productos procedentes de la excavación de cualquier tipo de terreno a vertedero específico, instalación de tratamiento de residuos de construcción y demolición ","unit_normalized=None, unit_raw=''","Revisar y mapear a una unidad canonical (ud, m2, m3, ml, kg, t, h, l, %, pa).",warning
unit_rare_or_empty,HEA010,"Recibido de plato de ducha de cualquier medida, mediante formación de meseta de elevación con ladrillo cerámico hueco sencillo, recibido con mortero de cemento, industrial, M-5. Incluso p/p de replant","unit_normalized=None, unit_raw=''","Revisar y mapear a una unidad canonical (ud, m2, m3, ml, kg, t, h, l, %, pa).",warning
unit_rare_or_empty,HEA020,"Recibido de bañera y formación de faldón con ladrillo cerámico hueco sencillo, recibido con mortero de cemento, industrial, M-5. Incluso p/p de replanteo y nivelación, apertura de rozas para entregas ","unit_normalized=None, unit_raw=''","Revisar y mapear a una unidad canonical (ud, m2, m3, ml, kg, t, h, l, %, pa).",warning
unit_rare_or_empty,HEC010,"Colocación y fijación de premarco de aluminio o de acero galvanizado, mediante recibido al paramento de las patillas de anclaje con mortero de cemento, industrial, con aditivo hidrófugo, M-10, para fi","unit_normalized=None, unit_raw=''","Revisar y mapear a una unidad canonical (ud, m2, m3, ml, kg, t, h, l, %, pa).",warning
unit_rare_or_empty,HEC010b,"Colocación y fijación de premarco de aluminio o de acero galvanizado, mediante recibido al paramento de las patillas de anclaje con mortero de cemento, industrial, con aditivo hidrófugo, M-10, para fi","unit_normalized=None, unit_raw=''","Revisar y mapear a una unidad canonical (ud, m2, m3, ml, kg, t, h, l, %, pa).",warning
unit_rare_or_empty,HEC010c,"Colocación y fijación de premarco de aluminio o de acero galvanizado, mediante recibido al paramento de las patillas de anclaje con mortero de cemento, industrial, con aditivo hidrófugo, M-10, para fi","unit_normalized=None, unit_raw=''","Revisar y mapear a una unidad canonical (ud, m2, m3, ml, kg, t, h, l, %, pa).",warning
unit_rare_or_empty,HEC020,"Colocación y fijación de precerco de madera, mediante recibido al paramento de fábrica de las patillas de anclaje con mortero de cemento, industrial, con aditivo hidrófugo, M-5, para fijar posteriorme","unit_normalized=None, unit_raw=''","Revisar y mapear a una unidad canonical (ud, m2, m3, ml, kg, t, h, l, %, pa).",warning
unit_rare_or_empty,HEC020b,"Colocación y fijación de precerco de madera de pino, posterior a la ejecución del tabique y sin el pavimento colocado, mediante recibido al paramento de fábrica de las patillas de anclaje con mortero ","unit_normalized=None, unit_raw=''","Revisar y mapear a una unidad canonical (ud, m2, m3, ml, kg, t, h, l, %, pa).",warning
unit_rare_or_empty,HEC020c,"Colocación y fijación de precerco de madera de pino, posterior a la ejecución del tabique y sin el pavimento colocado, mediante recibido al paramento de fábrica de las patillas de anclaje con mortero ","unit_normalized=None, unit_raw=''","Revisar y mapear a una unidad canonical (ud, m2, m3, ml, kg, t, h, l, %, pa).",warning
unit_rare_or_empty,HED020,"Colocación y fijación de persiana mallorquina, de hasta 3 m² de superficie, mediante recibido al paramento de las patillas de anclaje con mortero de cemento, industrial, con aditivo hidrófugo, M-5. In","unit_normalized=None, unit_raw=''","Revisar y mapear a una unidad canonical (ud, m2, m3, ml, kg, t, h, l, %, pa).",warning
unit_rare_or_empty,HED020b,"Colocación y fijación de persiana mallorquina, de entre 3 y 5 m² de superficie, mediante recibido al paramento de las patillas de anclaje con mortero de cemento, industrial, con aditivo hidrófugo, M-5","unit_normalized=None, unit_raw=''","Revisar y mapear a una unidad canonical (ud, m2, m3, ml, kg, t, h, l, %, pa).",warning
unit_rare_or_empty,HRA200,"Suministro y colocación de remate decorativo, de chapa perforada de acero galvanizado, con perforaciones cuadradas, C20 U30, de 20 mm de lado y 30 mm de distancia entre centros de dos perforaciones co","unit_normalized=None, unit_raw=''","Revisar y mapear a una unidad canonical (ud, m2, m3, ml, kg, t, h, l, %, pa).",warning
unit_rare_or_empty,HRF020,"Suministro y colocación de gárgola prefabricada de hormigón, de color blanco, de 150x500x70 mm y base rectangular, recibida con adhesivo cementoso flexible y sellado de la junta perimetral con masilla","unit_normalized=None, unit_raw=''","Revisar y mapear a una unidad canonical (ud, m2, m3, ml, kg, t, h, l, %, pa).",warning
unit_rare_or_empty,HRF040,"Formación de albardilla prefabricada de hormigón de color gris, para cubrición de muros, en piezas de 500x250x50 mm, con goterón, y anclaje metálico de acero inoxidable en su cara inferior, recibida c","unit_normalized=None, unit_raw=''","Revisar y mapear a una unidad canonical (ud, m2, m3, ml, kg, t, h, l, %, pa).",warning
unit_rare_or_empty,HRF040b,"Formación de albardilla prefabricada de hormigón de color blanco, para cubrición de muros, en piezas de 500x250x50 mm, con goterón, y anclaje metálico de acero inoxidable en su cara inferior, recibida","unit_normalized=None, unit_raw=''","Revisar y mapear a una unidad canonical (ud, m2, m3, ml, kg, t, h, l, %, pa).",warning
unit_rare_or_empty,HRF090,"Formación de cornisa de fachada, prefabricada de hormigón, de imitación Santanyí, 500x400x200 mm, con goterón, recibida con mortero de cemento, con aditivo hidrófugo, M-10, y cemento cola, creando una","unit_normalized=None, unit_raw=''","Revisar y mapear a una unidad canonical (ud, m2, m3, ml, kg, t, h, l, %, pa).",warning
unit_rare_or_empty,HRN040,"Formación de forro de jamba de piedra de Santanyí, de 25 cm de anchura y 3 cm de espesor, acabado natural, r, recibida con mortero de cemento y cemento cola y rejuntado entre piezas y de las uniones c","unit_normalized=None, unit_raw=''","Revisar y mapear a una unidad canonical (ud, m2, m3, ml, kg, t, h, l, %, pa).",warning
unit_rare_or_empty,HRN070b,"Formación de umbral para remate de puerta de entrada o balconera de mármol Gris Mallorca, de 25 cm de anchura y 3 cm de espesor, con goterón, cara y canto recto pulido, con banda antideslizante y empo","unit_normalized=None, unit_raw=''","Revisar y mapear a una unidad canonical (ud, m2, m3, ml, kg, t, h, l, %, pa).",warning
unit_rare_or_empty,HRN100,"Suministro y colocación de recercado a una cara de piedra Petra labrada, de 20 cm, recibido con mortero de cemento color gris, M-5 y cemento cola. Incluso nivelación y aplomado de piedras, labrado de ","unit_normalized=None, unit_raw=''","Revisar y mapear a una unidad canonical (ud, m2, m3, ml, kg, t, h, l, %, pa).",warning
unit_rare_or_empty,HRN1001,"Suministro y colocación de recercado a dos caras de piedra Santanyí comercial labrada, de 20x25 cm, recibido con mortero de cemento M-5 y cemento cola. Incluso nivelación y aplomado de piedras, labrad","unit_normalized=None, unit_raw=''","Revisar y mapear a una unidad canonical (ud, m2, m3, ml, kg, t, h, l, %, pa).",warning
unit_rare_or_empty,HRN100b,"Suministro y colocación de recercado a dos caras de piedra Petra labrada, de 20x25 cm, recibido con mortero de cemento color gris M-5 y cemento cola. Incluso nivelación y aplomado de piedras, labrado ","unit_normalized=None, unit_raw=''","Revisar y mapear a una unidad canonical (ud, m2, m3, ml, kg, t, h, l, %, pa).",warning
unit_rare_or_empty,HRN100d,"Suministro y colocación de recercado a una cara de piedra Santanyí comercial labrada, de 20 cm, recibido con mortero de cemento color gris, M-5 y cemento cola. Incluso nivelación y aplomado de piedras","unit_normalized=None, unit_raw=''","Revisar y mapear a una unidad canonical (ud, m2, m3, ml, kg, t, h, l, %, pa).",warning
unit_rare_or_empty,HRN110,"Suministro y colocación de forro para esquinero de piedra Petra labrada, de 20x40 cm, colocado a inglete, recibido con mortero de cemento color gris M-5 y cemento cola, para formación de hueco en muro","unit_normalized=None, unit_raw=''","Revisar y mapear a una unidad canonical (ud, m2, m3, ml, kg, t, h, l, %, pa).",warning
unit_rare_or_empty,HRN110b,"Suministro y colocación de forro rústico para esquinero de piedra Binissalem labrada, de 20x40 cm, colocado a inglete, recibido con mortero de cemento industrial color gris M-5 y cemento cola, para fo","unit_normalized=None, unit_raw=''","Revisar y mapear a una unidad canonical (ud, m2, m3, ml, kg, t, h, l, %, pa).",warning
unit_rare_or_empty,HRN110c,"Suministro y colocación de forro para esquinero de piedra Santanyí comercial labrada, de 20x40 cm, colocado con canto recto, recibido con mortero de cemento color gris, M-5 y cemento cola, para formac","unit_normalized=None, unit_raw=''","Revisar y mapear a una unidad canonical (ud, m2, m3, ml, kg, t, h, l, %, pa).",warning
unit_rare_or_empty,HRN110d,"Suministro y colocación de esquinero macizo de piedra Petra labrada, de 40x20 cm, recibido con mortero de cemento color gris M-5, para formación de hueco en muro de cantería. Incluso nivelación y aplo","unit_normalized=None, unit_raw=''","Revisar y mapear a una unidad canonical (ud, m2, m3, ml, kg, t, h, l, %, pa).",warning
unit_rare_or_empty,HYA010f,"Repercusión por m² de superficie construida de obra, de ayudas de cualquier trabajo de albañilería, necesarias para la correcta ejecución de la infraestructura de telecomunicaciones (ICT) formada por:","unit_normalized=None, unit_raw=''","Revisar y mapear a una unidad canonical (ud, m2, m3, ml, kg, t, h, l, %, pa).",warning
unit_rare_or_empty,HYA010g,"Repercusión por m² de superficie construida de obra, de ayudas de cualquier trabajo de albañilería, necesarias para la correcta ejecución de la instalación de calefacción formada por: tuberías de dist","unit_normalized=None, unit_raw=''","Revisar y mapear a una unidad canonical (ud, m2, m3, ml, kg, t, h, l, %, pa).",warning
unit_rare_or_empty,HYA010h,"Repercusión por m² de superficie construida de obra, de ayudas de cualquier trabajo de albañilería, necesarias para la correcta ejecución de la instalación de climatización formada por: conductos con ","unit_normalized=None, unit_raw=''","Revisar y mapear a una unidad canonical (ud, m2, m3, ml, kg, t, h, l, %, pa).",warning
unit_rare_or_empty,HYA010i,"Repercusión por m² de superficie construida de obra, de ayudas de cualquier trabajo de albañilería, necesarias para la correcta ejecución de la instalación de climatización formada por: conductos con ","unit_normalized=None, unit_raw=''","Revisar y mapear a una unidad canonical (ud, m2, m3, ml, kg, t, h, l, %, pa).",warning
unit_rare_or_empty,HYA010j,"Repercusión por m² de superficie construida de obra, de ayudas de cualquier trabajo de albañilería, necesarias para la correcta ejecución de la instalación eléctrica formada por: puesta a tierra, red ","unit_normalized=None, unit_raw=''","Revisar y mapear a una unidad canonical (ud, m2, m3, ml, kg, t, h, l, %, pa).",warning
unit_rare_or_empty,HYA010k,"Repercusión por m² de superficie construida de obra, de ayudas de cualquier trabajo de albañilería, necesarias para la correcta ejecución de la instalación eléctrica formada por: puesta a tierra, red ","unit_normalized=None, unit_raw=''","Revisar y mapear a una unidad canonical (ud, m2, m3, ml, kg, t, h, l, %, pa).",warning
unit_rare_or_empty,HYA010l,"Repercusión por m² de superficie construida de obra, de ayudas de cualquier trabajo de albañilería, necesarias para la correcta ejecución de la instalación de fontanería y saneamiento formada por: aco","unit_normalized=None, unit_raw=''","Revisar y mapear a una unidad canonical (ud, m2, m3, ml, kg, t, h, l, %, pa).",warning
unit_rare_or_empty,HYA010m,"Repercusión por m² de superficie construida de obra, de ayudas de cualquier trabajo de albañilería, necesarias para la correcta ejecución de la instalación de fontanería y saneamiento formada por: aco","unit_normalized=None, unit_raw=''","Revisar y mapear a una unidad canonical (ud, m2, m3, ml, kg, t, h, l, %, pa).",warning
unit_rare_or_empty,HYA010p,"Ayudas de cualquier trabajo de albañilería necesarias para la correcta ejecución de la instalación de ascensor formada por: equipos de montaje, ventilación, alumbrado, extinción de incendios y alarma ","unit_normalized=None, unit_raw=''","Revisar y mapear a una unidad canonical (ud, m2, m3, ml, kg, t, h, l, %, pa).",warning
unit_rare_or_empty,HYO010,"Apertura de rozas en fábrica de bloque hueco de hormigón, sin afectar a la estabilidad del elemento constructivo, y carga manual de escombros sobre camión o contenedor.","unit_normalized=None, unit_raw=''","Revisar y mapear a una unidad canonical (ud, m2, m3, ml, kg, t, h, l, %, pa).",warning
unit_rare_or_empty,HYO010b,"Apertura de rozas en fábrica de bloque de termoarcilla, con medios manuales sin afectar a la estabilidad del elemento constructivo y carga de escombros sobre camión o contenedor.","unit_normalized=None, unit_raw=''","Revisar y mapear a una unidad canonical (ud, m2, m3, ml, kg, t, h, l, %, pa).",warning
unit_rare_or_empty,HYO010d,"Apertura de rozas en fábrica de ladrillo perforado, con medios manuales sin afectar a la estabilidad del elemento constructivo y carga de escombros sobre camión o contenedor.","unit_normalized=None, unit_raw=''","Revisar y mapear a una unidad canonical (ud, m2, m3, ml, kg, t, h, l, %, pa).",warning
unit_rare_or_empty,HYO010e,"Apertura de rozas en fábrica de ladrillo hueco, con medios manuales sin afectar a la estabilidad del elemento constructivo y carga de escombros sobre camión o contenedor.","unit_normalized=None, unit_raw=''","Revisar y mapear a una unidad canonical (ud, m2, m3, ml, kg, t, h, l, %, pa).",warning
unit_rare_or_empty,HYO020,"Formación de peldañeado de escalera con pieza de ladrillo cerámico de 15,5x27x33 cm recibido con mortero de cemento, industrial, M-5, sobre la losa o bóveda de escalera, como base para la posterior co","unit_normalized=None, unit_raw=''","Revisar y mapear a una unidad canonical (ud, m2, m3, ml, kg, t, h, l, %, pa).",warning
unit_rare_or_empty,IAA031,"Suministro e instalación de mástil para fijación de 3 antenas, de tubo de acero con tratamiento anticorrosión, de 3,3 m de altura, 35 mm de diámetro y 1,5 mm de espesor. Incluso anclajes y cuantos acc","unit_normalized=None, unit_raw=''","Revisar y mapear a una unidad canonical (ud, m2, m3, ml, kg, t, h, l, %, pa).",warning
unit_rare_or_empty,IAA034,"Suministro e instalación de antena exterior UHF para captación de señales de televisión analógica, televisión digital terrestre (TDT) y televisión de alta definición (HDTV) procedentes de emisiones te","unit_normalized=None, unit_raw=''","Revisar y mapear a una unidad canonical (ud, m2, m3, ml, kg, t, h, l, %, pa).",warning
unit_rare_or_empty,IAA039,"Suministro e instalación de amplificador de mástil, de 3 entradas, BI/FM/BIII-UHF-FI, de 35 dB de ganancia máxima. Incluso conectores tipo ""F"", fuente de alimentación, carga resistiva y cuantos acceso","unit_normalized=None, unit_raw=''","Revisar y mapear a una unidad canonical (ud, m2, m3, ml, kg, t, h, l, %, pa).",warning
unit_rare_or_empty,IAA040,"Suministro e instalación de equipo de cabecera, formado por: 1 amplificador multicanal UHF, de 50 dB de ganancia; 1 amplificador FM; 1 amplificador DAB y 1 amplificador FI, todos ellos con autoseparac","unit_normalized=None, unit_raw=''","Revisar y mapear a una unidad canonical (ud, m2, m3, ml, kg, t, h, l, %, pa).",warning
unit_rare_or_empty,IAA100,"Suministro e instalación de cable coaxial RG-59 de 75 Ohm de impedancia característica media, reacción al fuego clase Eca, con conductor central de cobre de 1,15 mm de diámetro, dieléctrico de polieti","unit_normalized=None, unit_raw=''","Revisar y mapear a una unidad canonical (ud, m2, m3, ml, kg, t, h, l, %, pa).",warning
unit_rare_or_empty,IAA110,"Suministro e instalación de derivador de 5-2400 MHz, de 4 derivaciones y 12 dB de pérdida de derivación, con conectores tipo ""F"". Incluye: Colocación del derivador. Conexionado y comprobación de su co","unit_normalized=None, unit_raw=''","Revisar y mapear a una unidad canonical (ud, m2, m3, ml, kg, t, h, l, %, pa).",warning
unit_rare_or_empty,IAA115,"Suministro e instalación de distribuidor de 5-2400 MHz de 3 salidas, de 7 dB de pérdidas de inserción a 850 MHz y 8 dB de pérdidas de inserción a 2150 MHz.","unit_normalized=None, unit_raw=''","Revisar y mapear a una unidad canonical (ud, m2, m3, ml, kg, t, h, l, %, pa).",warning
unit_rare_or_empty,IAV010,"Instalación de kit de videoportero convencional COLOR antivandálico para vivienda unifamiliar compuesto de: placa exterior de calle antivandálica con pulsador de llamada y telecámara, fuente de alimen","unit_normalized=None, unit_raw=''","Revisar y mapear a una unidad canonical (ud, m2, m3, ml, kg, t, h, l, %, pa).",warning
unit_rare_or_empty,IAV011b,"Instalación de videoportero digital para 10 viviendas compuesto de: placa exterior de calle digital con 10 pulsadores de llamada, cierre superior e inferior y telecámara COLOR, alimentador y monitores","unit_normalized=None, unit_raw=''","Revisar y mapear a una unidad canonical (ud, m2, m3, ml, kg, t, h, l, %, pa).",warning
unit_rare_or_empty,IAV020,"Instalación de kit de portero electrónico antivandálico para vivienda unifamiliar compuesto de: placa exterior de calle antivandálica con pulsador de llamada, fuente de alimentación y teléfono. Inclus","unit_normalized=None, unit_raw=''","Revisar y mapear a una unidad canonical (ud, m2, m3, ml, kg, t, h, l, %, pa).",warning
unit_rare_or_empty,IAV021,"Instalación de portero electrónico convencional para 10 viviendas compuesto de: placa exterior de calle convencional con 10 pulsadores de llamada, cierre superior e inferior, alimentador y 10 teléfono","unit_normalized=None, unit_raw=''","Revisar y mapear a una unidad canonical (ud, m2, m3, ml, kg, t, h, l, %, pa).",warning
unit_rare_or_empty,ICA010,"Suministro e instalación de termo eléctrico para el servicio de A.C.S., mural vertical, resistencia blindada, capacidad 100 l, potencia 2,2 kW, de 913 mm de altura y 450 mm de diámetro, formado por cu","unit_normalized=None, unit_raw=''","Revisar y mapear a una unidad canonical (ud, m2, m3, ml, kg, t, h, l, %, pa).",warning
unit_rare_or_empty,ICA030,"Suministro e instalación de calentador instantáneo a gas, para el servicio de A.C.S., mural vertical, para uso interior, cámara de combustión abierta y tiro natural, encendido piezoeléctrico, con llam","unit_normalized=None, unit_raw=''","Revisar y mapear a una unidad canonical (ud, m2, m3, ml, kg, t, h, l, %, pa).",warning
unit_rare_or_empty,ICA032,"Suministro e instalación de calentador instantáneo a gas N, para el servicio de A.C.S., de condensación, mural vertical, para uso interior, cámara de combustión estanca y tiro forzado, encendido elect","unit_normalized=None, unit_raw=''","Revisar y mapear a una unidad canonical (ud, m2, m3, ml, kg, t, h, l, %, pa).",warning
unit_rare_or_empty,ICA040,"Suministro e instalación de acumulador a gas natural para el servicio de A.C.S., de suelo, cámara de combustión abierta y tiro natural, encendido piezoeléctrico, con llama piloto, capacidad 115 l, que","unit_normalized=None, unit_raw=''","Revisar y mapear a una unidad canonical (ud, m2, m3, ml, kg, t, h, l, %, pa).",warning
unit_rare_or_empty,ICA042,"Suministro e instalación de termoacumulador a gas natural, de condensación, para el servicio de A.C.S., de suelo, cámara de combustión estanca y tiro forzado, capacidad útil 129 l, diámetro 560 mm, al","unit_normalized=None, unit_raw=''","Revisar y mapear a una unidad canonical (ud, m2, m3, ml, kg, t, h, l, %, pa).",warning
unit_rare_or_empty,ICB005,"Suministro e instalación de sistema de captación solar térmica, completo, para instalación individual, formado por panel de acero inoxidable con tratamiento selectivo, color azul, de 2031x1060x290 mm,","unit_normalized=None, unit_raw=''","Revisar y mapear a una unidad canonical (ud, m2, m3, ml, kg, t, h, l, %, pa).",warning
unit_rare_or_empty,ICB005b,"Suministro e instalación de captador solar térmico por termosifón, completo, para instalación individual, para colocación sobre cubierta plana, formado por: panel de 1050x2000x75 mm, superficie útil 1","unit_normalized=None, unit_raw=''","Revisar y mapear a una unidad canonical (ud, m2, m3, ml, kg, t, h, l, %, pa).",warning
unit_rare_or_empty,ICB010,"Suministro e instalación de captador solar térmico plano, con panel de montaje vertical de 1135x2115x112 mm, superficie útil 2,1 m², rendimiento óptico 0,75 y coeficiente de pérdidas primario 3,993 W/","unit_normalized=None, unit_raw=''","Revisar y mapear a una unidad canonical (ud, m2, m3, ml, kg, t, h, l, %, pa).",warning
unit_rare_or_empty,ICC017,"Suministro e instalación de caldera de pie a gasóleo, para calefacción y A.C.S. instantánea, cámara de combustión abierta y tiro natural, potencia escalonable de 20 a 25 kW, caudal de A.C.S. 14,3 l/mi","unit_normalized=None, unit_raw=''","Revisar y mapear a una unidad canonical (ud, m2, m3, ml, kg, t, h, l, %, pa).",warning
unit_rare_or_empty,ICC116,"Suministro e instalación de caldera de pie, de baja temperatura, con cuerpo de fundición de hierro gris GL 180 para quemador presurizado de gasóleo, potencia de calefacción 28 kW, peso 208 kg, dimensi","unit_normalized=None, unit_raw=''","Revisar y mapear a una unidad canonical (ud, m2, m3, ml, kg, t, h, l, %, pa).",warning
unit_rare_or_empty,ICD010,"Suministro e instalación de depósito homologado de gasóleo enterrado de chapa de acero, de simple pared contenido en cubeto, con una capacidad de 1000 litros. Incluso medidor de nivel, interruptor de ","unit_normalized=None, unit_raw=''","Revisar y mapear a una unidad canonical (ud, m2, m3, ml, kg, t, h, l, %, pa).",warning
unit_rare_or_empty,ICD010b,"Suministro e instalación de depósito homologado de gasóleo enterrado de chapa de acero, de simple pared contenido en cubeto, con una capacidad de 10000 litros. Incluso medidor de nivel, interruptor de","unit_normalized=None, unit_raw=''","Revisar y mapear a una unidad canonical (ud, m2, m3, ml, kg, t, h, l, %, pa).",warning
unit_rare_or_empty,ICD020,"Suministro e instalación de depósito homologado de gasóleo de superficie de polietileno de alta densidad (PEAD/HDPE) para instalación en interior de edificaciones, de simple pared contenido en cubeto,","unit_normalized=None, unit_raw=''","Revisar y mapear a una unidad canonical (ud, m2, m3, ml, kg, t, h, l, %, pa).",warning
unit_rare_or_empty,ICD020b,"Suministro e instalación de depósito homologado de gasóleo de superficie de chapa de acero, de simple pared contenido en cubeto, con una capacidad de 10.000 litros. Incluso medidor de nivel, interrupt","unit_normalized=None, unit_raw=''","Revisar y mapear a una unidad canonical (ud, m2, m3, ml, kg, t, h, l, %, pa).",warning
unit_rare_or_empty,ICD020c,"Suministro e instalación de depósito homologado de gasóleo de superficie de polietileno de alta densidad y alto peso molecular, de doble paredo, con una capacidad de 2.000 litros. Incluso medidor de n","unit_normalized=None, unit_raw=''","Revisar y mapear a una unidad canonical (ud, m2, m3, ml, kg, t, h, l, %, pa).",warning
unit_rare_or_empty,ICE040,"Suministro e instalación de radiador de aluminio inyectado, emisión calorífica 477 kcal/h, según UNE-EN 442-1, para una diferencia media de temperatura de 50°C entre el radiador y el ambiente, compues","unit_normalized=None, unit_raw=''","Revisar y mapear a una unidad canonical (ud, m2, m3, ml, kg, t, h, l, %, pa).",warning
unit_rare_or_empty,ICE040b,"Suministro e instalación de radiador de aluminio inyectado, emisión calorífica 636 kcal/h, según UNE-EN 442-1, para una diferencia media de temperatura de 50°C entre el radiador y el ambiente, compues","unit_normalized=None, unit_raw=''","Revisar y mapear a una unidad canonical (ud, m2, m3, ml, kg, t, h, l, %, pa).",warning
unit_rare_or_empty,ICE040ba,"Suministro e instalación de radiador de acero, emisión calorífica 560 kcal/h, según UNE-EN 442-1, para una diferencia media de temperatura de 50°C entre el radiador y el ambiente, compuesto de 10 elem","unit_normalized=None, unit_raw=''","Revisar y mapear a una unidad canonical (ud, m2, m3, ml, kg, t, h, l, %, pa).",warning
unit_rare_or_empty,ICE040c,"Suministro e instalación de radiador de aluminio inyectado, emisión calorífica 795 kcal/h, según UNE-EN 442-1, para una diferencia media de temperatura de 50°C entre el radiador y el ambiente, compues","unit_normalized=None, unit_raw=''","Revisar y mapear a una unidad canonical (ud, m2, m3, ml, kg, t, h, l, %, pa).",warning
unit_rare_or_empty,ICE040d,"Suministro e instalación de radiador de aluminio inyectado, emisión calorífica 623,4 kcal/h, según UNE-EN 442-1, para una diferencia media de temperatura de 50°C entre el radiador y el ambiente, compu","unit_normalized=None, unit_raw=''","Revisar y mapear a una unidad canonical (ud, m2, m3, ml, kg, t, h, l, %, pa).",warning
unit_rare_or_empty,ICE040e,"Suministro e instalación de radiador de aluminio inyectado, emisión calorífica 831,2 kcal/h, según UNE-EN 442-1, para una diferencia media de temperatura de 50°C entre el radiador y el ambiente, compu","unit_normalized=None, unit_raw=''","Revisar y mapear a una unidad canonical (ud, m2, m3, ml, kg, t, h, l, %, pa).",warning
unit_rare_or_empty,ICE040f,"Suministro e instalación de radiador de aluminio inyectado, emisión calorífica 1039 kcal/h, según UNE-EN 442-1, para una diferencia media de temperatura de 50°C entre el radiador y el ambiente, compue","unit_normalized=None, unit_raw=''","Revisar y mapear a una unidad canonical (ud, m2, m3, ml, kg, t, h, l, %, pa).",warning
unit_rare_or_empty,ICE040g,"Suministro e instalación de radiador de aluminio inyectado, emisión calorífica 714,6 kcal/h, según UNE-EN 442-1, para una diferencia media de temperatura de 50°C entre el radiador y el ambiente, compu","unit_normalized=None, unit_raw=''","Revisar y mapear a una unidad canonical (ud, m2, m3, ml, kg, t, h, l, %, pa).",warning
unit_rare_or_empty,ICE040h,"Suministro e instalación de radiador de aluminio inyectado, emisión calorífica 952,8 kcal/h, según UNE-EN 442-1, para una diferencia media de temperatura de 50°C entre el radiador y el ambiente, compu","unit_normalized=None, unit_raw=''","Revisar y mapear a una unidad canonical (ud, m2, m3, ml, kg, t, h, l, %, pa).",warning
unit_rare_or_empty,ICE040i,"Suministro e instalación de radiador de aluminio inyectado, emisión calorífica 1191 kcal/h, según UNE-EN 442-1, para una diferencia media de temperatura de 50°C entre el radiador y el ambiente, compue","unit_normalized=None, unit_raw=''","Revisar y mapear a una unidad canonical (ud, m2, m3, ml, kg, t, h, l, %, pa).",warning
unit_rare_or_empty,ICE040j,"Suministro e instalación de radiador de aluminio inyectado, emisión calorífica 802,2 kcal/h, según UNE-EN 442-1, para una diferencia media de temperatura de 50°C entre el radiador y el ambiente, compu","unit_normalized=None, unit_raw=''","Revisar y mapear a una unidad canonical (ud, m2, m3, ml, kg, t, h, l, %, pa).",warning
unit_rare_or_empty,ICE040k,"Suministro e instalación de radiador de aluminio inyectado, emisión calorífica 1069,6 kcal/h, según UNE-EN 442-1, para una diferencia media de temperatura de 50°C entre el radiador y el ambiente, comp","unit_normalized=None, unit_raw=''","Revisar y mapear a una unidad canonical (ud, m2, m3, ml, kg, t, h, l, %, pa).",warning
unit_rare_or_empty,ICE040l,"Suministro e instalación de radiador de aluminio inyectado, emisión calorífica 1337 kcal/h, según UNE-EN 442-1, para una diferencia media de temperatura de 50°C entre el radiador y el ambiente, compue","unit_normalized=None, unit_raw=''","Revisar y mapear a una unidad canonical (ud, m2, m3, ml, kg, t, h, l, %, pa).",warning
unit_rare_or_empty,ICE040m,"Suministro e instalación de radiador de hierro fundido, emisión calorífica 304,2 kcal/h, según UNE-EN 442-1, para una diferencia media de temperatura de 50°C entre el radiador y el ambiente, compuesto","unit_normalized=None, unit_raw=''","Revisar y mapear a una unidad canonical (ud, m2, m3, ml, kg, t, h, l, %, pa).",warning
unit_rare_or_empty,ICE040n,"Suministro e instalación de radiador de hierro fundido, emisión calorífica 405,6 kcal/h, según UNE-EN 442-1, para una diferencia media de temperatura de 50°C entre el radiador y el ambiente, compuesto","unit_normalized=None, unit_raw=''","Revisar y mapear a una unidad canonical (ud, m2, m3, ml, kg, t, h, l, %, pa).",warning
unit_rare_or_empty,ICE040o,"Suministro e instalación de radiador de hierro fundido, emisión calorífica 507 kcal/h, según UNE-EN 442-1, para una diferencia media de temperatura de 50°C entre el radiador y el ambiente, compuesto d","unit_normalized=None, unit_raw=''","Revisar y mapear a una unidad canonical (ud, m2, m3, ml, kg, t, h, l, %, pa).",warning
unit_rare_or_empty,ICE040p,"Suministro e instalación de radiador de hierro fundido, emisión calorífica 380,4 kcal/h, según UNE-EN 442-1, para una diferencia media de temperatura de 50°C entre el radiador y el ambiente, compuesto","unit_normalized=None, unit_raw=''","Revisar y mapear a una unidad canonical (ud, m2, m3, ml, kg, t, h, l, %, pa).",warning
unit_rare_or_empty,ICE040q,"Suministro e instalación de radiador de hierro fundido, emisión calorífica 507,2 kcal/h, según UNE-EN 442-1, para una diferencia media de temperatura de 50°C entre el radiador y el ambiente, compuesto","unit_normalized=None, unit_raw=''","Revisar y mapear a una unidad canonical (ud, m2, m3, ml, kg, t, h, l, %, pa).",warning
unit_rare_or_empty,ICE040r,"Suministro e instalación de radiador de hierro fundido, emisión calorífica 634 kcal/h, según UNE-EN 442-1, para una diferencia media de temperatura de 50°C entre el radiador y el ambiente, compuesto d","unit_normalized=None, unit_raw=''","Revisar y mapear a una unidad canonical (ud, m2, m3, ml, kg, t, h, l, %, pa).",warning
unit_rare_or_empty,ICE040v,"Suministro e instalación de radiador de acero, emisión calorífica 272,4 kcal/h, según UNE-EN 442-1, para una diferencia media de temperatura de 50°C entre el radiador y el ambiente, compuesto de 6 ele","unit_normalized=None, unit_raw=''","Revisar y mapear a una unidad canonical (ud, m2, m3, ml, kg, t, h, l, %, pa).",warning
unit_rare_or_empty,ICE040w,"Suministro e instalación de radiador de acero, emisión calorífica 363,2 kcal/h, según UNE-EN 442-1, para una diferencia media de temperatura de 50°C entre el radiador y el ambiente, compuesto de 8 ele","unit_normalized=None, unit_raw=''","Revisar y mapear a una unidad canonical (ud, m2, m3, ml, kg, t, h, l, %, pa).",warning
unit_rare_or_empty,ICE040x,"Suministro e instalación de radiador de acero, emisión calorífica 454 kcal/h, según UNE-EN 442-1, para una diferencia media de temperatura de 50°C entre el radiador y el ambiente, compuesto de 10 elem","unit_normalized=None, unit_raw=''","Revisar y mapear a una unidad canonical (ud, m2, m3, ml, kg, t, h, l, %, pa).",warning
unit_rare_or_empty,ICE040y,"Suministro e instalación de radiador de acero, emisión calorífica 336 kcal/h, según UNE-EN 442-1, para una diferencia media de temperatura de 50°C entre el radiador y el ambiente, compuesto de 6 eleme","unit_normalized=None, unit_raw=''","Revisar y mapear a una unidad canonical (ud, m2, m3, ml, kg, t, h, l, %, pa).",warning
unit_rare_or_empty,ICE040z,"Suministro e instalación de radiador de acero, emisión calorífica 448 kcal/h, según UNE-EN 442-1, para una diferencia media de temperatura de 50°C entre el radiador y el ambiente, compuesto de 8 eleme","unit_normalized=None, unit_raw=''","Revisar y mapear a una unidad canonical (ud, m2, m3, ml, kg, t, h, l, %, pa).",warning
unit_rare_or_empty,ICE045,"Suministro e instalación de panel doble con convector doble, de chapa de acero, en instalaciones de agua caliente hasta 6 bar y 110°C, de 400x900x100 mm, emisión calorífica 909 kcal/h para una diferen","unit_normalized=None, unit_raw=''","Revisar y mapear a una unidad canonical (ud, m2, m3, ml, kg, t, h, l, %, pa).",warning
unit_rare_or_empty,ICE045b,"Suministro e instalación de panel doble con convector doble, de chapa de acero, en instalaciones de agua caliente hasta 6 bar y 110°C, de 400x1200x100 mm, emisión calorífica 1213 kcal/h para una difer","unit_normalized=None, unit_raw=''","Revisar y mapear a una unidad canonical (ud, m2, m3, ml, kg, t, h, l, %, pa).",warning
unit_rare_or_empty,ICE045c,"Suministro e instalación de panel doble con convector doble, de chapa de acero, en instalaciones de agua caliente hasta 6 bar y 110°C, de 500x900x100 mm, emisión calorífica 1182 kcal/h para una difere","unit_normalized=None, unit_raw=''","Revisar y mapear a una unidad canonical (ud, m2, m3, ml, kg, t, h, l, %, pa).",warning
unit_rare_or_empty,ICE045d,"Suministro e instalación de panel doble con convector doble, de chapa de acero, en instalaciones de agua caliente hasta 6 bar y 110°C, de 500x1200x100 mm, emisión calorífica 1575 kcal/h para una difer","unit_normalized=None, unit_raw=''","Revisar y mapear a una unidad canonical (ud, m2, m3, ml, kg, t, h, l, %, pa).",warning
unit_rare_or_empty,ICE045e,"Suministro e instalación de panel doble con convector doble, de chapa de acero, en instalaciones de agua caliente hasta 6 bar y 110°C, de 600x900x100 mm, emisión calorífica 1377 kcal/h para una difere","unit_normalized=None, unit_raw=''","Revisar y mapear a una unidad canonical (ud, m2, m3, ml, kg, t, h, l, %, pa).",warning
unit_rare_or_empty,ICE045f,"Suministro e instalación de panel doble con convector doble, de chapa de acero, en instalaciones de agua caliente hasta 6 bar y 110°C, de 600x1200x100 mm, emisión calorífica 1836 kcal/h para una difer","unit_normalized=None, unit_raw=''","Revisar y mapear a una unidad canonical (ud, m2, m3, ml, kg, t, h, l, %, pa).",warning
unit_rare_or_empty,ICE050,"Suministro e instalación de radiador toallero tubular de chapa de acero acabado blanco, para cuartos de baño, gama básica, de 500x733 mm y emisión calorífica 358 kcal/h para una diferencia media de te","unit_normalized=None, unit_raw=''","Revisar y mapear a una unidad canonical (ud, m2, m3, ml, kg, t, h, l, %, pa).",warning
unit_rare_or_empty,ICE100,"Suministro e instalación de colector modular de poliamida reforzada, para 4 circuitos, compuesto de conexiones principales de 1"", derivaciones de 3/4"", termómetros, purgadores automáticos, llave de ll","unit_normalized=None, unit_raw=''","Revisar y mapear a una unidad canonical (ud, m2, m3, ml, kg, t, h, l, %, pa).",warning
unit_rare_or_empty,ICE110,"Suministro e instalación de sistema de calefacción por suelo radiante compuesto por panel portatubos aislante de poliestireno expandido (EPS), de 30 kg/m³ de densidad, de 1450x850 mm y 13 mm de espeso","unit_normalized=None, unit_raw=''","Revisar y mapear a una unidad canonical (ud, m2, m3, ml, kg, t, h, l, %, pa).",warning
unit_rare_or_empty,ICE157,"Suministro e instalación de válvula de limitación de la temperatura de retorno para un circuito de calefacción, con rueda de termostato para regulación de la temperatura entre 20°C y 40°C, purgador de","unit_normalized=None, unit_raw=''","Revisar y mapear a una unidad canonical (ud, m2, m3, ml, kg, t, h, l, %, pa).",warning
unit_rare_or_empty,ICE161,"Suministro e instalación de grupo de impulsión para control de la bomba de circulación en instalaciones de calefacción, con centralita, instalación en colector, válido para instalación de suelo radian","unit_normalized=None, unit_raw=''","Revisar y mapear a una unidad canonical (ud, m2, m3, ml, kg, t, h, l, %, pa).",warning
unit_rare_or_empty,ICE162,"Suministro e instalación de sistema para control de la temperatura del agua de impulsión por accionamiento de la válvula motorizada de 3 vías, control de la caldera, de la producción de A.C.S. y de la","unit_normalized=None, unit_raw=''","Revisar y mapear a una unidad canonical (ud, m2, m3, ml, kg, t, h, l, %, pa).",warning
unit_rare_or_empty,ICF030,"Suministro e instalación de fancoil horizontal de techo sin envolvente, sistema de dos tubos, potencia frigorífica total a velocidad media 3,27 kW, potencia frigorífica sensible a velocidad media 2,45","unit_normalized=None, unit_raw=''","Revisar y mapear a una unidad canonical (ud, m2, m3, ml, kg, t, h, l, %, pa).",warning
unit_rare_or_empty,ICF035,"Suministro e instalación de fancoil horizontal con envolvente, sistema de cuatro tubos, potencia frigorífica total nominal de 3,34 kW (temperatura húmeda de entrada del aire: 19°C; temperatura de entr","unit_normalized=None, unit_raw=''","Revisar y mapear a una unidad canonical (ud, m2, m3, ml, kg, t, h, l, %, pa).",warning
unit_rare_or_empty,ICF040,"Suministro e instalación de fancoil vertical con envolvente, sistema de dos tubos, potencia frigorífica total nominal de 3,34 kW (temperatura húmeda de entrada del aire: 19°C; temperatura de entrada d","unit_normalized=None, unit_raw=''","Revisar y mapear a una unidad canonical (ud, m2, m3, ml, kg, t, h, l, %, pa).",warning
unit_rare_or_empty,ICF050,"Suministro e instalación de fancoil de cassette, sistema de dos tubos, de 570x570x295 mm, potencia frigorífica total nominal de 3,43 kW (temperatura húmeda de entrada del aire: 19°C; temperatura de en","unit_normalized=None, unit_raw=''","Revisar y mapear a una unidad canonical (ud, m2, m3, ml, kg, t, h, l, %, pa).",warning
unit_rare_or_empty,ICF110,"Suministro e instalación de aerotermo, potencia calorífica 13,3 kW, caudal de aire nominal 1750 m³/h, nivel sonoro nominal 50 dBA, ventilador helicoidal de 2 velocidades, dimensiones 555x280x390 mm, a","unit_normalized=None, unit_raw=''","Revisar y mapear a una unidad canonical (ud, m2, m3, ml, kg, t, h, l, %, pa).",warning
unit_rare_or_empty,ICF110b,"Suministro e instalación de aerotermo, potencia calorífica 17,7 kW, caudal de aire nominal 2450 m³/h, nivel sonoro nominal 51 dBA, ventilador helicoidal de 2 velocidades, dimensiones 605x280x440 mm, a","unit_normalized=None, unit_raw=''","Revisar y mapear a una unidad canonical (ud, m2, m3, ml, kg, t, h, l, %, pa).",warning
unit_rare_or_empty,ICG231,"Suministro e instalación de caldera mural de condensación a gas, para calefacción, cámara de combustión estanca y tiro forzado, potencia nominal 30 kW, rendimiento 92%, eficiencia energética clase A, ","unit_normalized=None, unit_raw=''","Revisar y mapear a una unidad canonical (ud, m2, m3, ml, kg, t, h, l, %, pa).",warning
unit_rare_or_empty,ICG232,"Suministro e instalación de caldera mural de condensación a gas, para calefacción y A.C.S. instantánea con microacumulación, cámara de combustión estanca y tiro forzado, potencia nominal 24 kW, potenc","unit_normalized=None, unit_raw=''","Revisar y mapear a una unidad canonical (ud, m2, m3, ml, kg, t, h, l, %, pa).",warning
unit_rare_or_empty,ICI010,"Suministro e instalación de caldera mural eléctrica para calefacción, potencia de 15 kW, con tres escalones de potencia de 5, 10 y 15 kW, constituida por cuerpo de caldera, envolvente, vaso de expansi","unit_normalized=None, unit_raw=''","Revisar y mapear a una unidad canonical (ud, m2, m3, ml, kg, t, h, l, %, pa).",warning
unit_rare_or_empty,ICI011,"Suministro e instalación de caldera mural mixta eléctrica para calefacción y A.C.S., potencia de 18,0 kW, constituida por cuerpo de caldera, envolvente, vaso de expansión, bomba, termostato y todos aq","unit_normalized=None, unit_raw=''","Revisar y mapear a una unidad canonical (ud, m2, m3, ml, kg, t, h, l, %, pa).",warning
unit_rare_or_empty,ICM010,"Suministro e instalación de emisor térmico seco, potencia 750 W, panel de control con selector de temperatura y programador y display digitales, de aluminio extruido, doble resistencia, de 6 elementos","unit_normalized=None, unit_raw=''","Revisar y mapear a una unidad canonical (ud, m2, m3, ml, kg, t, h, l, %, pa).",warning
unit_rare_or_empty,ICM010b,"Suministro e instalación de emisor térmico seco, potencia 1000 W, panel de control con selector de temperatura y programador y display digitales, de aluminio extruido, doble resistencia, de 8 elemento","unit_normalized=None, unit_raw=''","Revisar y mapear a una unidad canonical (ud, m2, m3, ml, kg, t, h, l, %, pa).",warning
unit_rare_or_empty,ICM010c,"Suministro e instalación de emisor térmico seco, potencia 1500 W, panel de control con selector de temperatura y programador y display digitales, de aluminio extruido, doble resistencia, de 12 element","unit_normalized=None, unit_raw=''","Revisar y mapear a una unidad canonical (ud, m2, m3, ml, kg, t, h, l, %, pa).",warning
unit_rare_or_empty,ICM010d,"Suministro e instalación de radiador toallero tubular para cuartos de baño, de chapa de acero acabado blanco, gama básica, de 400 W, aislamiento clase I, con termostato, de 500x733 mm, alimentación mo","unit_normalized=None, unit_raw=''","Revisar y mapear a una unidad canonical (ud, m2, m3, ml, kg, t, h, l, %, pa).",warning
unit_rare_or_empty,ICN010,"Suministro e instalación de línea frigorífica doble realizada con tubería para gas mediante tubo de cobre sin soldadura, de 3/8"" de diámetro y 0,8 mm de espesor con coquilla de espuma elastomérica, de","unit_normalized=None, unit_raw=''","Revisar y mapear a una unidad canonical (ud, m2, m3, ml, kg, t, h, l, %, pa).",warning
unit_rare_or_empty,ICN020,"Suministro e instalación de equipo de aire acondicionado, sistema aire-aire split 1x1, con unidad interior de pared, para gas R-32, bomba de calor, alimentación monofásica (230V/50Hz), potencia frigor","unit_normalized=None, unit_raw=''","Revisar y mapear a una unidad canonical (ud, m2, m3, ml, kg, t, h, l, %, pa).",warning
unit_rare_or_empty,ICN020b,"Suministro e instalación de equipo de aire acondicionado, sistema aire-aire split 1x1, con unidad interior de pared, para gas R-32, bomba de calor, alimentación monofásica (230V/50Hz), potencia frigor","unit_normalized=None, unit_raw=''","Revisar y mapear a una unidad canonical (ud, m2, m3, ml, kg, t, h, l, %, pa).",warning
unit_rare_or_empty,ICN021,"Suministro e instalación de equipo de aire acondicionado, sistema aire-aire multi-split 2x1, con unidades interiores de pared, para gas R-32, bomba de calor, alimentación monofásica (230V/50Hz), poten","unit_normalized=None, unit_raw=''","Revisar y mapear a una unidad canonical (ud, m2, m3, ml, kg, t, h, l, %, pa).",warning
unit_rare_or_empty,ICN021b,"Suministro e instalación de equipo de aire acondicionado, sistema aire-aire multi-split 3x1, con unidades interiores de pared, para gas R-32, bomba de calor, alimentación monofásica (230V/50Hz), poten","unit_normalized=None, unit_raw=''","Revisar y mapear a una unidad canonical (ud, m2, m3, ml, kg, t, h, l, %, pa).",warning
unit_rare_or_empty,ICN100,"Suministro e instalación de unidad interior de aire acondicionado, de pared, sistema aire-aire multi-split, para gas R-32, bomba de calor, alimentación monofásica (230V/50Hz), potencia frigorífica nom","unit_normalized=None, unit_raw=''","Revisar y mapear a una unidad canonical (ud, m2, m3, ml, kg, t, h, l, %, pa).",warning
unit_rare_or_empty,ICN100b,"Suministro e instalación de unidad interior de aire acondicionado, de pared, sistema aire-aire multi-split, para gas R-32, bomba de calor, alimentación monofásica (230V/50Hz), potencia frigorífica nom","unit_normalized=None, unit_raw=''","Revisar y mapear a una unidad canonical (ud, m2, m3, ml, kg, t, h, l, %, pa).",warning
unit_rare_or_empty,ICN150,"Suministro e instalación de unidad exterior de aire acondicionado, sistema aire-aire multi-split, para gas R-32, bomba de calor, alimentación monofásica (230V/50Hz), potencia frigorífica nominal 4,5 k","unit_normalized=None, unit_raw=''","Revisar y mapear a una unidad canonical (ud, m2, m3, ml, kg, t, h, l, %, pa).",warning
unit_rare_or_empty,ICQ015,"Suministro e instalación de caldera para la combustión de pellets, potencia nominal de 4,8 a 16 kW, con cuerpo de acero soldado y ensayado a presión, de 1130x590x865 mm, aislamiento interior, cámara d","unit_normalized=None, unit_raw=''","Revisar y mapear a una unidad canonical (ud, m2, m3, ml, kg, t, h, l, %, pa).",warning
unit_rare_or_empty,ICR021,"Formación de conducto rectangular para la distribución de aire climatizado formado por panel rígido de alta densidad de lana de vidrio según UNE-EN 13162, revestido por sus dos caras, la exterior con ","unit_normalized=None, unit_raw=''","Revisar y mapear a una unidad canonical (ud, m2, m3, ml, kg, t, h, l, %, pa).",warning
unit_rare_or_empty,ICR030,"Suministro y montaje de rejilla de impulsión, de aluminio extruido, anodizado color natural E6-C-0, con lamas horizontales regulables individualmente, de 625x125 mm, con parte posterior de chapa de ac","unit_normalized=None, unit_raw=''","Revisar y mapear a una unidad canonical (ud, m2, m3, ml, kg, t, h, l, %, pa).",warning
unit_rare_or_empty,ICR030b,"Suministro y montaje de rejilla de impulsión, de aluminio extruido, anodizado color natural E6-C-0, con lamas horizontales regulables individualmente, de 1025x125 mm, con parte posterior de chapa de a","unit_normalized=None, unit_raw=''","Revisar y mapear a una unidad canonical (ud, m2, m3, ml, kg, t, h, l, %, pa).",warning
unit_rare_or_empty,ICR030c,"Suministro y montaje de rejilla de impulsión de aluminio extruido, con doble deflexión con lamas móviles horizontales delanteras y verticales traseras, compuerta de regulación de caudal accionable man","unit_normalized=None, unit_raw=''","Revisar y mapear a una unidad canonical (ud, m2, m3, ml, kg, t, h, l, %, pa).",warning
unit_rare_or_empty,ICR030d,"Suministro y montaje de rejilla de impulsión de aluminio extruido, con doble deflexión con lamas móviles horizontales delanteras y verticales traseras, compuerta de regulación de caudal accionable man","unit_normalized=None, unit_raw=''","Revisar y mapear a una unidad canonical (ud, m2, m3, ml, kg, t, h, l, %, pa).",warning
unit_rare_or_empty,ICR050,"Suministro y montaje de rejilla de retorno, de aluminio extruido, anodizado color natural E6-C-0, con lamas horizontales regulables individualmente, de 625x125 mm, fijación oculta (con marco de montaj","unit_normalized=None, unit_raw=''","Revisar y mapear a una unidad canonical (ud, m2, m3, ml, kg, t, h, l, %, pa).",warning
unit_rare_or_empty,ICR050b,"Suministro y montaje de rejilla de retorno, de aluminio extruido, anodizado color natural E6-C-0, con lamas horizontales regulables individualmente, de 625x125 mm, parte posterior de chapa de acero pi","unit_normalized=None, unit_raw=''","Revisar y mapear a una unidad canonical (ud, m2, m3, ml, kg, t, h, l, %, pa).",warning
unit_rare_or_empty,ICR050c,"Suministro y montaje de rejilla de retorno, de aluminio extruido, anodizado color natural E6-C-0, con lamas horizontales regulables individualmente, de 1025x125 mm, fijación oculta (con marco de monta","unit_normalized=None, unit_raw=''","Revisar y mapear a una unidad canonical (ud, m2, m3, ml, kg, t, h, l, %, pa).",warning
unit_rare_or_empty,ICR050d,"Suministro y montaje de rejilla de retorno, de aluminio extruido, anodizado color natural E6-C-0, con lamas horizontales regulables individualmente, de 1025x125 mm, parte posterior de chapa de acero p","unit_normalized=None, unit_raw=''","Revisar y mapear a una unidad canonical (ud, m2, m3, ml, kg, t, h, l, %, pa).",warning
unit_rare_or_empty,ICS010,"Suministro e instalación de tubería de distribución de agua caliente de calefacción formada por tubo de cobre rígido con pared de 1 mm de espesor y 16/18 mm de diámetro, colocado superficialmente en e","unit_normalized=None, unit_raw=''","Revisar y mapear a una unidad canonical (ud, m2, m3, ml, kg, t, h, l, %, pa).",warning
unit_rare_or_empty,ICS010b,"Suministro e instalación de tubería de distribución de agua caliente de calefacción formada por tubo de cobre rígido con pared de 1 mm de espesor y 20/22 mm de diámetro, colocado superficialmente en e","unit_normalized=None, unit_raw=''","Revisar y mapear a una unidad canonical (ud, m2, m3, ml, kg, t, h, l, %, pa).",warning
unit_rare_or_empty,ICS010c,"Suministro e instalación de tubería de distribución de agua caliente de calefacción formada por tubo de cobre rígido con pared de 1 mm de espesor y 26/28 mm de diámetro, colocado superficialmente en e","unit_normalized=None, unit_raw=''","Revisar y mapear a una unidad canonical (ud, m2, m3, ml, kg, t, h, l, %, pa).",warning
unit_rare_or_empty,ICS010d,"Suministro e instalación de tubería de distribución de agua caliente de calefacción formada por tubo de cobre rígido con pared de 1 mm de espesor y 13/15 mm de diámetro, colocado superficialmente en e","unit_normalized=None, unit_raw=''","Revisar y mapear a una unidad canonical (ud, m2, m3, ml, kg, t, h, l, %, pa).",warning
unit_rare_or_empty,ICS010e,"Suministro e instalación de tubería de distribución de agua caliente de calefacción formada por tubo de polietileno reticulado (PE-Xa), con barrera de oxígeno (EVOH), de 16 mm de diámetro exterior y 2","unit_normalized=None, unit_raw=''","Revisar y mapear a una unidad canonical (ud, m2, m3, ml, kg, t, h, l, %, pa).",warning
unit_rare_or_empty,ICS010f,"Suministro e instalación de tubería de distribución de agua caliente de calefacción formada por tubo de polietileno reticulado (PE-Xa), con barrera de oxígeno (EVOH), de 20 mm de diámetro exterior y 2","unit_normalized=None, unit_raw=''","Revisar y mapear a una unidad canonical (ud, m2, m3, ml, kg, t, h, l, %, pa).",warning
unit_rare_or_empty,ICS020,"Suministro e instalación de electrobomba centrífuga, de hierro fundido, de tres velocidades, con una potencia de 0,11 kW, impulsor de tecnopolímero, eje motor de acero cromado, bocas roscadas macho de","unit_normalized=None, unit_raw=''","Revisar y mapear a una unidad canonical (ud, m2, m3, ml, kg, t, h, l, %, pa).",warning
unit_rare_or_empty,ICS040,"Suministro e instalación de vaso de expansión cerrado con una capacidad de 25 l, 425 mm de altura, 320 mm de diámetro, con rosca de 3/4"" de diámetro y 10 bar de presión. Incluso manómetro y elementos ","unit_normalized=None, unit_raw=''","Revisar y mapear a una unidad canonical (ud, m2, m3, ml, kg, t, h, l, %, pa).",warning
unit_rare_or_empty,ICS040b,"Suministro e instalación de vaso de expansión cerrado con una capacidad de 35 l, 465 mm de altura, 360 mm de diámetro, con rosca de 3/4"" de diámetro y 10 bar de presión. Incluso manómetro y elementos ","unit_normalized=None, unit_raw=''","Revisar y mapear a una unidad canonical (ud, m2, m3, ml, kg, t, h, l, %, pa).",warning
unit_rare_or_empty,ICS060,"Suministro e instalación de acumulador de acero vitrificado, de suelo, 300 l, 600 mm de diámetro y 2000 mm de altura, forro acolchado con cubierta posterior, aislamiento de poliuretano inyectado libre","unit_normalized=None, unit_raw=''","Revisar y mapear a una unidad canonical (ud, m2, m3, ml, kg, t, h, l, %, pa).",warning
unit_rare_or_empty,ICS065,"Suministro e instalación de acumulador de inercia, de acero negro, 260 l, altura 1240 mm, diámetro 700 mm, aislamiento de 50 mm de espesor con poliuretano de alta densidad, con termómetros. Incluso vá","unit_normalized=None, unit_raw=''","Revisar y mapear a una unidad canonical (ud, m2, m3, ml, kg, t, h, l, %, pa).",warning
unit_rare_or_empty,ICU010,"Suministro de sonda geotérmica para instalación vertical, de 50 m de longitud y 96 mm de diámetro, formada por un tubo de polietileno de alta densidad (PE 100) de 32 mm de diámetro y 2,9 mm de espesor","unit_normalized=None, unit_raw=''","Revisar y mapear a una unidad canonical (ud, m2, m3, ml, kg, t, h, l, %, pa).",warning
unit_rare_or_empty,ICU012,"Suministro y colocación de cesta geotérmica, de 2 m de altura, formada por tubo de polietileno reticulado (PE-Xa) de 32 mm de diámetro y 2,9 mm de espesor, SDR11, de 150 m de longitud, dispuesto en fo","unit_normalized=None, unit_raw=''","Revisar y mapear a una unidad canonical (ud, m2, m3, ml, kg, t, h, l, %, pa).",warning
unit_rare_or_empty,ICU015,"Suministro e instalación de captador geotérmico horizontal, formado por tubo de polietileno PE 100, de 20 mm de diámetro exterior y 2 mm de espesor, SDR11, PN=16 atm, colocados con una separación de 5","unit_normalized=None, unit_raw=''","Revisar y mapear a una unidad canonical (ud, m2, m3, ml, kg, t, h, l, %, pa).",warning
unit_rare_or_empty,ICU018,"Suministro y colocación de tubería para formación de pilote geotérmico, formada por tubo de polietileno reticulado (PE-Xa), de 25 mm de diámetro exterior y 2,3 mm de espesor, SDR11, con pies para unió","unit_normalized=None, unit_raw=''","Revisar y mapear a una unidad canonical (ud, m2, m3, ml, kg, t, h, l, %, pa).",warning
unit_rare_or_empty,ICU020,"Suministro y colocación de arqueta para la conexión de sondas geotérmicas, de polietileno (PE), dimensiones exteriores 660x460x500 mm, con tapa, conexiones de 63 mm de diámetro y 5,8 mm de espesor con","unit_normalized=None, unit_raw=''","Revisar y mapear a una unidad canonical (ud, m2, m3, ml, kg, t, h, l, %, pa).",warning
unit_rare_or_empty,ICU030,"Suministro e instalación de colector modular de plástico reforzado con fibra de vidrio, de 40 mm de diámetro interior, con conexiones principales de 1 1/4"" de diámetro, para 2 circuitos, compuesto por","unit_normalized=None, unit_raw=''","Revisar y mapear a una unidad canonical (ud, m2, m3, ml, kg, t, h, l, %, pa).",warning
unit_rare_or_empty,ICU040,"Suministro e instalación de tubería para circuito de conexión de bomba de calor con colector, enterrada, formada por tubo de polietileno de alta densidad (PE 100), de 110 mm de diámetro exterior, PN=1","unit_normalized=None, unit_raw=''","Revisar y mapear a una unidad canonical (ud, m2, m3, ml, kg, t, h, l, %, pa).",warning
unit_rare_or_empty,ICU100,"Suministro e instalación de grupo de impulsión, para refrigeración pasiva (free-cooling), en instalación de geotermia, formado por bomba de circulación Grundfos Alpha 2L 25-60, centralita para regulac","unit_normalized=None, unit_raw=''","Revisar y mapear a una unidad canonical (ud, m2, m3, ml, kg, t, h, l, %, pa).",warning
unit_rare_or_empty,ICV051,"Suministro e instalación de unidad exterior bomba de calor reversible, aire-agua, para gas R-32, con alimentación monofásica (230V/50Hz), potencia calorífica 6,9 kW, y con temperatura de bulbo seco de","unit_normalized=None, unit_raw=''","Revisar y mapear a una unidad canonical (ud, m2, m3, ml, kg, t, h, l, %, pa).",warning
unit_rare_or_empty,ICV051b,"Suministro e instalación de unidad exterior bomba de calor reversible, aire-agua, para gas R-32, con alimentación monofásica (230V/50Hz), potencia calorífica 4,03 kW, y con temperatura de bulbo seco d","unit_normalized=None, unit_raw=''","Revisar y mapear a una unidad canonical (ud, m2, m3, ml, kg, t, h, l, %, pa).",warning
unit_rare_or_empty,ICV051c,"Suministro e instalación de unidad exterior bomba de calor reversible, aire-agua, para gas R-32, con alimentación monofásica (230V/50Hz), potencia calorífica 10,87 kW, y con temperatura de bulbo seco ","unit_normalized=None, unit_raw=''","Revisar y mapear a una unidad canonical (ud, m2, m3, ml, kg, t, h, l, %, pa).",warning
unit_rare_or_empty,ICV051d,"Suministro e instalación de unidad exterior bomba de calor reversible, aire-agua, para gas R-32, con alimentación monofásica (230V/50Hz), potencia calorífica 13,1 kW, y con temperatura de bulbo seco d","unit_normalized=None, unit_raw=''","Revisar y mapear a una unidad canonical (ud, m2, m3, ml, kg, t, h, l, %, pa).",warning
unit_rare_or_empty,ICV060b,"Suministro e instalación de equipo aire-agua para producción de A.C.S., calefacción y refrigeración, para gas R-32, alimentación monofásica (230V/50Hz), potencia calorífica 9 kW y COP 3,6 con temperat","unit_normalized=None, unit_raw=''","Revisar y mapear a una unidad canonical (ud, m2, m3, ml, kg, t, h, l, %, pa).",warning
unit_rare_or_empty,ICV100,"Suministro e instalación de equipo autónomo bomba de calor reversible aire-aire compacto de cubierta (roof-top), de 2400x1400x1497 mm, potencia frigorífica total nominal 30,3 kW (temperatura de bulbo ","unit_normalized=None, unit_raw=''","Revisar y mapear a una unidad canonical (ud, m2, m3, ml, kg, t, h, l, %, pa).",warning
unit_rare_or_empty,ICV213,"Suministro e instalación de unidad agua-agua bomba de calor geotérmica, para calefacción, producción de A.C.S. (en combinación con un interacumulador independiente) y refrigeración, para gas refrigera","unit_normalized=None, unit_raw=''","Revisar y mapear a una unidad canonical (ud, m2, m3, ml, kg, t, h, l, %, pa).",warning
unit_rare_or_empty,ICX025,"Suministro e instalación de centralita de control de tipo diferencial para sistema de captación solar térmica, con protección contra sobretemperatura del captador solar, indicación de temperaturas y f","unit_normalized=None, unit_raw=''","Revisar y mapear a una unidad canonical (ud, m2, m3, ml, kg, t, h, l, %, pa).",warning
unit_rare_or_empty,IDA010a,"Sistema de protección antirrobo para vivienda compuesto de central microprocesada de 4 zonas con transmisor telefónico a central receptora de alarmas, 2 detectores de infrarrojos, 1 teclado. Incluso b","unit_normalized=None, unit_raw=''","Revisar y mapear a una unidad canonical (ud, m2, m3, ml, kg, t, h, l, %, pa).",warning
unit_rare_or_empty,IDD010,"Suministro e instalación de detector volumétrico infrarrojo pasivo, cobertura volumétrica de 15 m/90°, tecnología microondas de alta precisión en Banda X, led de prueba, memoria de alarma, contador de","unit_normalized=None, unit_raw=''","Revisar y mapear a una unidad canonical (ud, m2, m3, ml, kg, t, h, l, %, pa).",warning
unit_rare_or_empty,IDS020,"Suministro e instalación en paramento exterior de sirena con flash, presión acústica de 104 dBA a 3 m de distancia, de 220x272x82 mm, con carcasa de policarbonato, protección antiapertura y antisustra","unit_normalized=None, unit_raw=''","Revisar y mapear a una unidad canonical (ud, m2, m3, ml, kg, t, h, l, %, pa).",warning
unit_rare_or_empty,IEC010,"Suministro e instalación en el interior de hornacina mural, en vivienda unifamiliar o local, de caja de protección y medida CPM1-S2, de hasta 63 A de intensidad, para 1 contador monofásico, formada po","unit_normalized=None, unit_raw=''","Revisar y mapear a una unidad canonical (ud, m2, m3, ml, kg, t, h, l, %, pa).",warning
unit_rare_or_empty,IEC020,"Suministro e instalación en el interior de hornacina mural de caja general de protección, equipada con bornes de conexión, bases unipolares previstas para colocar fusibles de intensidad máxima 160 A, ","unit_normalized=None, unit_raw=''","Revisar y mapear a una unidad canonical (ud, m2, m3, ml, kg, t, h, l, %, pa).",warning
unit_rare_or_empty,IED010,"Suministro e instalación de derivación individual monofásica fija en superficie para vivienda, delimitada entre la centralización de contadores o la caja de protección y medida y el cuadro de mando y ","unit_normalized=None, unit_raw=''","Revisar y mapear a una unidad canonical (ud, m2, m3, ml, kg, t, h, l, %, pa).",warning
unit_rare_or_empty,IEF001b,"Suministro e instalación de módulo solar fotovoltaico de células dsilicio monocristalino, potencia máxima (Wp) 455 W, tensión 37,6 V, con caja de conexiones con diodos, cables y conectores. Incluso ac","unit_normalized=None, unit_raw=''","Revisar y mapear a una unidad canonical (ud, m2, m3, ml, kg, t, h, l, %, pa).",warning
unit_rare_or_empty,IEF020,"Suministro e instalación de inversor monofásico para conexión a red, potencia máxima de entrada 3000 W. Incluso accesorios necesarios para su correcta instalación. Totalmente montado, conexionado y pr","unit_normalized=None, unit_raw=''","Revisar y mapear a una unidad canonical (ud, m2, m3, ml, kg, t, h, l, %, pa).",warning
unit_rare_or_empty,IEF021,"Suministro y colocacion de estructura de aluminio para soporte de paneles solares fotovoltaicos. Incluye tornillos, cortes , piezas especiales y todos los elementos auxiliares de montaje .","unit_normalized=None, unit_raw=''","Revisar y mapear a una unidad canonical (ud, m2, m3, ml, kg, t, h, l, %, pa).",warning
unit_rare_or_empty,IEG010,"Suministro e instalación de centralización de contadores sobre paramento vertical, en armario de contadores, compuesta por: unidad funcional de interruptor general de maniobra de 160 A; unidad funcion","unit_normalized=None, unit_raw=''","Revisar y mapear a una unidad canonical (ud, m2, m3, ml, kg, t, h, l, %, pa).",warning
unit_rare_or_empty,IEI105,"Suministro e instalación de cuadro eléctrico, protegido por 1 I.G.A. monofásico de 40 A, con protector de sobretensiones, compuesto de: 4 interruptores diferenciales tipo AC y de 15 interruptores auto","unit_normalized=None, unit_raw=''","Revisar y mapear a una unidad canonical (ud, m2, m3, ml, kg, t, h, l, %, pa).",warning
unit_rare_or_empty,IEI110,"Suministro e instalación de cuadro eléctrico, protegido por 1 I.G.A. monofásico de 40 A, con protector de sobretensiones, compuesto de: 3 interruptores diferenciales tipo AC y de 10 interruptores auto","unit_normalized=None, unit_raw=''","Revisar y mapear a una unidad canonical (ud, m2, m3, ml, kg, t, h, l, %, pa).",warning
unit_rare_or_empty,IEI120,"Suministro e instalación de cuadro eléctrico para distribución interior de servicios generales (ascensor, portero, grupo de presión, alimentación de antenas, alumbrado, enchufes, achique), protegido p","unit_normalized=None, unit_raw=''","Revisar y mapear a una unidad canonical (ud, m2, m3, ml, kg, t, h, l, %, pa).",warning
unit_rare_or_empty,IEL010,"Suministro e instalación de línea general de alimentación enterrada, que enlaza la caja general de protección con la centralización de contadores, formada por cables unipolares con conductores de cobr","unit_normalized=None, unit_raw=''","Revisar y mapear a una unidad canonical (ud, m2, m3, ml, kg, t, h, l, %, pa).",warning
unit_rare_or_empty,IEM060,"uministro e instalación de base de toma de corriente con contacto de tierra (2P+T), tipo Schuko, gama básica, intensidad asignada 16 A, tensión asignada 250 V, con tapa, de color blanco y marco embell","unit_normalized=None, unit_raw=''","Revisar y mapear a una unidad canonical (ud, m2, m3, ml, kg, t, h, l, %, pa).",warning
unit_rare_or_empty,IEM060b,"Suministro e instalación de base de toma de corriente con contacto de tierra (2P+T), para cocina, intensidad asignada 25 A, tensión asignada 250 V, con tapa de color blanco, empotrada, sin incluir la ","unit_normalized=None, unit_raw=''","Revisar y mapear a una unidad canonical (ud, m2, m3, ml, kg, t, h, l, %, pa).",warning
unit_rare_or_empty,IEM066,"Suministro e instalación de base de toma de corriente con contacto de tierra (2P+T), tipo Schuko, estanco, con grado de protección IP 55, monobloc, gama básica, intensidad asignada 16 A, tensión asign","unit_normalized=None, unit_raw=''","Revisar y mapear a una unidad canonical (ud, m2, m3, ml, kg, t, h, l, %, pa).",warning
unit_rare_or_empty,IEM090,"Suministro e instalación de zumbador, gama básica, tensión de alimentación 230 V, con tapa con rejilla, de color blanco y marco embellecedor para un elemento, de color blanco, empotrado, sin incluir l","unit_normalized=None, unit_raw=''","Revisar y mapear a una unidad canonical (ud, m2, m3, ml, kg, t, h, l, %, pa).",warning
unit_rare_or_empty,IEM110,"Suministro e instalación de base de toma de TV/R-SAT, única, gama básica, con tapa, de color blanco y marco embellecedor para un elemento, de color blanco, empotrada, sin incluir la caja de mecanismo.","unit_normalized=None, unit_raw=''","Revisar y mapear a una unidad canonical (ud, m2, m3, ml, kg, t, h, l, %, pa).",warning
unit_rare_or_empty,IEM115,"Suministro e instalación de toma simple, RJ-45 categoría 5e U/UTP, gama básica, con tapa, de color blanco y marco embellecedor para un elemento, de color blanco, empotrada, sin incluir la caja de meca","unit_normalized=None, unit_raw=''","Revisar y mapear a una unidad canonical (ud, m2, m3, ml, kg, t, h, l, %, pa).",warning
unit_rare_or_empty,IEP010,Suministro e instalación de red de toma de tierra para estructura de hormigón del edificio compuesta por 80 m de cable conductor de cobre desnudo recocido de 35 mm² de sección para la línea principal ,"unit_normalized=None, unit_raw=''","Revisar y mapear a una unidad canonical (ud, m2, m3, ml, kg, t, h, l, %, pa).",warning
unit_rare_or_empty,IEP021,"Suministro e instalación de toma de tierra compuesta por tres picas de acero cobreado de 2 m de longitud cada una, hincadas en el terreno, unidas con cable conductor de cobre de 35 mm² de sección, for","unit_normalized=None, unit_raw=''","Revisar y mapear a una unidad canonical (ud, m2, m3, ml, kg, t, h, l, %, pa).",warning
unit_rare_or_empty,IEP025,"Suministro e instalación de conductor de tierra formado por cable rígido desnudo de cobre trenzado, de 35 mm² de sección. Incluso p/p de uniones realizadas con soldadura aluminotérmica, grapas y borne","unit_normalized=None, unit_raw=''","Revisar y mapear a una unidad canonical (ud, m2, m3, ml, kg, t, h, l, %, pa).",warning
unit_rare_or_empty,IEP030,"Suministro e instalación de red de equipotencialidad en cuarto húmedo mediante conductor rígido de cobre de 4 mm² de sección, conectando a tierra todas las canalizaciones metálicas existentes y todos ","unit_normalized=None, unit_raw=''","Revisar y mapear a una unidad canonical (ud, m2, m3, ml, kg, t, h, l, %, pa).",warning
unit_rare_or_empty,IFA010,"Suministro y montaje de acometida enterrada para abastecimiento de agua potable de 2 m de longitud, que une la red general de distribución de agua potable de la empresa suministradora con la instalaci","unit_normalized=None, unit_raw=''","Revisar y mapear a una unidad canonical (ud, m2, m3, ml, kg, t, h, l, %, pa).",warning
unit_rare_or_empty,IFB005b,"Suministro y montaje de tubería para alimentación de agua potable, enterrada, formada por tubo de polietileno PE 100, de color negro con bandas azules, de 32 mm de diámetro exterior y 2 mm de espesor,","unit_normalized=None, unit_raw=''","Revisar y mapear a una unidad canonical (ud, m2, m3, ml, kg, t, h, l, %, pa).",warning
unit_rare_or_empty,IFB010b,"Suministro y montaje de alimentación de agua potable de 8 m de longitud, colocada superficialmente y fijada al paramento, formada por tubo de policloruro de vinilo no plastificado (PVC-U), de 50 mm de","unit_normalized=None, unit_raw=''","Revisar y mapear a una unidad canonical (ud, m2, m3, ml, kg, t, h, l, %, pa).",warning
unit_rare_or_empty,IFD005,"Suministro e instalación de grupo de presión doméstico, para suministro de agua en aspiración con carga, formado por: electrobomba centrífuga monocelular horizontal de hierro fundido, con una potencia","unit_normalized=None, unit_raw=''","Revisar y mapear a una unidad canonical (ud, m2, m3, ml, kg, t, h, l, %, pa).",warning
unit_rare_or_empty,IFD010,"Suministro e instalación de grupo de presión, formado por 2 bombas centrífugas de 5 etapas, horizontales, ejecución monobloc, no autoaspirantes, con carcasa, rodetes, difusores y todas las piezas en c","unit_normalized=None, unit_raw=''","Revisar y mapear a una unidad canonical (ud, m2, m3, ml, kg, t, h, l, %, pa).",warning
unit_rare_or_empty,IFD050,"Suministro e instalación de depósito de superficie de poliéster reforzado con fibra de vidrio, cilíndrico, de 500 litros, con tapa, aireador y rebosadero, para agua potable; válvula de corte de compue","unit_normalized=None, unit_raw=''","Revisar y mapear a una unidad canonical (ud, m2, m3, ml, kg, t, h, l, %, pa).",warning
unit_rare_or_empty,IFD050b,"Suministro e instalación de depósito de superficie de poliéster reforzado con fibra de vidrio, cilíndrico, de 1000 litros, con tapa, aireador y rebosadero, para agua potable; válvula de corte de compu","unit_normalized=None, unit_raw=''","Revisar y mapear a una unidad canonical (ud, m2, m3, ml, kg, t, h, l, %, pa).",warning
unit_rare_or_empty,IFD070,"Suministro e instalación de cisterna vertical de poliéster reforzado con fibra de vidrio, de 650 litros, con boca de acceso de 300 mm de diámetro, aireador y rebosadero, de agua potable, para enterrar","unit_normalized=None, unit_raw=''","Revisar y mapear a una unidad canonical (ud, m2, m3, ml, kg, t, h, l, %, pa).",warning
unit_rare_or_empty,IFI005,"Suministro y montaje de tubería para instalación interior, colocada superficialmente y fijada al paramento, formada por tubo de policloruro de vinilo no plastificado (PVC-U), de 50 mm de diámetro exte","unit_normalized=None, unit_raw=''","Revisar y mapear a una unidad canonical (ud, m2, m3, ml, kg, t, h, l, %, pa).",warning
unit_rare_or_empty,IFI005b,"Suministro y montaje de tubería para instalación interior, colocada superficialmente y fijada al paramento, formada por tubo de policloruro de vinilo no plastificado (PVC-U), de 63 mm de diámetro exte","unit_normalized=None, unit_raw=''","Revisar y mapear a una unidad canonical (ud, m2, m3, ml, kg, t, h, l, %, pa).",warning
unit_rare_or_empty,IFI005c,"Suministro y montaje de tubería para instalación interior, colocada superficialmente y fijada al paramento, formada por tubo de acero inoxidable clase 1.4404 según UNE-EN 10088-1 (AISI 316L), con sold","unit_normalized=None, unit_raw=''","Revisar y mapear a una unidad canonical (ud, m2, m3, ml, kg, t, h, l, %, pa).",warning
unit_rare_or_empty,IFI008,"Suministro e instalación de válvula de esfera de latón niquelado para roscar de 3/8"". Totalmente montada, conexionada y probada.","unit_normalized=None, unit_raw=''","Revisar y mapear a una unidad canonical (ud, m2, m3, ml, kg, t, h, l, %, pa).",warning
unit_rare_or_empty,IFI008b,"Suministro e instalación de válvula de esfera de latón niquelado para roscar de 1/2"". Totalmente montada, conexionada y probada.","unit_normalized=None, unit_raw=''","Revisar y mapear a una unidad canonical (ud, m2, m3, ml, kg, t, h, l, %, pa).",warning
unit_rare_or_empty,IFI008c,"Suministro e instalación de válvula de esfera de latón niquelado para roscar de 3/4"". Totalmente montada, conexionada y probada.","unit_normalized=None, unit_raw=''","Revisar y mapear a una unidad canonical (ud, m2, m3, ml, kg, t, h, l, %, pa).",warning
unit_rare_or_empty,IFI008d,"Suministro e instalación de válvula de esfera de latón niquelado para roscar de 1"". Totalmente montada, conexionada y probada.","unit_normalized=None, unit_raw=''","Revisar y mapear a una unidad canonical (ud, m2, m3, ml, kg, t, h, l, %, pa).",warning
unit_rare_or_empty,IFI008e,"Suministro e instalación de válvula de esfera de latón niquelado para roscar de 1 1/4"". Totalmente montada, conexionada y probada.","unit_normalized=None, unit_raw=''","Revisar y mapear a una unidad canonical (ud, m2, m3, ml, kg, t, h, l, %, pa).",warning
unit_rare_or_empty,IFI008f,"Suministro e instalación de válvula de compuerta de latón fundido, de diámetro 1"". Totalmente montada, conexionada y probada.","unit_normalized=None, unit_raw=''","Revisar y mapear a una unidad canonical (ud, m2, m3, ml, kg, t, h, l, %, pa).",warning
unit_rare_or_empty,IFI008g,"Suministro e instalación de válvula de compuerta de latón fundido, de diámetro 3/4"". Totalmente montada, conexionada y probada.","unit_normalized=None, unit_raw=''","Revisar y mapear a una unidad canonical (ud, m2, m3, ml, kg, t, h, l, %, pa).",warning
unit_rare_or_empty,IFI010,"Suministro y montaje de instalación interior de fontanería para cuarto de baño con dotación para: inodoro, lavabo sencillo, bañera, bidé, realizada con tubo de polietileno reticulado (PE-X), para la r","unit_normalized=None, unit_raw=''","Revisar y mapear a una unidad canonical (ud, m2, m3, ml, kg, t, h, l, %, pa).",warning
unit_rare_or_empty,IFI010b,"Suministro y montaje de instalación interior de fontanería para aseo con dotación para: inodoro, lavabo sencillo, realizada con tubo de polietileno reticulado (PE-X), para la red de agua fría y calien","unit_normalized=None, unit_raw=''","Revisar y mapear a una unidad canonical (ud, m2, m3, ml, kg, t, h, l, %, pa).",warning
unit_rare_or_empty,IFI010c,"Suministro y montaje de instalación interior de fontanería para galería con dotación para: lavadero, toma y llave de paso para lavadora, realizada con tubo de polietileno reticulado (PE-X), para la re","unit_normalized=None, unit_raw=''","Revisar y mapear a una unidad canonical (ud, m2, m3, ml, kg, t, h, l, %, pa).",warning
unit_rare_or_empty,IFI010d,"Suministro y montaje de instalación interior de fontanería para cocina con dotación para: fregadero, toma y llave de paso para lavavajillas, realizada con tubo de polietileno reticulado (PE-X), para l","unit_normalized=None, unit_raw=''","Revisar y mapear a una unidad canonical (ud, m2, m3, ml, kg, t, h, l, %, pa).",warning
unit_rare_or_empty,IFM005,"Suministro y montaje de tubería para montante de fontanería, colocada superficialmente y fijada al paramento, formada por tubo de policloruro de vinilo no plastificado (PVC-U), de 50 mm de diámetro ex","unit_normalized=None, unit_raw=''","Revisar y mapear a una unidad canonical (ud, m2, m3, ml, kg, t, h, l, %, pa).",warning
unit_rare_or_empty,IFM005b,"Suministro y montaje de tubería para montante de fontanería, colocada superficialmente y fijada al paramento, formada por tubo de acero inoxidable clase 1.4307 según UNE-EN 10088-1 (AISI 304L), con so","unit_normalized=None, unit_raw=''","Revisar y mapear a una unidad canonical (ud, m2, m3, ml, kg, t, h, l, %, pa).",warning
unit_rare_or_empty,IFW070,"Formación de arqueta registrable, de dimensiones interiores 38x38x50 cm, construida con fábrica de ladrillo cerámico perforado, de 1/2 pie de espesor, recibido con mortero de cemento, industrial, M-5,","unit_normalized=None, unit_raw=''","Revisar y mapear a una unidad canonical (ud, m2, m3, ml, kg, t, h, l, %, pa).",warning
unit_rare_or_empty,IGA010,Suministro e instalación de la acometida de gas que une la red de distribución de gas de la empresa suministradora o la llave de salida en el caso de depósitos de almacenamiento de gases licuados del ,"unit_normalized=None, unit_raw=''","Revisar y mapear a una unidad canonical (ud, m2, m3, ml, kg, t, h, l, %, pa).",warning
unit_rare_or_empty,IGA020,"Suministro e instalación de la acometida interior de gas colocada superficialmente, de 8 m de longitud, que une la llave de acometida (no incluida en este precio) con la llave de edificio, formada por","unit_normalized=None, unit_raw=''","Revisar y mapear a una unidad canonical (ud, m2, m3, ml, kg, t, h, l, %, pa).",warning
unit_rare_or_empty,IGC010,"Suministro e instalación de batería para gas natural de tubo de cobre, de presión máxima de operación (MOP) inferior a 0,05 bar, para centralización en local técnico de un máximo de 10 contadores de g","unit_normalized=None, unit_raw=''","Revisar y mapear a una unidad canonical (ud, m2, m3, ml, kg, t, h, l, %, pa).",warning
unit_rare_or_empty,IGI005,"Suministro e instalación en superficie de tubería para instalación interior de gas, formada por tubo de cobre estirado en frío sin soldadura, diámetro D=16/18 mm y 1 mm de espesor, acabada con dos man","unit_normalized=None, unit_raw=''","Revisar y mapear a una unidad canonical (ud, m2, m3, ml, kg, t, h, l, %, pa).",warning
unit_rare_or_empty,IGI010,"Instalación interior de gas en vivienda con dotación para los siguientes aparatos: 1 de cocción, 1 mixto, de calefacción y A.C.S. realizada con tubería de cobre, con vaina plástica, que conecta la lla","unit_normalized=None, unit_raw=''","Revisar y mapear a una unidad canonical (ud, m2, m3, ml, kg, t, h, l, %, pa).",warning
unit_rare_or_empty,IGM005,"Suministro y montaje de tubería para instalación común de gas, colocada superficialmente y fijada al paramento, formada por tubo de cobre estirado en frío sin soldadura, diámetro D=32/35 mm y 1,5 mm d","unit_normalized=None, unit_raw=''","Revisar y mapear a una unidad canonical (ud, m2, m3, ml, kg, t, h, l, %, pa).",warning
unit_rare_or_empty,IGM015,"Suministro y montaje de tubería para montante individual de gas, colocada superficialmente y fijada al paramento, formada por tubo de cobre estirado en frío sin soldadura, diámetro D=25,6/28 mm y 1,2 ","unit_normalized=None, unit_raw=''","Revisar y mapear a una unidad canonical (ud, m2, m3, ml, kg, t, h, l, %, pa).",warning
unit_rare_or_empty,IIC020,"Suministro e instalación en la superficie del techo de detector de movimiento por infrarrojos para automatización del sistema de alumbrado, formato extraplano, ángulo de detección de 360°, alcance de ","unit_normalized=None, unit_raw=''","Revisar y mapear a una unidad canonical (ud, m2, m3, ml, kg, t, h, l, %, pa).",warning
unit_rare_or_empty,IIC020b,"Suministro e instalación en la superficie del techo de detector de presencia por infrarrojos para automatización del sistema de alumbrado, funcionalidad de detección continua de la luminosidad y de la","unit_normalized=None, unit_raw=''","Revisar y mapear a una unidad canonical (ud, m2, m3, ml, kg, t, h, l, %, pa).",warning
unit_rare_or_empty,III010,"Suministro e instalación en la superficie del techo de luminaria, de 1276x170x100 mm, para 2 lámparas fluorescentes TL de 36 W, con cuerpo de poliéster reforzado con fibra de vidrio; reflector interio","unit_normalized=None, unit_raw=''","Revisar y mapear a una unidad canonical (ud, m2, m3, ml, kg, t, h, l, %, pa).",warning
unit_rare_or_empty,III100,"Suministro e instalación empotrada de luminaria circular de techo Downlight, de 81 mm de diámetro y 40 mm de altura, para 3 led de 1 W; aro embellecedor de aluminio inyectado, acabado termoesmaltado, ","unit_normalized=None, unit_raw=''","Revisar y mapear a una unidad canonical (ud, m2, m3, ml, kg, t, h, l, %, pa).",warning
unit_rare_or_empty,III100b,"Suministro e instalación empotrada de luminaria circular de techo Downlight, de 250 mm de diámetro,LED 20 W; con cerco exterior y cuerpo interior de aluminio inyectado, acabado lacado, de color blanco","unit_normalized=None, unit_raw=''","Revisar y mapear a una unidad canonical (ud, m2, m3, ml, kg, t, h, l, %, pa).",warning
unit_rare_or_empty,III130,"Suministro e instalación empotrada de luminaria cuadrada modular, de 596x596x91 mm, LED de 33W, con cuerpo de luminaria de chapa de acero acabado lacado, de color blanco.","unit_normalized=None, unit_raw=''","Revisar y mapear a una unidad canonical (ud, m2, m3, ml, kg, t, h, l, %, pa).",warning
unit_rare_or_empty,ILR010,"Suministro e instalación de equipamiento completo para RITI, recinto inferior de instalaciones de telecomunicación, de hasta 20 puntos de acceso a usuario, en armario de 200x100x50 cm, compuesto de: c","unit_normalized=None, unit_raw=''","Revisar y mapear a una unidad canonical (ud, m2, m3, ml, kg, t, h, l, %, pa).",warning
unit_rare_or_empty,ILR020,"Suministro e instalación de equipamiento completo para RITS, recinto superior de instalaciones de telecomunicación, de hasta 20 puntos de acceso a usuario, en armario de 200x100x50 cm, compuesto de: c","unit_normalized=None, unit_raw=''","Revisar y mapear a una unidad canonical (ud, m2, m3, ml, kg, t, h, l, %, pa).",warning
unit_rare_or_empty,ILR030,"Suministro e instalación de equipamiento completo para RITU, recinto único de instalaciones de telecomunicaciones, de hasta 10 puntos de acceso a usuario, en armario de 200x100x50 cm, compuesto de: cu","unit_normalized=None, unit_raw=''","Revisar y mapear a una unidad canonical (ud, m2, m3, ml, kg, t, h, l, %, pa).",warning
unit_rare_or_empty,IOA010,"Suministro e instalación en superficie de luminaria de emergencia estanca, con tubo lineal fluorescente, 8 W - G5, flujo luminoso 240 lúmenes, carcasa de 405x134x134 mm, clase I, IP 65, con baterías d","unit_normalized=None, unit_raw=''","Revisar y mapear a una unidad canonical (ud, m2, m3, ml, kg, t, h, l, %, pa).",warning
unit_rare_or_empty,IOA011,"Luminaria de emergencia, de 1,3 W, con lámpara LED, flujo luminoso 70 lúmenes, carcasa de 280x120x60 mm, aislamiento clase II, grados de protección IP65 e IK07, con baterías de Ni-Cd, autonomía de 1 h","unit_normalized=None, unit_raw=''","Revisar y mapear a una unidad canonical (ud, m2, m3, ml, kg, t, h, l, %, pa).",warning
unit_rare_or_empty,IOA020,"Suministro e instalación en superficie de luminaria de emergencia, con led de 2 W, flujo luminoso 118 lúmenes, carcasa de 154,5x154,5x44 mm, clase I, protección IP 20, con baterías de Ni-Cd de alta te","unit_normalized=None, unit_raw=''","Revisar y mapear a una unidad canonical (ud, m2, m3, ml, kg, t, h, l, %, pa).",warning
unit_rare_or_empty,IOA021,"Luminaria de emergencia, de 1,3 W, con lámpara LED no reemplazable, flujo luminoso 50 lúmenes, carcasa de 210x110x41 mm, aislamiento clase II, grados de protección IP42 e IK07, con baterías de Ni-Cd, ","unit_normalized=None, unit_raw=''","Revisar y mapear a una unidad canonical (ud, m2, m3, ml, kg, t, h, l, %, pa).",warning
unit_rare_or_empty,IOB022,"Suministro e instalación de red aérea de distribución de agua para abastecimiento de los equipos de extinción de incendios, formada por tubería de acero negro con soldadura longitudinal, de 1"" DN 25 m","unit_normalized=None, unit_raw=''","Revisar y mapear a una unidad canonical (ud, m2, m3, ml, kg, t, h, l, %, pa).",warning
unit_rare_or_empty,IOB022b,"Suministro e instalación de red aérea de distribución de agua para abastecimiento de los equipos de extinción de incendios, formada por tubería de policloruro de vinilo clorado (PVC-C), de 25 mm de di","unit_normalized=None, unit_raw=''","Revisar y mapear a una unidad canonical (ud, m2, m3, ml, kg, t, h, l, %, pa).",warning
unit_rare_or_empty,IOB030,"Suministro e instalación en superficie de Boca de incendio equipada (BIE), de 25 mm (1"") y de 680x480x215 mm, compuesta de: armario construido en acero de 1,2 mm de espesor, acabado con pintura epoxi ","unit_normalized=None, unit_raw=''","Revisar y mapear a una unidad canonical (ud, m2, m3, ml, kg, t, h, l, %, pa).",warning
unit_rare_or_empty,IOB040,"Suministro e instalación de hidrante de columna seca de 4"" DN 100 mm, con toma recta a la red, carrete de 300 mm, una boca de 4"" DN 100 mm, dos bocas de 2 1/2"" DN 70 mm, racores y tapones. Incluso ele","unit_normalized=None, unit_raw=''","Revisar y mapear a una unidad canonical (ud, m2, m3, ml, kg, t, h, l, %, pa).",warning
unit_rare_or_empty,IOD001,"Suministro e instalación de central de detección automática de incendios, convencional, modular, de 4 zonas de detección, ampliable hasta 16 zonas, con caja y tapa metálica, con módulo de alimentación","unit_normalized=None, unit_raw=''","Revisar y mapear a una unidad canonical (ud, m2, m3, ml, kg, t, h, l, %, pa).",warning
unit_rare_or_empty,IOD002,"Suministro e instalación de detector óptico de humos convencional, de ABS color blanco, formado por un elemento sensible a humos claros, para alimentación de 12 a 30 Vcc, con doble led de activación e","unit_normalized=None, unit_raw=''","Revisar y mapear a una unidad canonical (ud, m2, m3, ml, kg, t, h, l, %, pa).",warning
unit_rare_or_empty,IOD004,"Suministro e instalación de pulsador de alarma convencional de rearme manual, de ABS color rojo, protección IP 41, con led indicador de alarma color rojo y llave de rearme. Incluso elementos de fijaci","unit_normalized=None, unit_raw=''","Revisar y mapear a una unidad canonical (ud, m2, m3, ml, kg, t, h, l, %, pa).",warning
unit_rare_or_empty,IOD005,"Suministro e instalación en paramento interior de sirena electrónica, de color rojo, con señal acústica, alimentación a 24 Vcc, potencia sonora de 100 dB a 1 m y consumo de 14 mA. Incluso elementos de","unit_normalized=None, unit_raw=''","Revisar y mapear a una unidad canonical (ud, m2, m3, ml, kg, t, h, l, %, pa).",warning
unit_rare_or_empty,IOS010,"Placa de señalización de equipos contra incendios, de PVC fotoluminiscente, con categoría de fotoluminiscencia A según UNE 23035-4, de 210x210 mm. Incluso elementos de fijación. Incluye: Replanteo. Fi","unit_normalized=None, unit_raw=''","Revisar y mapear a una unidad canonical (ud, m2, m3, ml, kg, t, h, l, %, pa).",warning
unit_rare_or_empty,IOS020,"Placa de señalización de medios de evacuación, de PVC fotoluminiscente, con categoría de fotoluminiscencia A según UNE 23035-4, de 224x224 mm. Incluso elementos de fijación. Incluye: Replanteo. Fijaci","unit_normalized=None, unit_raw=''","Revisar y mapear a una unidad canonical (ud, m2, m3, ml, kg, t, h, l, %, pa).",warning
unit_rare_or_empty,IOT010,"Suministro e instalación en posición vertical de puesto de control de rociadores, de 3"" DN 80 mm de diámetro, unión ranura y ranura, formado por válvula de retención y alarma de hierro fundido, trim d","unit_normalized=None, unit_raw=''","Revisar y mapear a una unidad canonical (ud, m2, m3, ml, kg, t, h, l, %, pa).",warning
unit_rare_or_empty,IOT020,"Suministro e instalación en tubería de detector de flujo tipo paleta con retardo de hasta 90 segundos y dos contactos NA/NC, de 3"" DN 80 mm de diámetro, para una presión máxima de trabajo de 31 bar. I","unit_normalized=None, unit_raw=''","Revisar y mapear a una unidad canonical (ud, m2, m3, ml, kg, t, h, l, %, pa).",warning
unit_rare_or_empty,IOT022,"Suministro e instalación de presostato de supervisión de alta y baja presión con dos contactos NA/NC, rango de regulación de 0,7 a 12,1 bar, para una presión máxima de trabajo de 17,2 bar. Incluso tub","unit_normalized=None, unit_raw=''","Revisar y mapear a una unidad canonical (ud, m2, m3, ml, kg, t, h, l, %, pa).",warning
unit_rare_or_empty,IOT030,"Suministro e instalación de rociador automático montante, respuesta normal con ampolla fusible de vidrio frágil de 5 mm de diámetro y disolución alcohólica de color rojo, rotura a 68°C, de 1/2"" DN 15 ","unit_normalized=None, unit_raw=''","Revisar y mapear a una unidad canonical (ud, m2, m3, ml, kg, t, h, l, %, pa).",warning
unit_rare_or_empty,IOX010,"Suministro y colocación de extintor portátil de polvo químico ABC polivalente antibrasa, con presión incorporada, de eficacia 21A-144B-C, con 6 kg de agente extintor, con manómetro y manguera con boqu","unit_normalized=None, unit_raw=''","Revisar y mapear a una unidad canonical (ud, m2, m3, ml, kg, t, h, l, %, pa).",warning
unit_rare_or_empty,IOX010b,"Suministro y colocación de extintor portátil de nieve carbónica CO2, de eficacia 34B, con 2 kg de agente extintor, con vaso difusor. Incluso soporte y accesorios de montaje.","unit_normalized=None, unit_raw=''","Revisar y mapear a una unidad canonical (ud, m2, m3, ml, kg, t, h, l, %, pa).",warning
unit_rare_or_empty,IOX010c,"Suministro y colocación de extintor con carro, de nieve carbónica CO2, de eficacia B, con una botella de 10 kg de agente extintor, con manguera y trompa difusora. Incluso ruedas.","unit_normalized=None, unit_raw=''","Revisar y mapear a una unidad canonical (ud, m2, m3, ml, kg, t, h, l, %, pa).",warning
unit_rare_or_empty,IOX010d,"Suministro y colocación de extintor portátil hídrico (agua pulverizada + aditivos), de eficacia 21A-183B-75F, con 6 litros de agente extintor, con manómetro y manguera con boquilla difusora. Incluso s","unit_normalized=None, unit_raw=''","Revisar y mapear a una unidad canonical (ud, m2, m3, ml, kg, t, h, l, %, pa).",warning
unit_rare_or_empty,IOX010e,"Suministro y colocación de extintor portátil de polvo químico ABC polivalente antibrasa, con presión incorporada, de eficacia 21A-144B-C, con 6 kg de agente extintor, con manómetro y manguera con boqu","unit_normalized=None, unit_raw=''","Revisar y mapear a una unidad canonical (ud, m2, m3, ml, kg, t, h, l, %, pa).",warning
unit_rare_or_empty,IPE010,"Suministro e instalación de sistema externo de protección frente al rayo, formado por pararrayos tipo Franklin, con semiángulo de protección de 25° para un nivel de protección 1 según DB SUA Seguridad","unit_normalized=None, unit_raw=''","Revisar y mapear a una unidad canonical (ud, m2, m3, ml, kg, t, h, l, %, pa).",warning
unit_rare_or_empty,IPE030,"Suministro e instalación de sistema externo de protección frente al rayo, formado por pararrayos con dispositivo de cebado tipo ""PDC"", avance de 15 µs y radio de protección de 32 m para un nivel de pr","unit_normalized=None, unit_raw=''","Revisar y mapear a una unidad canonical (ud, m2, m3, ml, kg, t, h, l, %, pa).",warning
unit_rare_or_empty,ISB010,"Suministro y montaje de bajante interior de la red de evacuación de aguas residuales, formada por tubo de PVC, serie B, de 50 mm de diámetro y 3 mm de espesor; unión pegada con adhesivo. Incluso líqui","unit_normalized=None, unit_raw=''","Revisar y mapear a una unidad canonical (ud, m2, m3, ml, kg, t, h, l, %, pa).",warning
unit_rare_or_empty,ISB010b,"Suministro y montaje de bajante interior insonorizada de la red de evacuación de aguas residuales, formada por tubo de PVC-U, ABS, ASA y PVC-U con carga mineral, de 78 mm de diámetro y 4,9 mm de espes","unit_normalized=None, unit_raw=''","Revisar y mapear a una unidad canonical (ud, m2, m3, ml, kg, t, h, l, %, pa).",warning
unit_rare_or_empty,ISB010c,"Suministro y montaje de bajante interior de la red de evacuación de aguas residuales, formada por tubo de PVC, serie B, de 75 mm de diámetro y 3 mm de espesor; unión pegada con adhesivo. Incluso líqui","unit_normalized=None, unit_raw=''","Revisar y mapear a una unidad canonical (ud, m2, m3, ml, kg, t, h, l, %, pa).",warning
unit_rare_or_empty,ISB010d,"Suministro y montaje de bajante interior insonorizada de la red de evacuación de aguas residuales, formada por tubo de PVC-U, ABS, ASA y PVC-U con carga mineral, de 90 mm de diámetro y 5,1 mm de espes","unit_normalized=None, unit_raw=''","Revisar y mapear a una unidad canonical (ud, m2, m3, ml, kg, t, h, l, %, pa).",warning
unit_rare_or_empty,ISB010e,"Suministro y montaje de bajante interior de la red de evacuación de aguas residuales, formada por tubo de PVC, serie B, de 90 mm de diámetro y 3,2 mm de espesor; unión pegada con adhesivo. Incluso líq","unit_normalized=None, unit_raw=''","Revisar y mapear a una unidad canonical (ud, m2, m3, ml, kg, t, h, l, %, pa).",warning
unit_rare_or_empty,ISB010f,"Suministro y montaje de bajante interior de la red de evacuación de aguas pluviales, formada por tubo de PVC, serie B, de 90 mm de diámetro y 3,2 mm de espesor; unión pegada con adhesivo. Incluso líqu","unit_normalized=None, unit_raw=''","Revisar y mapear a una unidad canonical (ud, m2, m3, ml, kg, t, h, l, %, pa).",warning
unit_rare_or_empty,ISB010g,"Suministro y montaje de bajante interior de la red de evacuación de aguas residuales, formada por tubo de PVC, serie B, de 110 mm de diámetro y 3,2 mm de espesor; unión pegada con adhesivo. Incluso lí","unit_normalized=None, unit_raw=''","Revisar y mapear a una unidad canonical (ud, m2, m3, ml, kg, t, h, l, %, pa).",warning
unit_rare_or_empty,ISB010g1,"Suministro y montaje de bajante interior insonorizada de la red de evacuación de aguas residuales, formada por tubo de PVC-U, ABS, ASA y PVC-U con carga mineral, de 110 mm de diámetro y 5,3 mm de espe","unit_normalized=None, unit_raw=''","Revisar y mapear a una unidad canonical (ud, m2, m3, ml, kg, t, h, l, %, pa).",warning
unit_rare_or_empty,ISB010h,"Suministro y montaje de bajante interior de la red de evacuación de aguas pluviales, formada por tubo de PVC, serie B, de 110 mm de diámetro y 3,2 mm de espesor; unión pegada con adhesivo. Incluso líq","unit_normalized=None, unit_raw=''","Revisar y mapear a una unidad canonical (ud, m2, m3, ml, kg, t, h, l, %, pa).",warning
unit_rare_or_empty,ISB010h1,"Suministro y montaje de bajante interior insonorizada de la red de evacuación de aguas residuales, formada por tubo de PVC-U, ABS, ASA y PVC-U con carga mineral, de 125 mm de diámetro y 5,6 mm de espe","unit_normalized=None, unit_raw=''","Revisar y mapear a una unidad canonical (ud, m2, m3, ml, kg, t, h, l, %, pa).",warning
unit_rare_or_empty,ISB010i,"Suministro y montaje de bajante interior de la red de evacuación de aguas residuales, formada por tubo de PVC, serie B, de 125 mm de diámetro y 3,2 mm de espesor; unión pegada con adhesivo. Incluso lí","unit_normalized=None, unit_raw=''","Revisar y mapear a una unidad canonical (ud, m2, m3, ml, kg, t, h, l, %, pa).",warning
unit_rare_or_empty,ISB010i1,"Suministro y montaje de bajante interior insonorizada de la red de evacuación de aguas residuales, formada por tubo de PVC-U, ABS, ASA y PVC-U con carga mineral, de 160 mm de diámetro y 6,3 mm de espe","unit_normalized=None, unit_raw=''","Revisar y mapear a una unidad canonical (ud, m2, m3, ml, kg, t, h, l, %, pa).",warning
unit_rare_or_empty,ISB010j,"Suministro y montaje de bajante interior de la red de evacuación de aguas pluviales, formada por tubo de PVC, serie B, de 125 mm de diámetro y 3,2 mm de espesor; unión pegada con adhesivo. Incluso líq","unit_normalized=None, unit_raw=''","Revisar y mapear a una unidad canonical (ud, m2, m3, ml, kg, t, h, l, %, pa).",warning
unit_rare_or_empty,ISB010w,"Suministro y montaje de bajante interior de la red de evacuación de aguas residuales, formada por tubo de PVC, serie B, de 160 mm de diámetro y 3,2 mm de espesor; unión pegada con adhesivo. Incluso lí","unit_normalized=None, unit_raw=''","Revisar y mapear a una unidad canonical (ud, m2, m3, ml, kg, t, h, l, %, pa).",warning
unit_rare_or_empty,ISB020,"Suministro y montaje de bajante circular de cobre, de Ø 80 mm y 0,60 mm de espesor, para recogida de aguas, formada por piezas preformadas, con sistema de unión mediante abocardado, colocadas con abra","unit_normalized=None, unit_raw=''","Revisar y mapear a una unidad canonical (ud, m2, m3, ml, kg, t, h, l, %, pa).",warning
unit_rare_or_empty,ISB020b,"Suministro y montaje de bajante circular de cobre, de Ø 100 mm y 0,60 mm de espesor, para recogida de aguas, formada por piezas preformadas, con sistema de unión mediante abocardado, colocadas con abr","unit_normalized=None, unit_raw=''","Revisar y mapear a una unidad canonical (ud, m2, m3, ml, kg, t, h, l, %, pa).",warning
unit_rare_or_empty,ISB020c,"Suministro y montaje de tubo bajante circular de zinctitanio natural, electrosoldado por alta frecuencia, de Ø 80 mm, espesor 0,65 mm, para recogida de aguas, formada por piezas preformadas, con siste","unit_normalized=None, unit_raw=''","Revisar y mapear a una unidad canonical (ud, m2, m3, ml, kg, t, h, l, %, pa).",warning
unit_rare_or_empty,ISB020w,"Suministro y montaje de bajante circular de acero galvanizado, de Ø 100 mm, para recogida de aguas, formada por piezas preformadas, con sistema de unión por remaches, y sellado con silicona en los emp","unit_normalized=None, unit_raw=''","Revisar y mapear a una unidad canonical (ud, m2, m3, ml, kg, t, h, l, %, pa).",warning
unit_rare_or_empty,ISB022,"Suministro y montaje de bajante de la red de evacuación de aguas pluviales, formada por tubos cónicos de barro cocido, colocados con mortero de cemento, industrial, M-7,5. Incluso material auxiliar pa","unit_normalized=None, unit_raw=''","Revisar y mapear a una unidad canonical (ud, m2, m3, ml, kg, t, h, l, %, pa).",warning
unit_rare_or_empty,ISC010b,"Suministro y montaje de canalón circular de PVC con óxido de titanio, con junta, de desarrollo 250 mm, color gris claro, para recogida de aguas, formado por piezas preformadas, fijadas con gafas espec","unit_normalized=None, unit_raw=''","Revisar y mapear a una unidad canonical (ud, m2, m3, ml, kg, t, h, l, %, pa).",warning
unit_rare_or_empty,ISC010c,"Suministro y montaje de canalón circular de PVC con óxido de titanio, para encolar, de desarrollo 330 mm, color gris claro, para recogida de aguas, formado por piezas preformadas, fijadas con gafas es","unit_normalized=None, unit_raw=''","Revisar y mapear a una unidad canonical (ud, m2, m3, ml, kg, t, h, l, %, pa).",warning
unit_rare_or_empty,ISC010e,"Suministro y montaje de canalón circular de acero galvanizado, de desarrollo 250 mm, para recogida de aguas, formado por piezas preformadas, fijadas con soportes galvanizados colocados cada 50 cm, con","unit_normalized=None, unit_raw=''","Revisar y mapear a una unidad canonical (ud, m2, m3, ml, kg, t, h, l, %, pa).",warning
unit_rare_or_empty,ISC010g,"Suministro y montaje de canalón circular de acero galvanizado, de desarrollo 330 mm, para recogida de aguas, formado por piezas preformadas, fijadas con soportes galvanizados colocados cada 50 cm, con","unit_normalized=None, unit_raw=''","Revisar y mapear a una unidad canonical (ud, m2, m3, ml, kg, t, h, l, %, pa).",warning
unit_rare_or_empty,ISC010h,"Suministro y montaje de canalón circular de cobre, de desarrollo 280 mm y 0,60 mm de espesor, para recogida de aguas, formado por piezas preformadas, fijadas con soportes especiales colocados cada 50 ","unit_normalized=None, unit_raw=''","Revisar y mapear a una unidad canonical (ud, m2, m3, ml, kg, t, h, l, %, pa).",warning
unit_rare_or_empty,ISC010i,"Suministro y montaje de canalón circular de cobre, de desarrollo 330 mm y 0,60 mm de espesor, para recogida de aguas, formado por piezas preformadas, fijadas con soportes especiales colocados cada 50 ","unit_normalized=None, unit_raw=''","Revisar y mapear a una unidad canonical (ud, m2, m3, ml, kg, t, h, l, %, pa).",warning
unit_rare_or_empty,ISC010j,"Suministro y montaje de canalón circular de zinctitanio, natural, de desarrollo 280 mm, 0,65 mm de espesor y recorte de baquetón, para recogida de aguas, formado por piezas preformadas, fijadas con so","unit_normalized=None, unit_raw=''","Revisar y mapear a una unidad canonical (ud, m2, m3, ml, kg, t, h, l, %, pa).",warning
unit_rare_or_empty,ISC010k,"Suministro y montaje de canalón circular de zinctitanio, natural, de desarrollo 330 mm, 0,65 mm de espesor y recorte de baquetón, para recogida de aguas, formado por piezas preformadas, fijadas con so","unit_normalized=None, unit_raw=''","Revisar y mapear a una unidad canonical (ud, m2, m3, ml, kg, t, h, l, %, pa).",warning
unit_rare_or_empty,ISC015,"Suministro y montaje de canal creu de barro cocido, para recogida de aguas, formado por piezas fijadas con mortero de cemento, industrial, M-7,5, con una pendiente mínima del 0,5%. Incluso piezas espe","unit_normalized=None, unit_raw=''","Revisar y mapear a una unidad canonical (ud, m2, m3, ml, kg, t, h, l, %, pa).",warning
unit_rare_or_empty,ISD009,"Suministro e instalación de sumidero sifónico de PVC con rejilla de acero inoxidable de 100x100 mm y salidas vertical y horizontal de 50 mm de diámetro, para desagüe de ducha de obra.","unit_normalized=None, unit_raw=''","Revisar y mapear a una unidad canonical (ud, m2, m3, ml, kg, t, h, l, %, pa).",warning
unit_rare_or_empty,ISS010,"Suministro e instalación de colector suspendido de red horizontal, formado por tubo PVC, serie B de 50 mm de diámetro y 3 mm de espesor, unión pegada con adhesivo, con una pendiente mínima del 1,00%, ","unit_normalized=None, unit_raw=''","Revisar y mapear a una unidad canonical (ud, m2, m3, ml, kg, t, h, l, %, pa).",warning
unit_rare_or_empty,ISS010b,"Suministro e instalación de colector suspendido de red horizontal, formado por tubo PVC, serie B de 90 mm de diámetro y 3,2 mm de espesor, unión pegada con adhesivo, con una pendiente mínima del 1,00%","unit_normalized=None, unit_raw=''","Revisar y mapear a una unidad canonical (ud, m2, m3, ml, kg, t, h, l, %, pa).",warning
unit_rare_or_empty,ISS010c,"Suministro e instalación de colector suspendido de red horizontal, formado por tubo PVC, serie B de 110 mm de diámetro y 3,2 mm de espesor, unión pegada con adhesivo, con una pendiente mínima del 1,00","unit_normalized=None, unit_raw=''","Revisar y mapear a una unidad canonical (ud, m2, m3, ml, kg, t, h, l, %, pa).",warning
unit_rare_or_empty,ISS010d,"Suministro e instalación de colector suspendido de red horizontal, formado por tubo PVC, serie B de 125 mm de diámetro y 3,2 mm de espesor, unión pegada con adhesivo, con una pendiente mínima del 1,00","unit_normalized=None, unit_raw=''","Revisar y mapear a una unidad canonical (ud, m2, m3, ml, kg, t, h, l, %, pa).",warning
unit_rare_or_empty,ISS010e,"Suministro e instalación de colector suspendido de red horizontal, formado por tubo PVC, serie B de 160 mm de diámetro y 3,2 mm de espesor, unión pegada con adhesivo, con una pendiente mínima del 1,00","unit_normalized=None, unit_raw=''","Revisar y mapear a una unidad canonical (ud, m2, m3, ml, kg, t, h, l, %, pa).",warning
unit_rare_or_empty,ISS010f,"Suministro e instalación de colector suspendido insonorizado de red horizontal, formado por tubo PVC-U, ABS, ASA y PVC-U con carga mineral de 78 mm de diámetro y 4,9 mm de espesor, unión a presión con","unit_normalized=None, unit_raw=''","Revisar y mapear a una unidad canonical (ud, m2, m3, ml, kg, t, h, l, %, pa).",warning
unit_rare_or_empty,ISS010g,"Suministro e instalación de colector suspendido insonorizado de red horizontal, formado por tubo PVC-U, ABS, ASA y PVC-U con carga mineral de 90 mm de diámetro y 5,1 mm de espesor, unión a presión con","unit_normalized=None, unit_raw=''","Revisar y mapear a una unidad canonical (ud, m2, m3, ml, kg, t, h, l, %, pa).",warning
unit_rare_or_empty,ISS010h,"Suministro e instalación de colector suspendido insonorizado de red horizontal, formado por tubo PVC-U, ABS, ASA y PVC-U con carga mineral de 110 mm de diámetro y 5,3 mm de espesor, unión a presión co","unit_normalized=None, unit_raw=''","Revisar y mapear a una unidad canonical (ud, m2, m3, ml, kg, t, h, l, %, pa).",warning
unit_rare_or_empty,ISS010i,"Suministro e instalación de colector suspendido insonorizado de red horizontal, formado por tubo PVC-U, ABS, ASA y PVC-U con carga mineral de 125 mm de diámetro y 5,6 mm de espesor, unión a presión co","unit_normalized=None, unit_raw=''","Revisar y mapear a una unidad canonical (ud, m2, m3, ml, kg, t, h, l, %, pa).",warning
unit_rare_or_empty,ISS010j,"Suministro e instalación de colector suspendido insonorizado de red horizontal, formado por tubo PVC-U, ABS, ASA y PVC-U con carga mineral de 160 mm de diámetro y 6,3 mm de espesor, unión a presión co","unit_normalized=None, unit_raw=''","Revisar y mapear a una unidad canonical (ud, m2, m3, ml, kg, t, h, l, %, pa).",warning
unit_rare_or_empty,ISS010k,"Suministro e instalación de colector suspendido insonorizado de red horizontal, formado por tubo PVC-U, ABS, ASA y PVC-U con carga mineral de 200 mm de diámetro y 6,6 mm de espesor, unión a presión co","unit_normalized=None, unit_raw=''","Revisar y mapear a una unidad canonical (ud, m2, m3, ml, kg, t, h, l, %, pa).",warning
unit_rare_or_empty,ITA010,"Suministro e instalación completa de ascensor eléctrico de adherencia de 1 m/s de velocidad, 4 paradas, 320 kg de carga nominal, con capacidad para 4 personas, nivel básico de acabado en cabina de 840","unit_normalized=None, unit_raw=''","Revisar y mapear a una unidad canonical (ud, m2, m3, ml, kg, t, h, l, %, pa).",warning
unit_rare_or_empty,ITA010b,"Suministro e instalación completa de ascensor eléctrico de adherencia de 1 m/s de velocidad, 6 paradas, 320 kg de carga nominal, con capacidad para 4 personas, nivel básico de acabado en cabina de 840","unit_normalized=None, unit_raw=''","Revisar y mapear a una unidad canonical (ud, m2, m3, ml, kg, t, h, l, %, pa).",warning
unit_rare_or_empty,ITA010c,"Suministro e instalación completa de ascensor eléctrico de adherencia de 1 m/s de velocidad, 4 paradas, 450 kg de carga nominal, con capacidad para 6 personas, nivel básico de acabado en cabina de 100","unit_normalized=None, unit_raw=''","Revisar y mapear a una unidad canonical (ud, m2, m3, ml, kg, t, h, l, %, pa).",warning
unit_rare_or_empty,ITA010d,"Suministro e instalación completa de ascensor eléctrico de adherencia de 1 m/s de velocidad, 6 paradas, 450 kg de carga nominal, con capacidad para 6 personas, nivel básico de acabado en cabina de 100","unit_normalized=None, unit_raw=''","Revisar y mapear a una unidad canonical (ud, m2, m3, ml, kg, t, h, l, %, pa).",warning
unit_rare_or_empty,ITC010c,"Suministro e instalación de montacargas hidráulico para 100 kg, de 3 paradas (6 m), de 1x1 m de plataforma, con guías y un pistón. Totalmente montado, conexionado y probado.","unit_normalized=None, unit_raw=''","Revisar y mapear a una unidad canonical (ud, m2, m3, ml, kg, t, h, l, %, pa).",warning
unit_rare_or_empty,ITC010d,"Suministro e instalación de montacargas hidráulico para 400 kg, de 3 paradas (6 m), de 1x1 m de plataforma, con guías y un pistón. Totalmente montado, conexionado y probado.","unit_normalized=None, unit_raw=''","Revisar y mapear a una unidad canonical (ud, m2, m3, ml, kg, t, h, l, %, pa).",warning
unit_rare_or_empty,ITC010e,"Suministro e instalación de montacargas hidráulico para 1500 kg, de 3 paradas (6 m), de 2x2 m de plataforma, con guías y un pistón. Totalmente montado, conexionado y probado.","unit_normalized=None, unit_raw=''","Revisar y mapear a una unidad canonical (ud, m2, m3, ml, kg, t, h, l, %, pa).",warning
unit_rare_or_empty,ITC010f,"Suministro e instalación de montacargas hidráulico para 2000 kg, de 3 paradas (6 m), de 2,85x5,1 m de plataforma, con guías y dos pistones. Totalmente montado, conexionado y probado.","unit_normalized=None, unit_raw=''","Revisar y mapear a una unidad canonical (ud, m2, m3, ml, kg, t, h, l, %, pa).",warning
unit_rare_or_empty,ITE010d,"Suministro e instalación completa de escalera mecánica eléctrica, para interior, de 30° de inclinación, para salvar una altura de 3 m, con un ancho útil de 1 m, balaustrada de 1 m, capacidad de transp","unit_normalized=None, unit_raw=''","Revisar y mapear a una unidad canonical (ud, m2, m3, ml, kg, t, h, l, %, pa).",warning
unit_rare_or_empty,ITE010e,"Suministro e instalación completa de escalera mecánica eléctrica, para interior, de 30° de inclinación, para salvar una altura de 4 m, con un ancho útil de 1 m, balaustrada de 1 m, capacidad de transp","unit_normalized=None, unit_raw=''","Revisar y mapear a una unidad canonical (ud, m2, m3, ml, kg, t, h, l, %, pa).",warning
unit_rare_or_empty,ITE010f,"Suministro e instalación completa de escalera mecánica eléctrica, para interior, de 30° de inclinación, para salvar una altura de 5 m, con un ancho útil de 1 m, balaustrada de 1 m, capacidad de transp","unit_normalized=None, unit_raw=''","Revisar y mapear a una unidad canonical (ud, m2, m3, ml, kg, t, h, l, %, pa).",warning
unit_rare_or_empty,IVA010,"Suministro y montaje de aireador de admisión graduable, de aluminio lacado en color a elegir de la carta RAL, caudal máximo 10 l/s, de 1200x80x12 mm, con abertura de 800x12 mm, aislamiento acústico de","unit_normalized=None, unit_raw=''","Revisar y mapear a una unidad canonical (ud, m2, m3, ml, kg, t, h, l, %, pa).",warning
unit_rare_or_empty,IVA010b,"Suministro y colocación de aireador de paso, de aluminio, caudal máximo 15 l/s, de 725x20x82 mm, con silenciador acústico de espuma de resina de melamina y aislamiento acústico de 34 dBA. Incluso elem","unit_normalized=None, unit_raw=''","Revisar y mapear a una unidad canonical (ud, m2, m3, ml, kg, t, h, l, %, pa).",warning
unit_rare_or_empty,IVA011,Suministro y montaje de herraje para microabertura de ventana corredera. Incluso accesorios de montaje y elementos de fijación.,"unit_normalized=None, unit_raw=''","Revisar y mapear a una unidad canonical (ud, m2, m3, ml, kg, t, h, l, %, pa).",warning
unit_rare_or_empty,IVH030,"Suministro e instalación en el extremo exterior del conducto de extracción (boca de expulsión), en vivienda unifamiliar, de extractor estático mecánico, de 153 mm de diámetro y 415 mm de altura, de 25","unit_normalized=None, unit_raw=''","Revisar y mapear a una unidad canonical (ud, m2, m3, ml, kg, t, h, l, %, pa).",warning
unit_rare_or_empty,IVH040,"Suministro e instalación en vivienda unifamiliar de dispositivo de control centralizado formado por armario de programación compuesto por caja de superficie estanca, de 300x200x150 mm, interruptor aut","unit_normalized=None, unit_raw=''","Revisar y mapear a una unidad canonical (ud, m2, m3, ml, kg, t, h, l, %, pa).",warning
unit_rare_or_empty,IVH040b,"Suministro e instalación en edificio plurifamiliar de dispositivo de control centralizado formado por armario de programación compuesto por caja de superficie estanca, de 300x200x150 mm, interruptor a","unit_normalized=None, unit_raw=''","Revisar y mapear a una unidad canonical (ud, m2, m3, ml, kg, t, h, l, %, pa).",warning
unit_rare_or_empty,IVM021,"Suministro y colocación de boca de ventilación graduable de poliestireno en ejecución redonda, adecuada para extracción e impulsión, de 80 mm de diámetro, formada por un cuerpo con junta elástica de E","unit_normalized=None, unit_raw=''","Revisar y mapear a una unidad canonical (ud, m2, m3, ml, kg, t, h, l, %, pa).",warning
unit_rare_or_empty,IVN030,"Suministro y montaje de aspirador giratorio con sombrero dinámico, de aluminio (Dureza H-24), para conducto de salida de 250 mm de diámetro exterior, para ventilación natural. Incluso elementos de fij","unit_normalized=None, unit_raw=''","Revisar y mapear a una unidad canonical (ud, m2, m3, ml, kg, t, h, l, %, pa).",warning
unit_rare_or_empty,IVN030b,"Suministro y montaje de aspirador giratorio con sombrero dinámico, de aluminio (Dureza H-24), para conducto de salida de 350 mm de diámetro exterior, para ventilación natural. Incluso elementos de fij","unit_normalized=None, unit_raw=''","Revisar y mapear a una unidad canonical (ud, m2, m3, ml, kg, t, h, l, %, pa).",warning
unit_rare_or_empty,IVN030c,"Suministro y montaje de aspirador estático prefabricado de hormigón cuadrado, de 50x50 cm, con pieza de terminación, para ventilación natural. Incluso tapa, base de fijación y adhesivo cementoso para ","unit_normalized=None, unit_raw=''","Revisar y mapear a una unidad canonical (ud, m2, m3, ml, kg, t, h, l, %, pa).",warning
unit_rare_or_empty,IVN030e,"Suministro y montaje de aspirador estático prefabricado de hormigón cilíndrico, de 45x35 cm, con pieza de terminación, para ventilación natural. Incluso tapa, base de fijación y adhesivo cementoso par","unit_normalized=None, unit_raw=''","Revisar y mapear a una unidad canonical (ud, m2, m3, ml, kg, t, h, l, %, pa).",warning
unit_rare_or_empty,IVV010,"Ejecución de conducto de ventilación, formado por piezas simples de hormigón, de 24x36x30 cm, recibidas con mortero de cemento, industrial, M-5, con rejilla de ventilación de poliestireno de 140x270 m","unit_normalized=None, unit_raw=''","Revisar y mapear a una unidad canonical (ud, m2, m3, ml, kg, t, h, l, %, pa).",warning
unit_rare_or_empty,IVV010b,"Ejecución de conducto de ventilación, formado por piezas dobles de hormigón, de 24x48x30 cm, recibidas con mortero de cemento, industrial, M-5, con rejillas de ventilación de poliestireno de 140x270 m","unit_normalized=None, unit_raw=''","Revisar y mapear a una unidad canonical (ud, m2, m3, ml, kg, t, h, l, %, pa).",warning
unit_rare_or_empty,IVV020,"Suministro y montaje de conducto circular de ventilación formado por tubo de chapa de acero galvanizado de pared simple lisa, autoconectable macho-hembra, de 250 mm de diámetro y 0,6 mm de espesor de ","unit_normalized=None, unit_raw=''","Revisar y mapear a una unidad canonical (ud, m2, m3, ml, kg, t, h, l, %, pa).",warning
unit_rare_or_empty,IVV020b,"Suministro y montaje de conducto circular de ventilación formado por tubo de chapa de acero galvanizado de pared simple lisa, autoconectable macho-hembra, de 300 mm de diámetro y 0,6 mm de espesor de ","unit_normalized=None, unit_raw=''","Revisar y mapear a una unidad canonical (ud, m2, m3, ml, kg, t, h, l, %, pa).",warning
unit_rare_or_empty,IVV030,"Suministro y montaje de conducto de ventilación, formado por tubo liso de PVC, de 90 mm de diámetro exterior, pegado mediante adhesivo, colocado en posición vertical. Incluso material auxiliar para mo","unit_normalized=None, unit_raw=''","Revisar y mapear a una unidad canonical (ud, m2, m3, ml, kg, t, h, l, %, pa).",warning
unit_rare_or_empty,IVV030b,"Suministro y montaje de conducto de ventilación, formado por tubo liso de PVC, de 110 mm de diámetro exterior, pegado mediante adhesivo, colocado en posición vertical. Incluso material auxiliar para m","unit_normalized=None, unit_raw=''","Revisar y mapear a una unidad canonical (ud, m2, m3, ml, kg, t, h, l, %, pa).",warning
unit_rare_or_empty,IVV030c,"Suministro y montaje de conducto de ventilación, formado por tubo liso de PVC, de 125 mm de diámetro exterior, pegado mediante adhesivo, colocado en posición vertical. Incluso material auxiliar para m","unit_normalized=None, unit_raw=''","Revisar y mapear a una unidad canonical (ud, m2, m3, ml, kg, t, h, l, %, pa).",warning
unit_rare_or_empty,IVV250b,"Suministro y montaje de conducto de ventilación, formado por tubo semirrígido de doble pared con aislamiento, compuesto por pared interior de chapa perforada de aluminio de 250 mm de diámetro, pared e","unit_normalized=None, unit_raw=''","Revisar y mapear a una unidad canonical (ud, m2, m3, ml, kg, t, h, l, %, pa).",warning
unit_rare_or_empty,LAF010,"Suministro y colocación de block de armario prefabricado para empotrar de dos hojas abatibles de 105x233x60 cm, de tablero aglomerado liso rechapado en haya de 16 mm de espesor, en costados, techo, su","unit_normalized=None, unit_raw=''","Revisar y mapear a una unidad canonical (ud, m2, m3, ml, kg, t, h, l, %, pa).",warning
unit_rare_or_empty,LAF010b,"Suministro y colocación de block de armario prefabricado para empotrar de dos hojas abatibles de 250x70x60 cm, de tablero aglomerado melamínico, de 16 mm de espesor, en costados, techo, suelo y divisi","unit_normalized=None, unit_raw=''","Revisar y mapear a una unidad canonical (ud, m2, m3, ml, kg, t, h, l, %, pa).",warning
unit_rare_or_empty,LAH010,"Suministro y colocación de puerta de armario de dos hojas de 215 cm de altura de 50x1,9 cm cada una, de tablero aglomerado, acabado en melamina, de color blanco; precerco de pino país de 70x35 mm; tap","unit_normalized=None, unit_raw=''","Revisar y mapear a una unidad canonical (ud, m2, m3, ml, kg, t, h, l, %, pa).",warning
unit_rare_or_empty,LAH010a,"Suministro y colocación de puerta de armario de dos hojas de 215 cm de altura de 50x3 cm cada una, de tablero de MDF, prelacada en blanco, con moldura de forma recta; precerco de pino país de 70x35 mm","unit_normalized=None, unit_raw=''","Revisar y mapear a una unidad canonical (ud, m2, m3, ml, kg, t, h, l, %, pa).",warning
unit_rare_or_empty,LAH010b,"Suministro y colocación de puerta de armario de dos hojas de 215 cm de altura de 50x1,9 cm cada una, de tablero aglomerado, acabado en melamina, imitación madera de pino; precerco de pino país de 70x3","unit_normalized=None, unit_raw=''","Revisar y mapear a una unidad canonical (ud, m2, m3, ml, kg, t, h, l, %, pa).",warning
unit_rare_or_empty,LAH010b1,"Suministro y colocación de puerta de armario de dos hojas de 215 cm de altura de 50x1,9 cm cada una, de tablero aglomerado, acabado en melamina, imitación madera de roble; precerco de pino país de 70x","unit_normalized=None, unit_raw=''","Revisar y mapear a una unidad canonical (ud, m2, m3, ml, kg, t, h, l, %, pa).",warning
unit_rare_or_empty,LCL060,"Suministro y montaje de carpintería de aluminio, anodizado natural, para conformado de ventana, abisagrada practicable de apertura hacia el interior, de 60x60 cm, formada por una hoja, con perfiles pr","unit_normalized=None, unit_raw=''","Revisar y mapear a una unidad canonical (ud, m2, m3, ml, kg, t, h, l, %, pa).",warning
unit_rare_or_empty,LCL060b,"Suministro y montaje de carpintería de aluminio, anodizado natural, para conformado de ventana, abisagrada oscilobatiente de apertura hacia el interior, de 60x60 cm, serie alta, formada por una hoja, ","unit_normalized=None, unit_raw=''","Revisar y mapear a una unidad canonical (ud, m2, m3, ml, kg, t, h, l, %, pa).",warning
unit_rare_or_empty,LCL060ba,"Suministro y montaje de carpintería de aluminio, lacado color blanco, para conformado de ventana, corredera simple, de 120x120 cm, serie alta, formada por dos hojas, con perfiles provistos de rotura d","unit_normalized=None, unit_raw=''","Revisar y mapear a una unidad canonical (ud, m2, m3, ml, kg, t, h, l, %, pa).",warning
unit_rare_or_empty,LCL060bb,"Suministro y montaje de carpintería de aluminio, lacado color blanco, para conformado de puerta, abisagrada practicable de apertura hacia el interior, de 80x220 cm, serie alta, formada por una hoja, c","unit_normalized=None, unit_raw=''","Revisar y mapear a una unidad canonical (ud, m2, m3, ml, kg, t, h, l, %, pa).",warning
unit_rare_or_empty,LCL060bc,"Suministro y montaje de carpintería de aluminio, lacado color blanco, para conformado de puerta, abisagrada practicable de apertura hacia el interior, de 80x220 cm, serie alta, formada por una hoja, c","unit_normalized=None, unit_raw=''","Revisar y mapear a una unidad canonical (ud, m2, m3, ml, kg, t, h, l, %, pa).",warning
unit_rare_or_empty,LCL060bd,"Suministro y montaje de carpintería de aluminio, lacado color blanco, para conformado de puerta, abisagrada oscilobatiente de apertura hacia el interior, de 80x220 cm, serie alta, formada por una hoja","unit_normalized=None, unit_raw=''","Revisar y mapear a una unidad canonical (ud, m2, m3, ml, kg, t, h, l, %, pa).",warning
unit_rare_or_empty,LCL060be,"Suministro y montaje de carpintería de aluminio, lacado color blanco, con 60 micras de espesor mínimo de película seca, para conformado de puerta, abisagrada oscilobatiente de apertura hacia el interi","unit_normalized=None, unit_raw=''","Revisar y mapear a una unidad canonical (ud, m2, m3, ml, kg, t, h, l, %, pa).",warning
unit_rare_or_empty,LCL060bf,"Suministro y montaje de carpintería de aluminio, lacado color blanco, para conformado de puerta, abisagrada practicable de apertura hacia el interior, de 160x220 cm, serie alta, formada por dos hojas,","unit_normalized=None, unit_raw=''","Revisar y mapear a una unidad canonical (ud, m2, m3, ml, kg, t, h, l, %, pa).",warning
unit_rare_or_empty,LCL060bg,"Suministro y montaje de carpintería de aluminio, lacado color blanco, para conformado de puerta, abisagrada practicable de apertura hacia el interior, de 160x220 cm, serie alta, formada por dos hojas,","unit_normalized=None, unit_raw=''","Revisar y mapear a una unidad canonical (ud, m2, m3, ml, kg, t, h, l, %, pa).",warning
unit_rare_or_empty,LCL060bh,"Suministro y montaje de carpintería de aluminio, lacado color blanco, para conformado de puerta, corredera simple, de 160x220 cm, serie alta, formada por dos hojas, con perfiles provistos de rotura de","unit_normalized=None, unit_raw=''","Revisar y mapear a una unidad canonical (ud, m2, m3, ml, kg, t, h, l, %, pa).",warning
unit_rare_or_empty,LCL060bi,"Suministro y montaje de carpintería de aluminio, lacado color blanco, para conformado de puerta, corredera simple, de 160x220 cm, serie alta, formada por dos hojas, con perfiles provistos de rotura de","unit_normalized=None, unit_raw=''","Revisar y mapear a una unidad canonical (ud, m2, m3, ml, kg, t, h, l, %, pa).",warning
unit_rare_or_empty,LCL060bj,"Suministro y montaje de carpintería de aluminio, lacado color blanco, para conformado de puerta, abisagrada practicable de apertura hacia el interior, de 80x220 cm, con fijo lateral de 40x220 cm, seri","unit_normalized=None, unit_raw=''","Revisar y mapear a una unidad canonical (ud, m2, m3, ml, kg, t, h, l, %, pa).",warning
unit_rare_or_empty,LCL060bk,"Suministro y montaje de carpintería de aluminio, lacado color blanco, para conformado de puerta, abisagrada practicable de apertura hacia el interior, de 80x220 cm, con fijo lateral de 40x220 cm, seri","unit_normalized=None, unit_raw=''","Revisar y mapear a una unidad canonical (ud, m2, m3, ml, kg, t, h, l, %, pa).",warning
unit_rare_or_empty,LCL060bl,"Suministro y montaje de carpintería de aluminio, lacado color blanco, para conformado de fijo, de 80x220 cm, serie alta, formada por una hoja, con perfiles provistos de rotura de puente térmico, y con","unit_normalized=None, unit_raw=''","Revisar y mapear a una unidad canonical (ud, m2, m3, ml, kg, t, h, l, %, pa).",warning
unit_rare_or_empty,LCL060c,"Suministro y montaje de carpintería de aluminio, anodizado natural, para conformado de ventana, abisagrada practicable de apertura hacia el interior, de 60x120 cm, serie alta, formada por una hoja, co","unit_normalized=None, unit_raw=''","Revisar y mapear a una unidad canonical (ud, m2, m3, ml, kg, t, h, l, %, pa).",warning
unit_rare_or_empty,LCL060d,"Suministro y montaje de carpintería de aluminio, anodizado natural, para conformado de ventana, abisagrada oscilobatiente de apertura hacia el interior, de 60x120 cm, serie alta, formada por una hoja,","unit_normalized=None, unit_raw=''","Revisar y mapear a una unidad canonical (ud, m2, m3, ml, kg, t, h, l, %, pa).",warning
unit_rare_or_empty,LCL060e,"Suministro y montaje de carpintería de aluminio, anodizado natural, para conformado de ventana, abisagrada practicable de apertura hacia el interior, de 120x120 cm, serie alta, formada por dos hojas, ","unit_normalized=None, unit_raw=''","Revisar y mapear a una unidad canonical (ud, m2, m3, ml, kg, t, h, l, %, pa).",warning
unit_rare_or_empty,LCL060f,"Suministro y montaje de carpintería de aluminio, anodizado natural, para conformado de ventana, abisagrada oscilobatiente de apertura hacia el interior, de 80x120 cm, con fijo lateral de 40 cm de anch","unit_normalized=None, unit_raw=''","Revisar y mapear a una unidad canonical (ud, m2, m3, ml, kg, t, h, l, %, pa).",warning
unit_rare_or_empty,LCL060g,"Suministro y montaje de carpintería de aluminio, anodizado natural, para conformado de ventana, corredera simple, de 120x120 cm, serie alta, formada por dos hojas, con perfiles provistos de rotura de ","unit_normalized=None, unit_raw=''","Revisar y mapear a una unidad canonical (ud, m2, m3, ml, kg, t, h, l, %, pa).",warning
unit_rare_or_empty,LCL060h,"Suministro y montaje de carpintería de aluminio, anodizado natural, para conformado de puerta, abisagrada practicable de apertura hacia el interior, de 80x220 cm, serie alta, formada por una hoja, con","unit_normalized=None, unit_raw=''","Revisar y mapear a una unidad canonical (ud, m2, m3, ml, kg, t, h, l, %, pa).",warning
unit_rare_or_empty,LCL060i,"Suministro y montaje de carpintería de aluminio, anodizado natural, para conformado de puerta, abisagrada practicable de apertura hacia el interior, de 160x220 cm, serie alta, formada por dos hojas, c","unit_normalized=None, unit_raw=''","Revisar y mapear a una unidad canonical (ud, m2, m3, ml, kg, t, h, l, %, pa).",warning
unit_rare_or_empty,LCL060j,"Suministro y montaje de carpintería de aluminio, anodizado natural, para conformado de puerta, corredera simple, de 160x220 cm, serie alta, formada por dos hojas, con perfiles provistos de rotura de p","unit_normalized=None, unit_raw=''","Revisar y mapear a una unidad canonical (ud, m2, m3, ml, kg, t, h, l, %, pa).",warning
unit_rare_or_empty,LCL060k,"Suministro y montaje de carpintería de aluminio, anodizado natural, para conformado de puerta, abisagrada oscilobatiente de apertura hacia el interior, de 80x220 cm, serie alta, formada por una hoja, ","unit_normalized=None, unit_raw=''","Revisar y mapear a una unidad canonical (ud, m2, m3, ml, kg, t, h, l, %, pa).",warning
unit_rare_or_empty,LCL060l,"Suministro y montaje de carpintería de aluminio, anodizado natural, para conformado de puerta, abisagrada practicable de apertura hacia el interior, de 80x220 cm, con fijo lateral de 40x220 cm, serie ","unit_normalized=None, unit_raw=''","Revisar y mapear a una unidad canonical (ud, m2, m3, ml, kg, t, h, l, %, pa).",warning
unit_rare_or_empty,LCL060m,"Suministro y montaje de carpintería de aluminio, anodizado natural, para conformado de fijo, de 80x220 cm, serie alta, formada por una hoja, con perfiles provistos de rotura de puente térmico, y con p","unit_normalized=None, unit_raw=''","Revisar y mapear a una unidad canonical (ud, m2, m3, ml, kg, t, h, l, %, pa).",warning
unit_rare_or_empty,LCL060n,"Suministro y montaje de carpintería de aluminio, lacado color blanco, para conformado de ventana, abisagrada practicable de apertura hacia el interior, de 60x60 cm, serie alta, formada por una hoja, c","unit_normalized=None, unit_raw=''","Revisar y mapear a una unidad canonical (ud, m2, m3, ml, kg, t, h, l, %, pa).",warning
unit_rare_or_empty,LCL060o,"Suministro y montaje de carpintería de aluminio, lacado color blanco, para conformado de ventana, abisagrada practicable de apertura hacia el interior, de 60x60 cm, serie alta, formada por una hoja, c","unit_normalized=None, unit_raw=''","Revisar y mapear a una unidad canonical (ud, m2, m3, ml, kg, t, h, l, %, pa).",warning
unit_rare_or_empty,LCL060p,"Suministro y montaje de carpintería de aluminio, lacado color blanco, para conformado de ventana, abisagrada oscilobatiente de apertura hacia el interior, de 60x60 cm, serie alta, formada por una hoja","unit_normalized=None, unit_raw=''","Revisar y mapear a una unidad canonical (ud, m2, m3, ml, kg, t, h, l, %, pa).",warning
unit_rare_or_empty,LCL060q,"Suministro y montaje de carpintería de aluminio, lacado color blanco, para conformado de ventana, abisagrada oscilobatiente de apertura hacia el interior, de 60x60 cm, serie alta, formada por una hoja","unit_normalized=None, unit_raw=''","Revisar y mapear a una unidad canonical (ud, m2, m3, ml, kg, t, h, l, %, pa).",warning
unit_rare_or_empty,LCL060r,"Suministro y montaje de carpintería de aluminio, lacado color blanco, para conformado de ventana, abisagrada practicable de apertura hacia el interior, de 60x120 cm, serie alta, formada por una hoja, ","unit_normalized=None, unit_raw=''","Revisar y mapear a una unidad canonical (ud, m2, m3, ml, kg, t, h, l, %, pa).",warning
unit_rare_or_empty,LCL060s,"Suministro y montaje de carpintería de aluminio, lacado color blanco, para conformado de ventana, abisagrada practicable de apertura hacia el interior, de 60x120 cm, serie alta, formada por una hoja, ","unit_normalized=None, unit_raw=''","Revisar y mapear a una unidad canonical (ud, m2, m3, ml, kg, t, h, l, %, pa).",warning
unit_rare_or_empty,LCL060t,"Suministro y montaje de carpintería de aluminio, lacado color blanco, para conformado de ventana, abisagrada oscilobatiente de apertura hacia el interior, de 60x120 cm, serie alta, formada por una hoj","unit_normalized=None, unit_raw=''","Revisar y mapear a una unidad canonical (ud, m2, m3, ml, kg, t, h, l, %, pa).",warning
unit_rare_or_empty,LCL060u,"Suministro y montaje de carpintería de aluminio, lacado color blanco, para conformado de ventana, abisagrada oscilobatiente de apertura hacia el interior, de 60x120 cm, serie alta, formada por una hoj","unit_normalized=None, unit_raw=''","Revisar y mapear a una unidad canonical (ud, m2, m3, ml, kg, t, h, l, %, pa).",warning
unit_rare_or_empty,LCL060v,"Suministro y montaje de carpintería de aluminio, lacado color blanco, para conformado de ventana, abisagrada practicable de apertura hacia el interior, de 120x120 cm, serie alta, formada por dos hojas","unit_normalized=None, unit_raw=''","Revisar y mapear a una unidad canonical (ud, m2, m3, ml, kg, t, h, l, %, pa).",warning
unit_rare_or_empty,LCL060w,"Suministro y montaje de carpintería de aluminio, lacado color blanco, para conformado de ventana, abisagrada practicable de apertura hacia el interior, de 120x120 cm, serie alta, formada por dos hojas","unit_normalized=None, unit_raw=''","Revisar y mapear a una unidad canonical (ud, m2, m3, ml, kg, t, h, l, %, pa).",warning
unit_rare_or_empty,LCL060x,"Suministro y montaje de carpintería de aluminio, lacado color blanco, para conformado de ventana, abisagrada oscilobatiente de apertura hacia el interior, de 80x120 cm, con fijo lateral de 40 cm de an","unit_normalized=None, unit_raw=''","Revisar y mapear a una unidad canonical (ud, m2, m3, ml, kg, t, h, l, %, pa).",warning
unit_rare_or_empty,LCL060y,"Suministro y montaje de carpintería de aluminio, lacado color blanco, para conformado de ventana, abisagrada oscilobatiente de apertura hacia el interior, de 80x120 cm, con fijo lateral de 40 cm de an","unit_normalized=None, unit_raw=''","Revisar y mapear a una unidad canonical (ud, m2, m3, ml, kg, t, h, l, %, pa).",warning
unit_rare_or_empty,LCL060z,"Suministro y montaje de carpintería de aluminio,, para conformado de ventana, corredera simple, de 120x120 cm, serie alta, formada por dos hojas, con perfiles provistos de rotura de puente térmico, y ","unit_normalized=None, unit_raw=''","Revisar y mapear a una unidad canonical (ud, m2, m3, ml, kg, t, h, l, %, pa).",warning
unit_rare_or_empty,LCM015,"Suministro y montaje de carpintería exterior de madera de pino, para fijo de 600x600 mm, marco de 68x78 mm de sección, junquillos y tapajuntas de madera maciza de 70x15 mm, con capacidad para recibir ","unit_normalized=None, unit_raw=''","Revisar y mapear a una unidad canonical (ud, m2, m3, ml, kg, t, h, l, %, pa).",warning
unit_rare_or_empty,LCM015a,"Suministro y montaje de carpintería exterior de madera de iroko, para fijo de 600x600 mm, marco de 68x78 mm de sección, moldura recta, junquillos y tapajuntas de madera maciza de 70x15 mm, con capacid","unit_normalized=None, unit_raw=''","Revisar y mapear a una unidad canonical (ud, m2, m3, ml, kg, t, h, l, %, pa).",warning
unit_rare_or_empty,LCM015b,"Suministro y montaje de carpintería exterior de madera de pino, para fijo de 1200x1200 mm, marco de 68x78 mm de sección, junquillos y tapajuntas de madera maciza de 70x15 mm, con capacidad para recibi","unit_normalized=None, unit_raw=''","Revisar y mapear a una unidad canonical (ud, m2, m3, ml, kg, t, h, l, %, pa).",warning
unit_rare_or_empty,LCM015b1,"Suministro y montaje de carpintería exterior de madera de iroko, para fijo de 1200x800 mm, marco de 68x78 mm de sección, moldura recta, junquillos y tapajuntas de madera maciza de 70x15 mm, con capaci","unit_normalized=None, unit_raw=''","Revisar y mapear a una unidad canonical (ud, m2, m3, ml, kg, t, h, l, %, pa).",warning
unit_rare_or_empty,LCM015c,"Suministro y montaje de carpintería exterior de madera de pino, para ventana abisagrada, de 1000x1200 mm, hoja y marco de 68x78 mm de sección, junquillos, tapajuntas de madera maciza de 70x15 mm y vie","unit_normalized=None, unit_raw=''","Revisar y mapear a una unidad canonical (ud, m2, m3, ml, kg, t, h, l, %, pa).",warning
unit_rare_or_empty,LCM015c1,"Suministro y montaje de carpintería exterior de madera de iroko, para fijo de 1200x1200 mm, marco de 68x78 mm de sección, moldura recta, junquillos y tapajuntas de madera maciza de 70x15 mm, con capac","unit_normalized=None, unit_raw=''","Revisar y mapear a una unidad canonical (ud, m2, m3, ml, kg, t, h, l, %, pa).",warning
unit_rare_or_empty,LCM015d,"Suministro y montaje de carpintería exterior de madera de iroko, para ventana abisagrada, de 600x800 mm, hoja de 68x78 mm de sección y marco de 68x78 mm, moldura recta, junquillos, tapajuntas de mader","unit_normalized=None, unit_raw=''","Revisar y mapear a una unidad canonical (ud, m2, m3, ml, kg, t, h, l, %, pa).",warning
unit_rare_or_empty,LCM015e,"Suministro y montaje de carpintería exterior de madera de pino, para puerta abisagrada, de 800x2200 mm, hoja y marco de 68x78 mm de sección, junquillos, tapajuntas de madera maciza de 70x15 mm y viert","unit_normalized=None, unit_raw=''","Revisar y mapear a una unidad canonical (ud, m2, m3, ml, kg, t, h, l, %, pa).",warning
unit_rare_or_empty,LCM015e1,"Suministro y montaje de carpintería exterior de madera de iroko, para ventana abisagrada, de 1200x1200 mm, hoja de 68x78 mm de sección y marco de 68x78 mm, moldura recta, junquillos, tapajuntas de mad","unit_normalized=None, unit_raw=''","Revisar y mapear a una unidad canonical (ud, m2, m3, ml, kg, t, h, l, %, pa).",warning
unit_rare_or_empty,LCM015f,"Suministro y montaje de carpintería exterior de madera de iroko, para ventana abisagrada, de 1000x1200 mm, hoja de 68x78 mm de sección y marco de 68x78 mm, moldura recta, moldura recta, junquillos, ta","unit_normalized=None, unit_raw=''","Revisar y mapear a una unidad canonical (ud, m2, m3, ml, kg, t, h, l, %, pa).",warning
unit_rare_or_empty,LCM015g,"Suministro y montaje de carpintería exterior de madera de pino, para puerta abisagrada, de 1500x2200 mm, hoja y marco de 68x78 mm de sección, junquillos, tapajuntas de madera maciza de 70x15 mm y vier","unit_normalized=None, unit_raw=''","Revisar y mapear a una unidad canonical (ud, m2, m3, ml, kg, t, h, l, %, pa).",warning
unit_rare_or_empty,LCM015g1,"Suministro y montaje de carpintería exterior de madera de iroko, para puerta abisagrada, de 800x2200 mm, hoja de 68x78 mm de sección y marco de 68x78 mm, moldura recta, junquillos, tapajuntas de mader","unit_normalized=None, unit_raw=''","Revisar y mapear a una unidad canonical (ud, m2, m3, ml, kg, t, h, l, %, pa).",warning
unit_rare_or_empty,LCM015h,"Suministro y montaje de carpintería exterior de madera de pino, para ventana abisagrada, de 1200x1200 mm, hoja y marco de 68x78 mm de sección, junquillos, tapajuntas de madera maciza de 70x15 mm y vie","unit_normalized=None, unit_raw=''","Revisar y mapear a una unidad canonical (ud, m2, m3, ml, kg, t, h, l, %, pa).",warning
unit_rare_or_empty,LCM015h1,"Suministro y montaje de carpintería exterior de madera de iroko, para puerta abisagrada, de 1500x2200 mm, hoja de 68x78 mm de sección y marco de 68x78 mm, moldura rectamoldura recta, junquillos, tapaj","unit_normalized=None, unit_raw=''","Revisar y mapear a una unidad canonical (ud, m2, m3, ml, kg, t, h, l, %, pa).",warning
unit_rare_or_empty,LCM015i,"Suministro y montaje de carpintería exterior de madera de pino, para ventana abisagrada, de 600x800 mm, hoja y marco de 68x78 mm de sección, junquillos, tapajuntas de madera maciza de 70x15 mm y viert","unit_normalized=None, unit_raw=''","Revisar y mapear a una unidad canonical (ud, m2, m3, ml, kg, t, h, l, %, pa).",warning
unit_rare_or_empty,LCM015j,"Suministro y montaje de carpintería exterior de madera de pino, para fijo de 600x800 mm, marco de 68x78 mm de sección, junquillos y tapajuntas de madera maciza de 70x15 mm, con capacidad para recibir ","unit_normalized=None, unit_raw=''","Revisar y mapear a una unidad canonical (ud, m2, m3, ml, kg, t, h, l, %, pa).",warning
unit_rare_or_empty,LCP060,"Suministro y montaje de ventana de PVC, una hoja practicable con dimensiones 600x600 mm, compuesta de marco, hoja y junquillos, color blanco, perfiles de 70 mm de anchura, soldados a inglete, que inco","unit_normalized=None, unit_raw=''","Revisar y mapear a una unidad canonical (ud, m2, m3, ml, kg, t, h, l, %, pa).",warning
unit_rare_or_empty,LCP060b,"Suministro y montaje de ventana de PVC, una hoja practicable con dimensiones 600x1200 mm, compuesta de marco, hoja y junquillos, color blanco, perfiles de 70 mm de anchura, soldados a inglete, que inc","unit_normalized=None, unit_raw=''","Revisar y mapear a una unidad canonical (ud, m2, m3, ml, kg, t, h, l, %, pa).",warning
unit_rare_or_empty,LCP060c,"Suministro y montaje de ventana de PVC, dos hojas practicables con dimensiones 900x1200 mm, compuesta de marco, hoja y junquillos, color blanco, perfiles de 70 mm de anchura, soldados a inglete, que i","unit_normalized=None, unit_raw=''","Revisar y mapear a una unidad canonical (ud, m2, m3, ml, kg, t, h, l, %, pa).",warning
unit_rare_or_empty,LCP060d,"Suministro y montaje de ventana de PVC, dos hojas practicables con dimensiones 1200x1200 mm, compuesta de marco, hoja y junquillos, color blanco, perfiles de 70 mm de anchura, soldados a inglete, que ","unit_normalized=None, unit_raw=''","Revisar y mapear a una unidad canonical (ud, m2, m3, ml, kg, t, h, l, %, pa).",warning
unit_rare_or_empty,LCP060e,"Suministro y montaje de ventana de PVC, una hoja oscilobatiente con dimensiones 600x600 mm, compuesta de marco, hoja y junquillos, color blanco, perfiles de 70 mm de anchura, soldados a inglete, que i","unit_normalized=None, unit_raw=''","Revisar y mapear a una unidad canonical (ud, m2, m3, ml, kg, t, h, l, %, pa).",warning
unit_rare_or_empty,LCP060f,"Suministro y montaje de ventana de PVC, una hoja oscilobatiente con dimensiones 600x1200 mm, compuesta de marco, hoja y junquillos, color blanco, perfiles de 70 mm de anchura, soldados a inglete, que ","unit_normalized=None, unit_raw=''","Revisar y mapear a una unidad canonical (ud, m2, m3, ml, kg, t, h, l, %, pa).",warning
unit_rare_or_empty,LCP060g,"Suministro y montaje de ventana de PVC, dos hojas correderas, dimensiones 900x1200 mm, compuesta de marco, hoja y junquillos, color blanco, perfiles de 80 mm de anchura, soldados a inglete, que incorp","unit_normalized=None, unit_raw=''","Revisar y mapear a una unidad canonical (ud, m2, m3, ml, kg, t, h, l, %, pa).",warning
unit_rare_or_empty,LCP060h,"Suministro y montaje de ventana de PVC, dos hojas correderas, dimensiones 1200x1200 mm, compuesta de marco, hoja y junquillos, color blanco, perfiles de 80 mm de anchura, soldados a inglete, que incor","unit_normalized=None, unit_raw=''","Revisar y mapear a una unidad canonical (ud, m2, m3, ml, kg, t, h, l, %, pa).",warning
unit_rare_or_empty,LCP060i,"Suministro y montaje de puerta de PVC, una hoja practicable con dimensiones 800x2100 mm, compuesta de marco, hoja y junquillos, color blanco, perfiles de 70 mm de anchura, soldados a inglete, que inco","unit_normalized=None, unit_raw=''","Revisar y mapear a una unidad canonical (ud, m2, m3, ml, kg, t, h, l, %, pa).",warning
unit_rare_or_empty,LCP060j,"Suministro y montaje de puerta de PVC, dos hojas practicables con dimensiones 1200x2100 mm, compuesta de marco, hoja y junquillos, color blanco, perfiles de 70 mm de anchura, soldados a inglete, que i","unit_normalized=None, unit_raw=''","Revisar y mapear a una unidad canonical (ud, m2, m3, ml, kg, t, h, l, %, pa).",warning
unit_rare_or_empty,LEM010,"Suministro y colocación de puerta de entrada a la vivienda de 203x82,5x4,5 cm, hoja con tablero de madera maciza de pino melis, barnizada en taller; precerco de 130x40 mm; galces macizos de pino melis","unit_normalized=None, unit_raw=''","Revisar y mapear a una unidad canonical (ud, m2, m3, ml, kg, t, h, l, %, pa).",warning
unit_rare_or_empty,LEM010b,"Suministro y colocación de puerta interior de entrada a la vivienda de 203x92,5x4,5 cm, hoja con tablero de madera maciza de pino melis, barnizada en taller; precerco de 130x40 mm; galces macizos de p","unit_normalized=None, unit_raw=''","Revisar y mapear a una unidad canonical (ud, m2, m3, ml, kg, t, h, l, %, pa).",warning
unit_rare_or_empty,LEM010c,"Suministro y colocación de puerta de entrada a la vivienda de 203x82,5x4,5 cm, hoja tipo castellana, con cuarterones, con tablero de madera maciza de pino melis, barnizada; precerco de madera 130x40 m","unit_normalized=None, unit_raw=''","Revisar y mapear a una unidad canonical (ud, m2, m3, ml, kg, t, h, l, %, pa).",warning
unit_rare_or_empty,LEM010c1,"Suministro y colocación de puerta interior blindada de entrada a la vivienda de 203x82,5x4,5 cm, con dos chapas de acero galvanizado de 0,80 mm, hoja de tablero aglomerado, chapado con roble E, barniz","unit_normalized=None, unit_raw=''","Revisar y mapear a una unidad canonical (ud, m2, m3, ml, kg, t, h, l, %, pa).",warning
unit_rare_or_empty,LFM110,"Suministro y colocación de puerta cortafuegos homologada, de madera, EI1 30-C5, de una hoja, lisa, de 203x82,5x4,5 cm, compuesto por alma de tablero aglomerado de partículas ignífugo, recubierto con l","unit_normalized=None, unit_raw=''","Revisar y mapear a una unidad canonical (ud, m2, m3, ml, kg, t, h, l, %, pa).",warning
unit_rare_or_empty,LFM110b,"Suministro y colocación de puerta cortafuegos homologada, de madera, EI1 60-C5, de una hoja, lisa, de 203x82,5x4,5 cm, compuesto por alma de tablero aglomerado de partículas ignífugo, recubierto con l","unit_normalized=None, unit_raw=''","Revisar y mapear a una unidad canonical (ud, m2, m3, ml, kg, t, h, l, %, pa).",warning
unit_rare_or_empty,LGA020,"Suministro y colocación de puerta corredera para garaje, formada por chapa plegada de acero galvanizado de textura en relieve, con cuarterones, 300x250 cm. Apertura manual. Incluso sistema de desplaza","unit_normalized=None, unit_raw=''","Revisar y mapear a una unidad canonical (ud, m2, m3, ml, kg, t, h, l, %, pa).",warning
unit_rare_or_empty,LPM010,"Suministro y colocación de puerta interior abatible, ciega, de una hoja de 203x72,5x3,5 cm, de tablero de MDF, prelacada en blanco, con moldura de forma recta; precerco de pino país de 90x35 mm; galce","unit_normalized=None, unit_raw=''","Revisar y mapear a una unidad canonical (ud, m2, m3, ml, kg, t, h, l, %, pa).",warning
unit_rare_or_empty,LPM010b,"Suministro y colocación de puerta interior abatible, ciega, de una hoja de 203x82,5x3,5 cm, de tablero de MDF, prelacada en blanco, con moldura de forma recta; precerco de pino país de 90x35 mm; galce","unit_normalized=None, unit_raw=''","Revisar y mapear a una unidad canonical (ud, m2, m3, ml, kg, t, h, l, %, pa).",warning
unit_rare_or_empty,LPM010c,"Suministro y colocación de puerta interior abatible, ciega, de una hoja de 203x72,5x3,5 cm, de tablero aglomerado, chapado con roble E, barnizada en taller; precerco de pino país de 90x35 mm; galces d","unit_normalized=None, unit_raw=''","Revisar y mapear a una unidad canonical (ud, m2, m3, ml, kg, t, h, l, %, pa).",warning
unit_rare_or_empty,LPM010d,"Suministro y colocación de puerta interior abatible, ciega, de una hoja de 203x82,5x3,5 cm, de tablero aglomerado, chapado con roble E, barnizada en taller; precerco de pino país de 90x35 mm; galces d","unit_normalized=None, unit_raw=''","Revisar y mapear a una unidad canonical (ud, m2, m3, ml, kg, t, h, l, %, pa).",warning
unit_rare_or_empty,LPM010g,"Suministro y colocación de puerta interior abatible, vidriera, de una hoja de 203x82,5x3,5 cm, de tablero de MDF, prelacada en blanco, con moldura de forma recta; precerco de pino país de 90x35 mm; ga","unit_normalized=None, unit_raw=''","Revisar y mapear a una unidad canonical (ud, m2, m3, ml, kg, t, h, l, %, pa).",warning
unit_rare_or_empty,LPM010h,"Suministro y colocación de puerta interior abatible, vidriera, de una hoja de 203x82,5x3,5 cm, de tablero aglomerado, chapado con roble E, barnizada en taller, con plafones de forma recta; precerco de","unit_normalized=None, unit_raw=''","Revisar y mapear a una unidad canonical (ud, m2, m3, ml, kg, t, h, l, %, pa).",warning
unit_rare_or_empty,LPM021,"Suministro y colocación de puerta interior corredera para doble tabique con hueco, ciega, de una hoja de 203x82,5x3,5 cm, de tablero de MDF, prelacada en blanco, con moldura de forma recta; precerco d","unit_normalized=None, unit_raw=''","Revisar y mapear a una unidad canonical (ud, m2, m3, ml, kg, t, h, l, %, pa).",warning
unit_rare_or_empty,LPM021b,"Suministro y colocación de puerta interior corredera para doble tabique con hueco, ciega, de una hoja de 203x82,5x3,5 cm, de tablero aglomerado, chapado con roble E, barnizada en taller; precerco de p","unit_normalized=None, unit_raw=''","Revisar y mapear a una unidad canonical (ud, m2, m3, ml, kg, t, h, l, %, pa).",warning
unit_rare_or_empty,LSV020,"Suministro y montaje de persiana mallorquina de aluminio, acabado en anodizado natural, practicable de una hoja de lamas fijas de 60x60 cm. Compuesta por perfiles extrusionados formando marcos y hojas","unit_normalized=None, unit_raw=''","Revisar y mapear a una unidad canonical (ud, m2, m3, ml, kg, t, h, l, %, pa).",warning
unit_rare_or_empty,LSV020a,"Suministro y montaje de persiana mallorquina de aluminio, acabado en anodizado natural, practicable de una hoja de lamas fijas de 70x210 cm. Compuesta por perfiles extrusionados formando marcos y hoja","unit_normalized=None, unit_raw=''","Revisar y mapear a una unidad canonical (ud, m2, m3, ml, kg, t, h, l, %, pa).",warning
unit_rare_or_empty,LSV020b,"Suministro y montaje de persiana mallorquina de aluminio, acabado en anodizado natural, practicable de una hoja de lamas fijas de 60x120 cm. Compuesta por perfiles extrusionados formando marcos y hoja","unit_normalized=None, unit_raw=''","Revisar y mapear a una unidad canonical (ud, m2, m3, ml, kg, t, h, l, %, pa).",warning
unit_rare_or_empty,LSV020c,"Suministro y montaje de persiana mallorquina de aluminio, acabado en anodizado natural, practicable de dos hojas de lamas fijas, de 120x120 cm. Compuesta por perfiles extrusionados formando marcos y h","unit_normalized=None, unit_raw=''","Revisar y mapear a una unidad canonical (ud, m2, m3, ml, kg, t, h, l, %, pa).",warning
unit_rare_or_empty,LSV020c1,"Suministro y montaje de persiana mallorquina de aluminio, acabado en anodizado natural, practicable de dos hojas de lamas fijas, de 140x210 cm. Compuesta por perfiles extrusionados formando marcos y h","unit_normalized=None, unit_raw=''","Revisar y mapear a una unidad canonical (ud, m2, m3, ml, kg, t, h, l, %, pa).",warning
unit_rare_or_empty,LSV020d,"Suministro y montaje de persiana mallorquina de aluminio, acabado en lacado color, practicable de una hoja de lamas fijas, de 60x60 cm. Compuesta por perfiles extrusionados formando marcos y hojas de ","unit_normalized=None, unit_raw=''","Revisar y mapear a una unidad canonical (ud, m2, m3, ml, kg, t, h, l, %, pa).",warning
unit_rare_or_empty,LSV020e,"Suministro y montaje de persiana mallorquina de aluminio, acabado en anodizado natural, practicable de dos hojas de lamas fijas, de 120x210 cm. Compuesta por perfiles extrusionados formando marcos y h","unit_normalized=None, unit_raw=''","Revisar y mapear a una unidad canonical (ud, m2, m3, ml, kg, t, h, l, %, pa).",warning
unit_rare_or_empty,LSV020e1,"Suministro y montaje de carpintería de aluminio, acabado en lacado color, con 60 micras de espesor mínimo de película seca, para conformado de persiana mallorquina practicable de una hoja de lamas fij","unit_normalized=None, unit_raw=''","Revisar y mapear a una unidad canonical (ud, m2, m3, ml, kg, t, h, l, %, pa).",warning
unit_rare_or_empty,LSV020f,"Suministro y montaje de persiana mallorquina de aluminio, acabado en lacado color, practicable de dos hojas de lamas fijas, de 120x120 cm. Compuesta por perfiles extrusionados formando marcos y hojas ","unit_normalized=None, unit_raw=''","Revisar y mapear a una unidad canonical (ud, m2, m3, ml, kg, t, h, l, %, pa).",warning
unit_rare_or_empty,LSV020g,"Suministro y montaje de persiana mallorquina de aluminio, acabado en lacado color, practicable de dos hojas de lamas fijas, de 120x210 cm. Compuesta por perfiles extrusionados formando marcos y hojas ","unit_normalized=None, unit_raw=''","Revisar y mapear a una unidad canonical (ud, m2, m3, ml, kg, t, h, l, %, pa).",warning
unit_rare_or_empty,LSV020h,"Suministro y montaje de persiana mallorquina de aluminio, acabado en lacado color, practicable de dos hojas de lamas fijas, de 140x210 cm. Compuesta por perfiles extrusionados formando marcos y hojas ","unit_normalized=None, unit_raw=''","Revisar y mapear a una unidad canonical (ud, m2, m3, ml, kg, t, h, l, %, pa).",warning
unit_rare_or_empty,LSV020j,"Suministro y montaje de persiana mallorquina de aluminio, acabado en lacado color, practicable de una hoja de lamas fijas, de 70x210 cm. Compuesta por perfiles extrusionados formando marcos y hojas de","unit_normalized=None, unit_raw=''","Revisar y mapear a una unidad canonical (ud, m2, m3, ml, kg, t, h, l, %, pa).",warning
unit_rare_or_empty,LSV030,"Persiana mallorquina de madera de pino melis para barnizar, de una hoja de lamas fijas, de 60x60 cm. Accesorios herrajes de colgar y apertura, tornillería de acero inoxidable, accesorios y utillajes d","unit_normalized=None, unit_raw=''","Revisar y mapear a una unidad canonical (ud, m2, m3, ml, kg, t, h, l, %, pa).",warning
unit_rare_or_empty,LSV030b,"Persiana mallorquina de madera de pino melis para barnizar, de una hoja de lamas fijas, de 60x120 cm. Accesorios, herrajes de colgar y apertura, tornillería de acero inoxidable, accesorios y utillajes","unit_normalized=None, unit_raw=''","Revisar y mapear a una unidad canonical (ud, m2, m3, ml, kg, t, h, l, %, pa).",warning
unit_rare_or_empty,LSV030c,"Persiana mallorquina de madera de pino melis para barnizar, de dos hojas de lamas fijas, de 120x120 cm. Accesorios, herrajes de colgar y apertura, tornillería de acero inoxidable, accesorios y utillaj","unit_normalized=None, unit_raw=''","Revisar y mapear a una unidad canonical (ud, m2, m3, ml, kg, t, h, l, %, pa).",warning
unit_rare_or_empty,LSV030d,"Persiana mallorquina de madera de pino melis para barnizar, de cuatro hojas de lamas fijas, de 120x250 cm. Accesorios, herrajes de colgar y apertura, tornillería de acero inoxidable, accesorios y util","unit_normalized=None, unit_raw=''","Revisar y mapear a una unidad canonical (ud, m2, m3, ml, kg, t, h, l, %, pa).",warning
unit_rare_or_empty,LSV030e,"Persiana mallorquina de madera de pino melis para barnizar, de una hoja de lamas fijas, de 80x210 cm. Accesorios, herrajes de colgar y apertura, tornillería de acero inoxidable, accesorios y utillajes","unit_normalized=None, unit_raw=''","Revisar y mapear a una unidad canonical (ud, m2, m3, ml, kg, t, h, l, %, pa).",warning
unit_rare_or_empty,LSV030f,"Persiana mallorquina de madera de pino melis para barnizar, de dos hojas de lamas fijas, de 100x210 cm. Accesorios, herrajes de colgar y apertura, tornillería de acero inoxidable, accesorios y utillaj","unit_normalized=None, unit_raw=''","Revisar y mapear a una unidad canonical (ud, m2, m3, ml, kg, t, h, l, %, pa).",warning
unit_rare_or_empty,LVC010,"Suministro y colocación de doble acristalamiento estándar, 4/12/4, conjunto formado por vidrio exterior Float incoloro de 4 mm, cámara de aire deshidratada con perfil separador de aluminio y doble sel","unit_normalized=None, unit_raw=''","Revisar y mapear a una unidad canonical (ud, m2, m3, ml, kg, t, h, l, %, pa).",warning
unit_rare_or_empty,LVC010b,"Suministro y colocación de doble acristalamiento estándar, 4/12/6, conjunto formado por vidrio exterior Float incoloro de 4 mm, cámara de aire deshidratada con perfil separador de aluminio y doble sel","unit_normalized=None, unit_raw=''","Revisar y mapear a una unidad canonical (ud, m2, m3, ml, kg, t, h, l, %, pa).",warning
unit_rare_or_empty,LVC010c,"Suministro y colocación de doble acristalamiento estándar, 4/16/4, conjunto formado por vidrio exterior Float incoloro de 4 mm, cámara de aire deshidratada con perfil separador de aluminio y doble sel","unit_normalized=None, unit_raw=''","Revisar y mapear a una unidad canonical (ud, m2, m3, ml, kg, t, h, l, %, pa).",warning
unit_rare_or_empty,LVC010d,"Suministro y colocación de doble acristalamiento estándar, 4/16/6, conjunto formado por vidrio exterior Float incoloro de 4 mm, cámara de aire deshidratada con perfil separador de aluminio y doble sel","unit_normalized=None, unit_raw=''","Revisar y mapear a una unidad canonical (ud, m2, m3, ml, kg, t, h, l, %, pa).",warning
unit_rare_or_empty,LVC010e,"Suministro y colocación de doble acristalamiento de seguridad (laminar), 4/12/ 3+3, conjunto formado por vidrio exterior templado incoloro de 4 mm, cámara de aire deshidratada con perfil separador de ","unit_normalized=None, unit_raw=''","Revisar y mapear a una unidad canonical (ud, m2, m3, ml, kg, t, h, l, %, pa).",warning
unit_rare_or_empty,LVC010f,"Suministro y colocación de doble acristalamiento de seguridad (laminar), 4/12/ 4+4, conjunto formado por vidrio exterior templado incoloro de 4 mm, cámara de aire deshidratada con perfil separador de ","unit_normalized=None, unit_raw=''","Revisar y mapear a una unidad canonical (ud, m2, m3, ml, kg, t, h, l, %, pa).",warning
unit_rare_or_empty,LVC010g,"Suministro y colocación de doble acristalamiento de seguridad (laminar), 4/12/ 5+5, conjunto formado por vidrio exterior templado incoloro de 4 mm, cámara de aire deshidratada con perfil separador de ","unit_normalized=None, unit_raw=''","Revisar y mapear a una unidad canonical (ud, m2, m3, ml, kg, t, h, l, %, pa).",warning
unit_rare_or_empty,LVC010h,"Suministro y colocación de doble acristalamiento de seguridad (laminar), 4/16/ 3+3, conjunto formado por vidrio exterior templado incoloro de 4 mm, cámara de aire deshidratada con perfil separador de ","unit_normalized=None, unit_raw=''","Revisar y mapear a una unidad canonical (ud, m2, m3, ml, kg, t, h, l, %, pa).",warning
unit_rare_or_empty,LVC010i,"Suministro y colocación de doble acristalamiento de seguridad (laminar), 4/16/ 4+4, conjunto formado por vidrio exterior templado incoloro de 4 mm, cámara de aire deshidratada con perfil separador de ","unit_normalized=None, unit_raw=''","Revisar y mapear a una unidad canonical (ud, m2, m3, ml, kg, t, h, l, %, pa).",warning
unit_rare_or_empty,LVC010j,"Suministro y colocación de doble acristalamiento de seguridad (laminar), 4/16/ 5+5, conjunto formado por vidrio exterior templado incoloro de 4 mm, cámara de aire deshidratada con perfil separador de ","unit_normalized=None, unit_raw=''","Revisar y mapear a una unidad canonical (ud, m2, m3, ml, kg, t, h, l, %, pa).",warning
unit_rare_or_empty,LVC010k,"Suministro y colocación de doble acristalamiento templado, 4/12/4, conjunto formado por vidrio exterior Float incoloro de 4 mm, cámara de aire deshidratada con perfil separador de aluminio y doble sel","unit_normalized=None, unit_raw=''","Revisar y mapear a una unidad canonical (ud, m2, m3, ml, kg, t, h, l, %, pa).",warning
unit_rare_or_empty,LVC010l,"Suministro y colocación de doble acristalamiento templado, 4/12/6, conjunto formado por vidrio exterior Float incoloro de 4 mm, cámara de aire deshidratada con perfil separador de aluminio y doble sel","unit_normalized=None, unit_raw=''","Revisar y mapear a una unidad canonical (ud, m2, m3, ml, kg, t, h, l, %, pa).",warning
unit_rare_or_empty,LVC010m,"Suministro y colocación de doble acristalamiento templado, 4/16/4, conjunto formado por vidrio exterior Float incoloro de 4 mm, cámara de aire deshidratada con perfil separador de aluminio y doble sel","unit_normalized=None, unit_raw=''","Revisar y mapear a una unidad canonical (ud, m2, m3, ml, kg, t, h, l, %, pa).",warning
unit_rare_or_empty,LVC010n,"Suministro y colocación de doble acristalamiento templado, 4/16/6, conjunto formado por vidrio exterior Float incoloro de 4 mm, cámara de aire deshidratada con perfil separador de aluminio y doble sel","unit_normalized=None, unit_raw=''","Revisar y mapear a una unidad canonical (ud, m2, m3, ml, kg, t, h, l, %, pa).",warning
unit_rare_or_empty,LVC010o,"Suministro y colocación de doble acristalamiento templado, de baja emisividad térmica, 4/12/4 color gris, conjunto formado por vidrio exterior de baja emisividad térmica de 4 mm, cámara de aire deshid","unit_normalized=None, unit_raw=''","Revisar y mapear a una unidad canonical (ud, m2, m3, ml, kg, t, h, l, %, pa).",warning
unit_rare_or_empty,LVC010p,"Suministro y colocación de doble acristalamiento templado, de baja emisividad térmica, 4/16/4 color gris, conjunto formado por vidrio exterior de baja emisividad térmica de 4 mm, cámara de aire deshid","unit_normalized=None, unit_raw=''","Revisar y mapear a una unidad canonical (ud, m2, m3, ml, kg, t, h, l, %, pa).",warning
unit_rare_or_empty,LVC010q,"Suministro y colocación de doble acristalamiento templado, de baja emisividad térmica, 4/12/4 color gris, conjunto formado por vidrio exterior de baja emisividad térmica de 4 mm, cámara de gas deshidr","unit_normalized=None, unit_raw=''","Revisar y mapear a una unidad canonical (ud, m2, m3, ml, kg, t, h, l, %, pa).",warning
unit_rare_or_empty,LVC010r,"Suministro y colocación de doble acristalamiento templado, de baja emisividad térmica, 4/16/4 color gris, conjunto formado por vidrio exterior de baja emisividad térmica de 4 mm, cámara de gas deshidr","unit_normalized=None, unit_raw=''","Revisar y mapear a una unidad canonical (ud, m2, m3, ml, kg, t, h, l, %, pa).",warning
unit_rare_or_empty,LVC010s,"Suministro y colocación de doble acristalamiento templado, de baja emisividad térmica y seguridad (laminar), de color gris 4/12/4+4, conjunto formado por vidrio exterior templado de color gris 4 mm cá","unit_normalized=None, unit_raw=''","Revisar y mapear a una unidad canonical (ud, m2, m3, ml, kg, t, h, l, %, pa).",warning
unit_rare_or_empty,LVC010t,"Suministro y colocación de doble acristalamiento templado, de baja emisividad térmica y seguridad (laminar), de color gris 4/16/4+4, conjunto formado por vidrio exterior templado de color gris 4 mm cá","unit_normalized=None, unit_raw=''","Revisar y mapear a una unidad canonical (ud, m2, m3, ml, kg, t, h, l, %, pa).",warning
unit_rare_or_empty,LVC010u,"Suministro y colocación de doble acristalamiento templado, de baja emisividad térmica y seguridad (laminar), de color gris 6/12/4+4, conjunto formado por vidrio exterior templado de color gris 6 mm cá","unit_normalized=None, unit_raw=''","Revisar y mapear a una unidad canonical (ud, m2, m3, ml, kg, t, h, l, %, pa).",warning
unit_rare_or_empty,LVC010v,"Suministro y colocación de doble acristalamiento templado, de baja emisividad térmica y seguridad (laminar), de color gris 6/16/4+4, conjunto formado por vidrio exterior templado de color gris 6 mm cá","unit_normalized=None, unit_raw=''","Revisar y mapear a una unidad canonical (ud, m2, m3, ml, kg, t, h, l, %, pa).",warning
unit_rare_or_empty,LVC010w,"Suministro y colocación de doble acristalamiento de baja emisividad térmica + aislamiento acústico, 3+3/12/4+4, conjunto formado por vidrio exterior laminar acústico 3+3 mm compuesto por dos lunas de ","unit_normalized=None, unit_raw=''","Revisar y mapear a una unidad canonical (ud, m2, m3, ml, kg, t, h, l, %, pa).",warning
unit_rare_or_empty,LVC010x,"Suministro y colocación de doble acristalamiento de baja emisividad térmica + aislamiento acústico, 3+3/16/4+4, conjunto formado por vidrio exterior laminar acústico 3+3 mm compuesto por dos lunas de ","unit_normalized=None, unit_raw=''","Revisar y mapear a una unidad canonical (ud, m2, m3, ml, kg, t, h, l, %, pa).",warning
unit_rare_or_empty,LVC010y,"Suministro y colocación de doble acristalamiento de baja emisividad térmica + aislamiento acústico, 3+3/12/4+4, conjunto formado por vidrio exterior laminar acústico 3+3 mm compuesto por dos lunas de ","unit_normalized=None, unit_raw=''","Revisar y mapear a una unidad canonical (ud, m2, m3, ml, kg, t, h, l, %, pa).",warning
unit_rare_or_empty,LVC010z,"Suministro y colocación de doble acristalamiento de baja emisividad térmica + aislamiento acústico, 3+3/16/4+4, conjunto formado por vidrio exterior laminar acústico 3+3 mm compuesto por dos lunas de ","unit_normalized=None, unit_raw=''","Revisar y mapear a una unidad canonical (ud, m2, m3, ml, kg, t, h, l, %, pa).",warning
unit_rare_or_empty,LVE010,"Suministro y colocación de triple acristalamiento, de baja emisividad térmica, 6/16arg/4/16arg/6, conjunto formado por vidrio exterior de 6 mm, con capa de baja emisividad térmica incorporada en la ca","unit_normalized=None, unit_raw=''","Revisar y mapear a una unidad canonical (ud, m2, m3, ml, kg, t, h, l, %, pa).",warning
unit_rare_or_empty,LVE010b,"Suministro y colocación de triple acristalamiento, de baja emisividad térmica y control solar, 6/16arg/4/16arg/6, conjunto formado por vidrio exterior de 6 mm, con capa de control solar y baja emisivi","unit_normalized=None, unit_raw=''","Revisar y mapear a una unidad canonical (ud, m2, m3, ml, kg, t, h, l, %, pa).",warning
unit_rare_or_empty,LVE010c,"Suministro y colocación de triple acristalamiento, de baja emisividad térmica y seguridad (laminar), 4+4/16arg/6/16arg/4+4, conjunto formado por vidrio exterior laminar de 4+4 mm, con capa de baja emi","unit_normalized=None, unit_raw=''","Revisar y mapear a una unidad canonical (ud, m2, m3, ml, kg, t, h, l, %, pa).",warning
unit_rare_or_empty,LVE010d,"Suministro y colocación de triple acristalamiento, de baja emisividad térmica, control solar y seguridad (laminar), 4+4/16arg/6/16arg/4+4, conjunto formado por vidrio exterior laminar de 4+4 mm, con c","unit_normalized=None, unit_raw=''","Revisar y mapear a una unidad canonical (ud, m2, m3, ml, kg, t, h, l, %, pa).",warning
unit_rare_or_empty,LVI010,"Suministro y colocación de vidrio impreso translúcido, de 4 mm de espesor, incoloro, fijado sobre carpintería con acuñado mediante calzos de apoyo perimetrales y laterales, sellado en frío con silicon","unit_normalized=None, unit_raw=''","Revisar y mapear a una unidad canonical (ud, m2, m3, ml, kg, t, h, l, %, pa).",warning
unit_rare_or_empty,LVI010b,"Suministro y colocación de vidrio impreso translúcido, de 6 mm de espesor, incoloro, fijado sobre carpintería con acuñado mediante calzos de apoyo perimetrales y laterales, sellado en frío con silicon","unit_normalized=None, unit_raw=''","Revisar y mapear a una unidad canonical (ud, m2, m3, ml, kg, t, h, l, %, pa).",warning
unit_rare_or_empty,LVI010c,"Suministro y colocación de vidrio impreso translúcido, de 11 mm de espesor, incoloro, fijado sobre carpintería con acuñado mediante calzos de apoyo perimetrales y laterales, sellado en frío con silico","unit_normalized=None, unit_raw=''","Revisar y mapear a una unidad canonical (ud, m2, m3, ml, kg, t, h, l, %, pa).",warning
unit_rare_or_empty,LVI010d,"Suministro y colocación de vidrio impreso translúcido, de 4 mm de espesor, color, fijado sobre carpintería con acuñado mediante calzos de apoyo perimetrales y laterales, sellado en frío con silicona s","unit_normalized=None, unit_raw=''","Revisar y mapear a una unidad canonical (ud, m2, m3, ml, kg, t, h, l, %, pa).",warning
unit_rare_or_empty,LVI010e,"Suministro y colocación de vidrio impreso translúcido, armado con malla metálica de retícula cuadrada, de 6 mm de espesor, incoloro, fijado sobre carpintería con acuñado mediante calzos de apoyo perim","unit_normalized=None, unit_raw=''","Revisar y mapear a una unidad canonical (ud, m2, m3, ml, kg, t, h, l, %, pa).",warning
unit_rare_or_empty,LVP010,"Suministro y colocación de luna pulida incolora, 4 mm, fijada sobre carpintería con acuñado mediante calzos de apoyo perimetrales y laterales, sellado en frío con silicona sintética incolora (no acríl","unit_normalized=None, unit_raw=''","Revisar y mapear a una unidad canonical (ud, m2, m3, ml, kg, t, h, l, %, pa).",warning
unit_rare_or_empty,LVP010b,"Suministro y colocación de luna pulida incolora, 5 mm, fijada sobre carpintería con acuñado mediante calzos de apoyo perimetrales y laterales, sellado en frío con silicona sintética incolora (no acríl","unit_normalized=None, unit_raw=''","Revisar y mapear a una unidad canonical (ud, m2, m3, ml, kg, t, h, l, %, pa).",warning
unit_rare_or_empty,LVP010c,"Suministro y colocación de luna pulida incolora, 6 mm, fijada sobre carpintería con acuñado mediante calzos de apoyo perimetrales y laterales, sellado en frío con silicona sintética incolora (no acríl","unit_normalized=None, unit_raw=''","Revisar y mapear a una unidad canonical (ud, m2, m3, ml, kg, t, h, l, %, pa).",warning
unit_rare_or_empty,LVP010d,"Suministro y colocación de luna pulida incolora, 8 mm, fijada sobre carpintería con acuñado mediante calzos de apoyo perimetrales y laterales, sellado en frío con silicona sintética incolora (no acríl","unit_normalized=None, unit_raw=''","Revisar y mapear a una unidad canonical (ud, m2, m3, ml, kg, t, h, l, %, pa).",warning
unit_rare_or_empty,LVP010e,"Suministro y colocación de luna pulida incolora, 10 mm, fijada sobre carpintería con acuñado mediante calzos de apoyo perimetrales y laterales, sellado en frío con silicona sintética incolora (no acrí","unit_normalized=None, unit_raw=''","Revisar y mapear a una unidad canonical (ud, m2, m3, ml, kg, t, h, l, %, pa).",warning
unit_rare_or_empty,LVP010f,"Suministro y colocación de luna coloreada filtrante, color gris, 4 mm, fijada sobre carpintería con acuñado mediante calzos de apoyo perimetrales y laterales, sellado en frío con silicona sintética in","unit_normalized=None, unit_raw=''","Revisar y mapear a una unidad canonical (ud, m2, m3, ml, kg, t, h, l, %, pa).",warning
unit_rare_or_empty,LVP010g,"Suministro y colocación de luna coloreada filtrante, color gris, 5 mm, fijada sobre carpintería con acuñado mediante calzos de apoyo perimetrales y laterales, sellado en frío con silicona sintética in","unit_normalized=None, unit_raw=''","Revisar y mapear a una unidad canonical (ud, m2, m3, ml, kg, t, h, l, %, pa).",warning
unit_rare_or_empty,LVP010h,"Suministro y colocación de luna coloreada filtrante, color verde, 5 mm, fijada sobre carpintería con acuñado mediante calzos de apoyo perimetrales y laterales, sellado en frío con silicona sintética i","unit_normalized=None, unit_raw=''","Revisar y mapear a una unidad canonical (ud, m2, m3, ml, kg, t, h, l, %, pa).",warning
unit_rare_or_empty,LVP010i,"Suministro y colocación de luna coloreada filtrante, color gris, 6 mm, fijada sobre carpintería con acuñado mediante calzos de apoyo perimetrales y laterales, sellado en frío con silicona sintética in","unit_normalized=None, unit_raw=''","Revisar y mapear a una unidad canonical (ud, m2, m3, ml, kg, t, h, l, %, pa).",warning
unit_rare_or_empty,LVP010j,"Suministro y colocación de luna coloreada filtrante, color gris, 10 mm, fijada sobre carpintería con acuñado mediante calzos de apoyo perimetrales y laterales, sellado en frío con silicona sintética i","unit_normalized=None, unit_raw=''","Revisar y mapear a una unidad canonical (ud, m2, m3, ml, kg, t, h, l, %, pa).",warning
unit_rare_or_empty,LVS010,"Suministro y colocación de vidrio laminar de seguridad, compuesto por dos lunas de 3 mm de espesor unidas mediante dos láminas incoloras de butiral de polivinilo, de 0,38 mm de espesor cada una, clasi","unit_normalized=None, unit_raw=''","Revisar y mapear a una unidad canonical (ud, m2, m3, ml, kg, t, h, l, %, pa).",warning
unit_rare_or_empty,LVS010b,"Suministro y colocación de vidrio laminar de seguridad, compuesto por dos lunas de 4 mm de espesor unidas mediante dos láminas incoloras de butiral de polivinilo, de 0,38 mm de espesor cada una, clasi","unit_normalized=None, unit_raw=''","Revisar y mapear a una unidad canonical (ud, m2, m3, ml, kg, t, h, l, %, pa).",warning
unit_rare_or_empty,LVS010c,"Suministro y colocación de vidrio laminar de seguridad, compuesto por dos lunas de 5 mm de espesor unidas mediante dos láminas incoloras de butiral de polivinilo, de 0,38 mm de espesor cada una, clasi","unit_normalized=None, unit_raw=''","Revisar y mapear a una unidad canonical (ud, m2, m3, ml, kg, t, h, l, %, pa).",warning
unit_rare_or_empty,LVS010d,"Suministro y colocación de vidrio laminar de seguridad, compuesto por dos lunas de 6 mm de espesor unidas mediante dos láminas incoloras de butiral de polivinilo, de 0,38 mm de espesor cada una, clasi","unit_normalized=None, unit_raw=''","Revisar y mapear a una unidad canonical (ud, m2, m3, ml, kg, t, h, l, %, pa).",warning
unit_rare_or_empty,LVS010e,"Suministro y colocación de vidrio laminar de seguridad, compuesto por dos lunas de 8 mm de espesor unidas mediante dos láminas incoloras de butiral de polivinilo, de 0,38 mm de espesor cada una, clasi","unit_normalized=None, unit_raw=''","Revisar y mapear a una unidad canonical (ud, m2, m3, ml, kg, t, h, l, %, pa).",warning
unit_rare_or_empty,LVS010f,"Suministro y colocación de vidrio laminar de seguridad, compuesto por dos lunas de 10 mm de espesor unidas mediante dos láminas incoloras de butiral de polivinilo, de 0,38 mm de espesor cada una, clas","unit_normalized=None, unit_raw=''","Revisar y mapear a una unidad canonical (ud, m2, m3, ml, kg, t, h, l, %, pa).",warning
unit_rare_or_empty,LVT010,"Suministro y colocación de vidrio de silicato sodocálcico templado, incoloro, de 10 mm de espesor, clasificación de prestaciones 1C1, según UNE-EN 12600, fijado sobre carpintería con acuñado mediante ","unit_normalized=None, unit_raw=''","Revisar y mapear a una unidad canonical (ud, m2, m3, ml, kg, t, h, l, %, pa).",warning
unit_rare_or_empty,LVT010b,"Suministro y colocación de vidrio de silicato sodocálcico templado, incoloro, de 12 mm de espesor, clasificación de prestaciones 1C1, según UNE-EN 12600, fijado sobre carpintería con acuñado mediante ","unit_normalized=None, unit_raw=''","Revisar y mapear a una unidad canonical (ud, m2, m3, ml, kg, t, h, l, %, pa).",warning
unit_rare_or_empty,LVT011,"Suministro y colocación de vidrio de silicato sodocálcico templado de control solar, incoloro, de 10 mm de espesor, clasificación de prestaciones 1C1, según UNE-EN 12600, fijado sobre carpintería con ","unit_normalized=None, unit_raw=''","Revisar y mapear a una unidad canonical (ud, m2, m3, ml, kg, t, h, l, %, pa).",warning
unit_rare_or_empty,LVT015,"Suministro y colocación de puerta abatible de vidrio templado incoloro, de 2090x796 mm y de 10 mm de espesor, clasificación de prestaciones 1C1. Incluso kit de herrajes, de acero inoxidable AISI 304. ","unit_normalized=None, unit_raw=''","Revisar y mapear a una unidad canonical (ud, m2, m3, ml, kg, t, h, l, %, pa).",warning
unit_rare_or_empty,LVT015b,"Suministro y colocación de puerta abatible de vidrio templado incoloro, de 2090x896 mm y de 10 mm de espesor, clasificación de prestaciones 1C1. Incluso kit de herrajes, de acero inoxidable AISI 304. ","unit_normalized=None, unit_raw=''","Revisar y mapear a una unidad canonical (ud, m2, m3, ml, kg, t, h, l, %, pa).",warning
unit_rare_or_empty,NAA010,"Suministro y colocación de aislamiento térmico de tubería en colocada superficialmente, para la distribución de fluidos calientes (de +40°C a +60°C), formado por coquilla de espuma elastomérica, de 13","unit_normalized=None, unit_raw=''","Revisar y mapear a una unidad canonical (ud, m2, m3, ml, kg, t, h, l, %, pa).",warning
unit_rare_or_empty,NAA010b,"Suministro y colocación de aislamiento térmico de tubería, colocada superficialmente, para la distribución de fluidos calientes (de +40°C a +60°C), formado por coquilla de espuma elastomérica, de 23 m","unit_normalized=None, unit_raw=''","Revisar y mapear a una unidad canonical (ud, m2, m3, ml, kg, t, h, l, %, pa).",warning
unit_rare_or_empty,NAA010c,"Suministro y colocación de aislamiento térmico de tubería, colocada superficialmente, para la distribución de fluidos calientes (de +40°C a +60°C), formado por coquilla de espuma elastomérica, de 36 m","unit_normalized=None, unit_raw=''","Revisar y mapear a una unidad canonical (ud, m2, m3, ml, kg, t, h, l, %, pa).",warning
unit_rare_or_empty,NAA010d,"Suministro y colocación de aislamiento térmico de tubería, colocada superficialmente, para la distribución de fluidos calientes (de +40°C a +60°C), formado por coquilla de espuma elastomérica, de 55 m","unit_normalized=None, unit_raw=''","Revisar y mapear a una unidad canonical (ud, m2, m3, ml, kg, t, h, l, %, pa).",warning
unit_rare_or_empty,NAA010e,"Suministro y colocación de aislamiento térmico de tubería en instalación interior de calefacción, colocada superficialmente, para la distribución de fluidos calientes (de +40°C a +60°C), formado por c","unit_normalized=None, unit_raw=''","Revisar y mapear a una unidad canonical (ud, m2, m3, ml, kg, t, h, l, %, pa).",warning
unit_rare_or_empty,NAD010,"Suministro y colocación de aislamiento térmico formado por panel semirrígido de lana mineral, según UNE-EN 13162, no revestido, de 50 mm de espesor, resistencia térmica 1,4 m²K/W, conductividad térmic","unit_normalized=None, unit_raw=''","Revisar y mapear a una unidad canonical (ud, m2, m3, ml, kg, t, h, l, %, pa).",warning
unit_rare_or_empty,NAF010,"Suministro y colocación de aislamiento térmico formado por placa de aglomerado de corcho expandido, de 50 mm de espesor, color negro, resistencia térmica 1,25 m²K/W, conductividad térmica 0,036 W/(mK)","unit_normalized=None, unit_raw=''","Revisar y mapear a una unidad canonical (ud, m2, m3, ml, kg, t, h, l, %, pa).",warning
unit_rare_or_empty,NAF010c,"Suministro y colocación de aislamiento térmico formado por panel rígido de lana mineral, según UNE-EN 13162, no revestido, de 75 mm de espesor, resistencia térmica 2,25 m²K/W, conductividad térmica 0,","unit_normalized=None, unit_raw=''","Revisar y mapear a una unidad canonical (ud, m2, m3, ml, kg, t, h, l, %, pa).",warning
unit_rare_or_empty,NAF010d,"Suministro y colocación de aislamiento térmico formado por panel rígido de poliestireno expandido, de superficie lisa y mecanizado lateral recto, de 30 mm de espesor, resistencia térmica 1 m²K/W, cond","unit_normalized=None, unit_raw=''","Revisar y mapear a una unidad canonical (ud, m2, m3, ml, kg, t, h, l, %, pa).",warning
unit_rare_or_empty,NAF010f,"Suministro y colocación de aislamiento térmico formado por panel rígido de poliestireno extruido, de superficie lisa y mecanizado lateral machihembrado, de 50 mm de espesor, resistencia a compresión >","unit_normalized=None, unit_raw=''","Revisar y mapear a una unidad canonical (ud, m2, m3, ml, kg, t, h, l, %, pa).",warning
unit_rare_or_empty,NAF010g,"Suministro y colocación de aislamiento térmico formado por panel rígido de poliestireno extruido, de superficie lisa y mecanizado lateral machihembrado, de 60 mm de espesor, resistencia a compresión >","unit_normalized=None, unit_raw=''","Revisar y mapear a una unidad canonical (ud, m2, m3, ml, kg, t, h, l, %, pa).",warning
unit_rare_or_empty,NAF010h,"Formación de aislamiento térmico por el interior en fachada de doble hoja de fábrica cara vista, mediante espuma rígida de poliuretano proyectado de 40 mm de espesor mínimo, 35 kg/m³ de densidad mínim","unit_normalized=None, unit_raw=''","Revisar y mapear a una unidad canonical (ud, m2, m3, ml, kg, t, h, l, %, pa).",warning
unit_rare_or_empty,NAF010i,"Suministro y colocación de aislamiento térmico formado por panel ligero de lana de madera, de 600x2000 mm y 50 mm de espesor, resistencia térmica 0,56 m²K/W, conductividad térmica 0,09 W/(mK), colocad","unit_normalized=None, unit_raw=''","Revisar y mapear a una unidad canonical (ud, m2, m3, ml, kg, t, h, l, %, pa).",warning
unit_rare_or_empty,NAF010j,"Suministro y colocación de aislamiento térmico formado por panel rígido de poliestireno expandido, de superficie lisa y mecanizado lateral recto, de 100 mm de espesor, resistencia térmica 1 m²K/W, con","unit_normalized=None, unit_raw=''","Revisar y mapear a una unidad canonical (ud, m2, m3, ml, kg, t, h, l, %, pa).",warning
unit_rare_or_empty,NAF010k,"Suministro y colocación de aislamiento térmico formado por placa de aglomerado de corcho expandido, de 60 mm de espesor, color negro, resistencia térmica 1,5 m²K/W, conductividad térmica 0,036 W/(mK),","unit_normalized=None, unit_raw=''","Revisar y mapear a una unidad canonical (ud, m2, m3, ml, kg, t, h, l, %, pa).",warning
unit_rare_or_empty,NAF010l,"Suministro y colocación de aislamiento térmico formado por panel rígido de poliestireno expandido, de superficie lisa y mecanizado lateral recto, de 120 mm de espesor, resistencia térmica 1 m²K/W, con","unit_normalized=None, unit_raw=''","Revisar y mapear a una unidad canonical (ud, m2, m3, ml, kg, t, h, l, %, pa).",warning
unit_rare_or_empty,NAF020b,"Suministro y colocación de aislamiento térmico por el interior en fachada de doble hoja de fábrica para revestir, formado por placa de aglomerado de corcho expandido, de 80 mm de espesor, color negro,","unit_normalized=None, unit_raw=''","Revisar y mapear a una unidad canonical (ud, m2, m3, ml, kg, t, h, l, %, pa).",warning
unit_rare_or_empty,NAL030,"Suministro y colocación de aislamiento termoacústico de suelos flotantes, formado por panel rígido de poliestireno expandido elastificado, según UNE-EN 13163, de superficie lisa y mecanizado lateral r","unit_normalized=None, unit_raw=''","Revisar y mapear a una unidad canonical (ud, m2, m3, ml, kg, t, h, l, %, pa).",warning
unit_rare_or_empty,NAQ010,"Suministro y colocación de aislamiento térmico por el exterior de cubiertas inclinadas, formado por panel rígido de poliestireno expandido de superficie lisa y mecanizado lateral a media madera, de 30","unit_normalized=None, unit_raw=''","Revisar y mapear a una unidad canonical (ud, m2, m3, ml, kg, t, h, l, %, pa).",warning
unit_rare_or_empty,NAQ010b,"Suministro y colocación de aislamiento térmico por el exterior de cubiertas inclinadas, formado por panel rígido de poliestireno extruido, según UNE-EN 13164, de superficie grecada y mecanizado latera","unit_normalized=None, unit_raw=''","Revisar y mapear a una unidad canonical (ud, m2, m3, ml, kg, t, h, l, %, pa).",warning
unit_rare_or_empty,NAQ010c,"Suministro y colocación de aislamiento térmico por el exterior de cubiertas inclinadas, formado por espuma rígida de poliuretano con una densidad mínima de 50 kg/m³ y espesor medio mínimo de 30 mm, fa","unit_normalized=None, unit_raw=''","Revisar y mapear a una unidad canonical (ud, m2, m3, ml, kg, t, h, l, %, pa).",warning
unit_rare_or_empty,NAQ010d,"Suministro y colocación de aislamiento térmico por el exterior de cubiertas inclinadas, formado por panel de lana mineral natural (LMN) hidrófobo, no revestido, aglomerado con resinas, imputrescible, ","unit_normalized=None, unit_raw=''","Revisar y mapear a una unidad canonical (ud, m2, m3, ml, kg, t, h, l, %, pa).",warning
unit_rare_or_empty,NAQ030,"Suministro y colocación de aislamiento térmico por el interior de cubiertas inclinadas sobre espacio no habitable, formado por fieltro aislante de lana mineral, según UNE-EN 13162, revestido por una d","unit_normalized=None, unit_raw=''","Revisar y mapear a una unidad canonical (ud, m2, m3, ml, kg, t, h, l, %, pa).",warning
unit_rare_or_empty,NAQ030b,"Suministro y colocación de aislamiento térmico por el interior de cubiertas inclinadas sobre espacio no habitable, formado por panel rígido de poliestireno expandido de superficie lisa y mecanizado la","unit_normalized=None, unit_raw=''","Revisar y mapear a una unidad canonical (ud, m2, m3, ml, kg, t, h, l, %, pa).",warning
unit_rare_or_empty,NAS002,"Suministro y colocación de aislamiento térmico por el exterior de fachadas, con sistema SATE, compuesto por: panel rígido de poliestireno expandido, según UNE-EN 13163, de superficie lisa y mecanizado","unit_normalized=None, unit_raw=''","Revisar y mapear a una unidad canonical (ud, m2, m3, ml, kg, t, h, l, %, pa).",warning
unit_rare_or_empty,NAS003,"Suministro y colocación de aislamiento térmico por el exterior de fachadas, con sistema SATE, compuesto por: panel rígido de poliestireno expandido, según UNE-EN 13163, de superficie lisa y mecanizado","unit_normalized=None, unit_raw=''","Revisar y mapear a una unidad canonical (ud, m2, m3, ml, kg, t, h, l, %, pa).",warning
unit_rare_or_empty,NEC010a,"Sellado estanco al aire, no apto para revestir, por el interior, de la junta entre la carpintería exterior y el paramento de madera con cinta autoadhesiva, de geotextil especial reforzado con malla, c","unit_normalized=None, unit_raw=''","Revisar y mapear a una unidad canonical (ud, m2, m3, ml, kg, t, h, l, %, pa).",warning
unit_rare_or_empty,NEC010b,"Sellado estanco al aire, apto para revestir, por el interior, de la junta entre la carpintería exterior y el paramento de fábrica con cinta autoadhesiva, de geotextil especial reforzado con malla, con","unit_normalized=None, unit_raw=''","Revisar y mapear a una unidad canonical (ud, m2, m3, ml, kg, t, h, l, %, pa).",warning
unit_rare_or_empty,NEC010c,"Sellado estanco al aire y lluvia, apto para revestir, por el exterior, de la junta entre la carpintería exterior y el paramento de madera con cinta autoadhesiva, de geotextil especial reforzado con ma","unit_normalized=None, unit_raw=''","Revisar y mapear a una unidad canonical (ud, m2, m3, ml, kg, t, h, l, %, pa).",warning
unit_rare_or_empty,NEC010d,"Sellado estanco al aire y lluvia, apto para revestir, por el exterior, de la junta entre la carpintería exterior y el paramento de fábrica con cinta autoadhesiva, de geotextil especial reforzado con m","unit_normalized=None, unit_raw=''","Revisar y mapear a una unidad canonical (ud, m2, m3, ml, kg, t, h, l, %, pa).",warning
unit_rare_or_empty,NEI010,"Sellado estanco con pieza autoadhesiva, para un cable de 6 a 12 mm de diámetro, de geotextil no tejido de polipropileno y caucho sintético EPDM, de 14,5x14,5 cm, con adhesivo SOLID resistente al agua ","unit_normalized=None, unit_raw=''","Revisar y mapear a una unidad canonical (ud, m2, m3, ml, kg, t, h, l, %, pa).",warning
unit_rare_or_empty,NEI010b,"Sellado estanco con pieza autoadhesiva, para dos cables de 6 a 12 mm de diámetro, de geotextil no tejido de polipropileno y caucho sintético EPDM, de 14,5x14,5 cm, con adhesivo SOLID resistente al agu","unit_normalized=None, unit_raw=''","Revisar y mapear a una unidad canonical (ud, m2, m3, ml, kg, t, h, l, %, pa).",warning
unit_rare_or_empty,NEI010c,"Sellado estanco con pieza para un máximo de dieciséis cables de 6 a 12 mm de diámetro, de caucho sintético EPDM, de 14x14 cm, con cinta autoadhesiva, de geotextil especial reforzado con malla, con adh","unit_normalized=None, unit_raw=''","Revisar y mapear a una unidad canonical (ud, m2, m3, ml, kg, t, h, l, %, pa).",warning
unit_rare_or_empty,NEI020,"Sellado estanco con pieza autoadhesiva, para un tubo de 15 a 30 mm mm de diámetro, de geotextil no tejido de polipropileno y caucho sintético EPDM, de 14,5x14,5 cm, con adhesivo SOLID resistente al ag","unit_normalized=None, unit_raw=''","Revisar y mapear a una unidad canonical (ud, m2, m3, ml, kg, t, h, l, %, pa).",warning
unit_rare_or_empty,NEI020b,"Sellado estanco con pieza, para un tubo de de 30 a 50 mm de diámetro, de caucho sintético EPDM, de 14x14 cm, con cinta autoadhesiva, de geotextil especial reforzado con malla, con adhesivo SOLID resis","unit_normalized=None, unit_raw=''","Revisar y mapear a una unidad canonical (ud, m2, m3, ml, kg, t, h, l, %, pa).",warning
unit_rare_or_empty,NEI020c,"Sellado estanco con pieza, para un tubo de de 50 a 90 mm de diámetro, de caucho sintético EPDM, de 14x14 cm, con cinta autoadhesiva, de geotextil especial reforzado con malla, con adhesivo SOLID resis","unit_normalized=None, unit_raw=''","Revisar y mapear a una unidad canonical (ud, m2, m3, ml, kg, t, h, l, %, pa).",warning
unit_rare_or_empty,NEI020d,"Sellado estanco con pieza, para un tubo de de 100 a 120 mm de diámetro, de caucho sintético EPDM, de 20x20 cm, con cinta autoadhesiva, de geotextil especial reforzado con malla, con adhesivo SOLID res","unit_normalized=None, unit_raw=''","Revisar y mapear a una unidad canonical (ud, m2, m3, ml, kg, t, h, l, %, pa).",warning
unit_rare_or_empty,NEI020e,"Sellado estanco con pieza, para un tubo de de 120 a 170 mm de diámetro, de caucho sintético EPDM, de 25x25 cm, con cinta autoadhesiva, de geotextil especial reforzado con malla, con adhesivo SOLID res","unit_normalized=None, unit_raw=''","Revisar y mapear a una unidad canonical (ud, m2, m3, ml, kg, t, h, l, %, pa).",warning
unit_rare_or_empty,NEI020f,"Sellado estanco con pieza, para un tubo de de 170 a 220 mm de diámetro, de caucho sintético EPDM, de 30x30 cm, con cinta autoadhesiva, de geotextil especial reforzado con malla, con adhesivo SOLID res","unit_normalized=None, unit_raw=''","Revisar y mapear a una unidad canonical (ud, m2, m3, ml, kg, t, h, l, %, pa).",warning
unit_rare_or_empty,NEI020g,"Sellado estanco con pieza, para un tubo de de 220 a 270 mm de diámetro, de caucho sintético EPDM, de 45x45 cm, con cinta autoadhesiva, de geotextil especial reforzado con malla, con adhesivo SOLID res","unit_normalized=None, unit_raw=''","Revisar y mapear a una unidad canonical (ud, m2, m3, ml, kg, t, h, l, %, pa).",warning
unit_rare_or_empty,NEI020h,"Sellado estanco con pieza, para un tubo de de 270 a 320 mm de diámetro, de caucho sintético EPDM, de 50x50 cm, con cinta autoadhesiva, de geotextil especial reforzado con malla, con adhesivo SOLID res","unit_normalized=None, unit_raw=''","Revisar y mapear a una unidad canonical (ud, m2, m3, ml, kg, t, h, l, %, pa).",warning
unit_rare_or_empty,NEI030,"Sellado estanco de tubo para paso de instalaciones con tapón de elastómero termoplástico, de 16 mm de diámetro exterior y 11 mm de diámetro interior. Incluye: Perforación de la pieza. Colocación de la","unit_normalized=None, unit_raw=''","Revisar y mapear a una unidad canonical (ud, m2, m3, ml, kg, t, h, l, %, pa).",warning
unit_rare_or_empty,NEI030b,"Sellado estanco de tubo para paso de instalaciones con tapón de elastómero termoplástico, de 20 mm de diámetro exterior y 15 mm de diámetro interior. Incluye: Perforación de la pieza. Colocación de la","unit_normalized=None, unit_raw=''","Revisar y mapear a una unidad canonical (ud, m2, m3, ml, kg, t, h, l, %, pa).",warning
unit_rare_or_empty,NEI030c,"Sellado estanco de tubo para paso de instalaciones con tapón de elastómero termoplástico, de 25 mm de diámetro exterior y 19,5 mm de diámetro interior. Incluye: Perforación de la pieza. Colocación de ","unit_normalized=None, unit_raw=''","Revisar y mapear a una unidad canonical (ud, m2, m3, ml, kg, t, h, l, %, pa).",warning
unit_rare_or_empty,NEI030d,"Sellado estanco de tubo para paso de instalaciones con tapón de elastómero termoplástico, de 32 mm de diámetro exterior y 25 mm de diámetro interior. Incluye: Perforación de la pieza. Colocación de la","unit_normalized=None, unit_raw=''","Revisar y mapear a una unidad canonical (ud, m2, m3, ml, kg, t, h, l, %, pa).",warning
unit_rare_or_empty,NEI030e,"Sellado estanco de tubo para paso de instalaciones con tapón de elastómero termoplástico, de 40 mm de diámetro exterior y 31,5 mm de diámetro interior. Incluye: Perforación de la pieza. Colocación de ","unit_normalized=None, unit_raw=''","Revisar y mapear a una unidad canonical (ud, m2, m3, ml, kg, t, h, l, %, pa).",warning
unit_rare_or_empty,NEL010,"Lámina altamente abierta a la difusión de vapor, impermeable al agua de lluvia, reforzada con armadura de polipropileno, de 0,45 mm de espesor y 150 g/m², de 0,05 de espesor de aire equivalente frente","unit_normalized=None, unit_raw=''","Revisar y mapear a una unidad canonical (ud, m2, m3, ml, kg, t, h, l, %, pa).",warning
unit_rare_or_empty,NEL010b,"Lámina altamente abierta a la difusión de vapor, impermeable al agua de lluvia, reforzada con armadura de polipropileno, de 0,45 mm de espesor y 215 g/m², de 0,05 de espesor de aire equivalente frente","unit_normalized=None, unit_raw=''","Revisar y mapear a una unidad canonical (ud, m2, m3, ml, kg, t, h, l, %, pa).",warning
unit_rare_or_empty,NEL010c,"Lámina altamente abierta a la difusión de vapor, impermeable al agua de lluvia, reforzada con armadura de polipropileno, de 0,6 mm de espesor y 180 g/m², de 0,05 de espesor de aire equivalente frente ","unit_normalized=None, unit_raw=''","Revisar y mapear a una unidad canonical (ud, m2, m3, ml, kg, t, h, l, %, pa).",warning
unit_rare_or_empty,NEL010d,"Lámina altamente abierta a la difusión de vapor, impermeable al agua de lluvia, reforzada con armadura de polipropileno, de 0,6 mm de espesor y 180 g/m², de 0,05 de espesor de aire equivalente frente ","unit_normalized=None, unit_raw=''","Revisar y mapear a una unidad canonical (ud, m2, m3, ml, kg, t, h, l, %, pa).",warning
unit_rare_or_empty,NEL010e,"Lámina altamente abierta a la difusión de vapor, impermeable al agua de lluvia, reforzada con armadura de polipropileno, de 0,45 mm de espesor y 100 g/m², de 0,05 de espesor de aire equivalente frente","unit_normalized=None, unit_raw=''","Revisar y mapear a una unidad canonical (ud, m2, m3, ml, kg, t, h, l, %, pa).",warning
unit_rare_or_empty,NEL010f,"Lámina altamente abierta a la difusión de vapor, impermeable al agua de lluvia, reforzada con armadura de polipropileno, de 0,6 mm de espesor y 180 g/m², de 0,05 de espesor de aire equivalente frente ","unit_normalized=None, unit_raw=''","Revisar y mapear a una unidad canonical (ud, m2, m3, ml, kg, t, h, l, %, pa).",warning
unit_rare_or_empty,NEL010g,"Lámina altamente abierta a la difusión de vapor, impermeable al agua de lluvia, reforzada con armadura de polipropileno, de 0,45 mm de espesor y 215 g/m², de 0,05 de espesor de aire equivalente frente","unit_normalized=None, unit_raw=''","Revisar y mapear a una unidad canonical (ud, m2, m3, ml, kg, t, h, l, %, pa).",warning
unit_rare_or_empty,NEL010h,"Lámina altamente abierta a la difusión de vapor, impermeable al agua de lluvia, reforzada con armadura de polipropileno, de 0,45 mm de espesor y 215 g/m², de 0,05 de espesor de aire equivalente frente","unit_normalized=None, unit_raw=''","Revisar y mapear a una unidad canonical (ud, m2, m3, ml, kg, t, h, l, %, pa).",warning
unit_rare_or_empty,NEL030,"Lámina reguladora de vapor y de estanqueidad al aire de alto rendimiento reforzada con armadura de polipropileno, de 0,4 mm de espesor y 110 g/m², de 0,25 a 25 m de espesor de aire equivalente frente ","unit_normalized=None, unit_raw=''","Revisar y mapear a una unidad canonical (ud, m2, m3, ml, kg, t, h, l, %, pa).",warning
unit_rare_or_empty,NEL030a,"Lámina reguladora de vapor y de estanqueidad al aire de alto rendimiento reforzada con armadura de polipropileno, de 0,4 mm de espesor y 110 g/m², de 0,25 a 25 m de espesor de aire equivalente frente ","unit_normalized=None, unit_raw=''","Revisar y mapear a una unidad canonical (ud, m2, m3, ml, kg, t, h, l, %, pa).",warning
unit_rare_or_empty,NEL030b,"Lámina reguladora de vapor y de estanqueidad al aire de alto rendimiento reforzada con armadura de polipropileno, de 0,4 mm de espesor y 110 g/m², de 0,25 a 25 m de espesor de aire equivalente frente ","unit_normalized=None, unit_raw=''","Revisar y mapear a una unidad canonical (ud, m2, m3, ml, kg, t, h, l, %, pa).",warning
unit_rare_or_empty,NEL030c,"Lámina reguladora de vapor y de estanqueidad al aire de alto rendimiento reforzada con armadura de polipropileno, de 0,4 mm de espesor y 110 g/m², de 0,25 a 25 m de espesor de aire equivalente frente ","unit_normalized=None, unit_raw=''","Revisar y mapear a una unidad canonical (ud, m2, m3, ml, kg, t, h, l, %, pa).",warning
unit_rare_or_empty,NEL030d,"Lámina reguladora de vapor y de estanqueidad al aire de alto rendimiento reforzada con armadura de polipropileno, de 0,4 mm de espesor y 110 g/m², de 0,25 a 25 m de espesor de aire equivalente frente ","unit_normalized=None, unit_raw=''","Revisar y mapear a una unidad canonical (ud, m2, m3, ml, kg, t, h, l, %, pa).",warning
unit_rare_or_empty,NEL030e,"Lámina reguladora de vapor y de estanqueidad al aire de alto rendimiento reforzada con armadura de polipropileno, de 0,4 mm de espesor y 110 g/m², de 0,25 a 25 m de espesor de aire equivalente frente ","unit_normalized=None, unit_raw=''","Revisar y mapear a una unidad canonical (ud, m2, m3, ml, kg, t, h, l, %, pa).",warning
unit_rare_or_empty,NEL030f,"Lámina reguladora de vapor y de estanqueidad al aire de alto rendimiento reforzada con armadura de polipropileno, de 0,4 mm de espesor y 110 g/m², de 0,25 a 25 m de espesor de aire equivalente frente ","unit_normalized=None, unit_raw=''","Revisar y mapear a una unidad canonical (ud, m2, m3, ml, kg, t, h, l, %, pa).",warning
unit_rare_or_empty,NEL030g,"Lámina reguladora de vapor y de estanqueidad al aire de alto rendimiento reforzada con armadura de polipropileno, de 0,4 mm de espesor y 110 g/m², de 0,25 a 25 m de espesor de aire equivalente frente ","unit_normalized=None, unit_raw=''","Revisar y mapear a una unidad canonical (ud, m2, m3, ml, kg, t, h, l, %, pa).",warning
unit_rare_or_empty,NEL030h,"Mmembrana líquida reguladora de vapor y de estanqueidad al aire de alto rendimiento, formada por pasta de dispersión acrílica al agua, de 0,2 a 1,0 mm de espesor y 200 g/m², de 0,6 a 6 m de espesor de","unit_normalized=None, unit_raw=''","Revisar y mapear a una unidad canonical (ud, m2, m3, ml, kg, t, h, l, %, pa).",warning
unit_rare_or_empty,NEL030i,"Mmembrana líquida reguladora de vapor y de estanqueidad al aire de alto rendimiento, formada por pasta de dispersión acrílica al agua, de 0,2 a 1,0 mm de espesor y 200 g/m², de 0,6 a 6 m de espesor de","unit_normalized=None, unit_raw=''","Revisar y mapear a una unidad canonical (ud, m2, m3, ml, kg, t, h, l, %, pa).",warning
unit_rare_or_empty,NIA021,"Impermeabilización de piscina constituido con mortero impermeabilizante flexible monocomponente, color gris, aplicado con brocha en dos o más capas sobre el soporte humedecido, hasta conseguir un espe","unit_normalized=None, unit_raw=''","Revisar y mapear a una unidad canonical (ud, m2, m3, ml, kg, t, h, l, %, pa).",warning
unit_rare_or_empty,NIA022,"Impermeabilización de piscinas formado por lámina impermeabilizante flexible tipo EVAC compuesta de una doble hoja de poliolefina termoplástica con acetato de vinil etileno, con ambas caras revestidas","unit_normalized=None, unit_raw=''","Revisar y mapear a una unidad canonical (ud, m2, m3, ml, kg, t, h, l, %, pa).",warning
unit_rare_or_empty,NID010,"Formación de impermeabilización interior de jardinera, realizada mediante aplicación de dos manos de revestimiento continuo elástico impermeabilizante a base de poliuretano alifático, color blanco, co","unit_normalized=None, unit_raw=''","Revisar y mapear a una unidad canonical (ud, m2, m3, ml, kg, t, h, l, %, pa).",warning
unit_rare_or_empty,NIM021,"Formación de impermeabilización de muro de hormigón en contacto con el terreno mediante la aplicación con brocha, cepillo o pistola de tres manos de revestimiento elástico a base de polímeros y pigmen","unit_normalized=None, unit_raw=''","Revisar y mapear a una unidad canonical (ud, m2, m3, ml, kg, t, h, l, %, pa).",warning
unit_rare_or_empty,PYA010,"Repercusión por m² de superficie construida de obra, de ayudas de cualquier trabajo de albañilería, necesarias para la correcta ejecución de la instalación de calefacción formada por: tuberías de dist","unit_normalized=None, unit_raw=''","Revisar y mapear a una unidad canonical (ud, m2, m3, ml, kg, t, h, l, %, pa).",warning
unit_rare_or_empty,QAB010,"Formación de cubierta plana transitable, no ventilada, con solado fijo, tipo convencional, pendiente del 1% al 5%, para tráfico peatonal privado, compuesta de los siguientes elementos: AISLAMIENTO TÉR","unit_normalized=None, unit_raw=''","Revisar y mapear a una unidad canonical (ud, m2, m3, ml, kg, t, h, l, %, pa).",warning
unit_rare_or_empty,QAB011,"Formación de cubierta plana transitable, no ventilada, con solado fijo, tipo convencional, pendiente del 1% al 5%, para tráfico peatonal privado, compuesta de los siguientes elementos: AISLAMIENTO TÉR","unit_normalized=None, unit_raw=''","Revisar y mapear a una unidad canonical (ud, m2, m3, ml, kg, t, h, l, %, pa).",warning
unit_rare_or_empty,QAB012,"Formación de cubierta plana transitable, no ventilada, con solado fijo, tipo invertida, pendiente del 1% al 5%, para tráfico peatonal privado, compuesta de los siguientes elementos: FORMACIÓN DE PENDI","unit_normalized=None, unit_raw=''","Revisar y mapear a una unidad canonical (ud, m2, m3, ml, kg, t, h, l, %, pa).",warning
unit_rare_or_empty,QAB020,"Formación de cubierta plana transitable, no ventilada, con solado flotante sobre soportes, tipo convencional, pendiente del 1% al 5%, para tráfico peatonal privado, compuesta de los siguientes element","unit_normalized=None, unit_raw=''","Revisar y mapear a una unidad canonical (ud, m2, m3, ml, kg, t, h, l, %, pa).",warning
unit_rare_or_empty,QAB021,"Formación de cubierta plana transitable, no ventilada, con solado flotante sobre soportes, tipo convencional, pendiente del 1% al 5%, para tráfico peatonal privado, compuesta de los siguientes element","unit_normalized=None, unit_raw=''","Revisar y mapear a una unidad canonical (ud, m2, m3, ml, kg, t, h, l, %, pa).",warning
unit_rare_or_empty,QAC010,"Formación de cubierta plana transitable, ventilada, con solado fijo, tipo convencional, pendiente del 1% al 5%, para tráfico peatonal privado, compuesta de los siguientes elementos: AISLAMIENTO TÉRMIC","unit_normalized=None, unit_raw=''","Revisar y mapear a una unidad canonical (ud, m2, m3, ml, kg, t, h, l, %, pa).",warning
unit_rare_or_empty,QAC012,"Formación de cubierta plana transitable, ventilada, con solado fijo, tipo convencional, pendiente del 1% al 5%, para tráfico peatonal privado, compuesta de los siguientes elementos: AISLAMIENTO TÉRMIC","unit_normalized=None, unit_raw=''","Revisar y mapear a una unidad canonical (ud, m2, m3, ml, kg, t, h, l, %, pa).",warning
unit_rare_or_empty,QAD010,"Formación de cubierta plana no transitable, no ventilada, autoprotegida, tipo convencional, pendiente del 1% al 15%, compuesta de los siguientes elementos: AISLAMIENTO TÉRMICO: panel rígido de poliest","unit_normalized=None, unit_raw=''","Revisar y mapear a una unidad canonical (ud, m2, m3, ml, kg, t, h, l, %, pa).",warning
unit_rare_or_empty,QAD011,"Formación de cubierta plana no transitable, no ventilada, autoprotegida, tipo convencional, pendiente del 1% al 15%, compuesta de los siguientes elementos: AISLAMIENTO TÉRMICO: panel rígido de poliest","unit_normalized=None, unit_raw=''","Revisar y mapear a una unidad canonical (ud, m2, m3, ml, kg, t, h, l, %, pa).",warning
unit_rare_or_empty,QAD020,"Formación de cubierta plana no transitable, no ventilada, con grava, tipo convencional, pendiente del 1% al 5%, compuesta de los siguientes elementos: AISLAMIENTO TÉRMICO: panel rígido de poliestireno","unit_normalized=None, unit_raw=''","Revisar y mapear a una unidad canonical (ud, m2, m3, ml, kg, t, h, l, %, pa).",warning
unit_rare_or_empty,QAD022,"Formación de cubierta plana no transitable, no ventilada, con grava, tipo invertida, pendiente del 1% al 5%, compuesta de los siguientes elementos: FORMACIÓN DE PENDIENTES: mediante encintado de limat","unit_normalized=None, unit_raw=''","Revisar y mapear a una unidad canonical (ud, m2, m3, ml, kg, t, h, l, %, pa).",warning
unit_rare_or_empty,QAD030,"Formación de cubierta plana no transitable, no ventilada, ajardinada intensiva, tipo convencional, pendiente del 1% al 5%, compuesta de los siguientes elementos: AISLAMIENTO TÉRMICO: panel rígido de p","unit_normalized=None, unit_raw=''","Revisar y mapear a una unidad canonical (ud, m2, m3, ml, kg, t, h, l, %, pa).",warning
unit_rare_or_empty,QAD030b,"Formación de cubierta plana no transitable, no ventilada, ajardinada intensiva, tipo invertida, pendiente del 1% al 5%, compuesta de los siguientes elementos: FORMACIÓN DE PENDIENTES: mediante encinta","unit_normalized=None, unit_raw=''","Revisar y mapear a una unidad canonical (ud, m2, m3, ml, kg, t, h, l, %, pa).",warning
unit_rare_or_empty,QAD040,"Formación de cubierta plana no transitable, no ventilada, Deck, tipo convencional, pendiente del 1% al 5%, compuesta de los siguientes elementos: SOPORTE BASE: perfil nervado autoportante de chapa de ","unit_normalized=None, unit_raw=''","Revisar y mapear a una unidad canonical (ud, m2, m3, ml, kg, t, h, l, %, pa).",warning
unit_rare_or_empty,QAF010,"Formación de impermeabilización de junta de dilatación en cubierta plana compuesta de: dos bandas de adherencia, de lámina de betún modificado con elastómero SBS, LBM(SBS)-30-FP, con armadura de fielt","unit_normalized=None, unit_raw=''","Revisar y mapear a una unidad canonical (ud, m2, m3, ml, kg, t, h, l, %, pa).",warning
unit_rare_or_empty,QAF010c,"Formación de impermeabilización de junta de dilatación en cubierta plana no transitable, no ventilada, autoprotegida, tipo convencional, compuesta de: dos bandas de adherencia, de lámina de betún modi","unit_normalized=None, unit_raw=''","Revisar y mapear a una unidad canonical (ud, m2, m3, ml, kg, t, h, l, %, pa).",warning
unit_rare_or_empty,QAF011,"Desagüe compuesta por cazoleta prefabricada tipo: desagüe pluviales TPO totalmente solapada con la lámina, previa adhesión o fijación de la lámina en la zona del agujero al soporte, a ejecutar una vez","unit_normalized=None, unit_raw=''","Revisar y mapear a una unidad canonical (ud, m2, m3, ml, kg, t, h, l, %, pa).",warning
unit_rare_or_empty,QAF012,"Formación de impermeabilización de junta estructural en cubierta plana compuesta de: banda de refuerzo de lámina impermeabilizante flexible de PVC-P, (fv), de 1,2 mm de espesor, con armadura de velo d","unit_normalized=None, unit_raw=''","Revisar y mapear a una unidad canonical (ud, m2, m3, ml, kg, t, h, l, %, pa).",warning
unit_rare_or_empty,QAF013,"Ml de impermeabilización de juntas de dilatación, mediante anclaje perimétrico con una pletina de CHAPA COLAMINADA DE TPO de >5cm de ancho anclada al soporte a cada lado de la junta y separada de la j","unit_normalized=None, unit_raw=''","Revisar y mapear a una unidad canonical (ud, m2, m3, ml, kg, t, h, l, %, pa).",warning
unit_rare_or_empty,QAF014,"Fijación en todo el perímetro de remonte vertical por medio de BARRA PERFORADA DE CHAPA GALVANIZADA FLAG, incluyendo JUNTA ANTIPUNZONAMIENTO FLAG y cordón de sellado FLAGOFIL. Y formación de entrega c","unit_normalized=None, unit_raw=''","Revisar y mapear a una unidad canonical (ud, m2, m3, ml, kg, t, h, l, %, pa).",warning
unit_rare_or_empty,QAF020,"Ejecución de encuentro de paramento vertical con cubierta plana transitable, no ventilada, con solado fijo, tipo convencional; mediante la realización de un retranqueo perimetral de más de 5 cm con re","unit_normalized=None, unit_raw=''","Revisar y mapear a una unidad canonical (ud, m2, m3, ml, kg, t, h, l, %, pa).",warning
unit_rare_or_empty,QAF020d,"Ejecución de encuentro de paramento vertical con cubierta plana transitable, ventilada, con solado fijo, tipo convencional; mediante la realización de un retranqueo perimetral de más de 5 cm con respe","unit_normalized=None, unit_raw=''","Revisar y mapear a una unidad canonical (ud, m2, m3, ml, kg, t, h, l, %, pa).",warning
unit_rare_or_empty,QAF022,"Ejecución de encuentro de paramento vertical con cubierta plana transitable, no ventilada, con solado fijo, tipo invertida; mediante la realización de un retranqueo perimetral de más de 5 cm con respe","unit_normalized=None, unit_raw=''","Revisar y mapear a una unidad canonical (ud, m2, m3, ml, kg, t, h, l, %, pa).",warning
unit_rare_or_empty,QAF022b,"Ejecución de encuentro de paramento vertical con cubierta plana no transitable, no ventilada, con grava, tipo invertida; mediante la realización de un retranqueo perimetral de más de 5 cm con respecto","unit_normalized=None, unit_raw=''","Revisar y mapear a una unidad canonical (ud, m2, m3, ml, kg, t, h, l, %, pa).",warning
unit_rare_or_empty,QAF022c,"Ejecución de encuentro de paramento vertical con cubierta plana transitable, ventilada, con solado fijo, tipo convencional; mediante la realización de un retranqueo perimetral de más de 5 cm con respe","unit_normalized=None, unit_raw=''","Revisar y mapear a una unidad canonical (ud, m2, m3, ml, kg, t, h, l, %, pa).",warning
unit_rare_or_empty,QAG010,"Formación de pendientes mediante encintado de limatesas, limahoyas y juntas con maestras de ladrillo cerámico hueco doble y capa de 10 cm de espesor medio a base de arcilla expandida, de granulometría","unit_normalized=None, unit_raw=''","Revisar y mapear a una unidad canonical (ud, m2, m3, ml, kg, t, h, l, %, pa).",warning
unit_rare_or_empty,QAG010c,"Formación de pendientes mediante encintado de limatesas, limahoyas y juntas con maestras de ladrillo cerámico hueco doble y capa de 10 cm de espesor medio a base de hormigón celular de cemento espumad","unit_normalized=None, unit_raw=''","Revisar y mapear a una unidad canonical (ud, m2, m3, ml, kg, t, h, l, %, pa).",warning
unit_rare_or_empty,QLC010,"Suministro y montaje de claraboya de cúpula practicable parabólica bivalva, de polimetilmetacrilato (PMMA), de base cuadrada, luz de hueco 60x60 cm, incluso zócalo de poliéster reforzado con fibra de ","unit_normalized=None, unit_raw=''","Revisar y mapear a una unidad canonical (ud, m2, m3, ml, kg, t, h, l, %, pa).",warning
unit_rare_or_empty,QLC010b,"Suministro y montaje de claraboya de cúpula fija parabólica bivalva, de polimetilmetacrilato (PMMA), de base cuadrada, luz de hueco 60x60 cm, zócalo de 25 cm de altura, realizado con fábrica de ladril","unit_normalized=None, unit_raw=''","Revisar y mapear a una unidad canonical (ud, m2, m3, ml, kg, t, h, l, %, pa).",warning
unit_rare_or_empty,QRL020,"Formación de limahoya con teja cerámica curva mallorquina, 45x18x13,5 cm, color natural, recibida con mortero de cemento, industrial, M-5. Incluso p/p de solapes y conexiones a bajantes.","unit_normalized=None, unit_raw=''","Revisar y mapear a una unidad canonical (ud, m2, m3, ml, kg, t, h, l, %, pa).",warning
unit_rare_or_empty,QRL030,"Formación de limatesa con teja cerámica curva mallorquina, 45x18x13,5 cm, color natural, recibida con mortero de cemento, industrial, M-5. Incluso p/p de solapes.","unit_normalized=None, unit_raw=''","Revisar y mapear a una unidad canonical (ud, m2, m3, ml, kg, t, h, l, %, pa).",warning
unit_rare_or_empty,QTF030,"Suministro y montaje de cobertura de faldones de cubiertas inclinadas, con una pendiente mayor del 10%, con placas de fibrocemento sin amianto, color natural, perfil granonda, fijadas mecánicamente a ","unit_normalized=None, unit_raw=''","Revisar y mapear a una unidad canonical (ud, m2, m3, ml, kg, t, h, l, %, pa).",warning
unit_rare_or_empty,QTF030b,"Suministro y montaje de cobertura de faldones de cubiertas inclinadas, con una pendiente mayor del 10%, con placas de fibrocemento sin amianto, color arcilla, perfil granonda, fijadas mecánicamente a ","unit_normalized=None, unit_raw=''","Revisar y mapear a una unidad canonical (ud, m2, m3, ml, kg, t, h, l, %, pa).",warning
unit_rare_or_empty,QTG010c,"Formación de pendientes con bovedilla plana de hormigón, sin nervio, de 80x50 cm, con una capa de regularización de mortero de cemento, industrial, M-5, de 5 cm de espesor y acabado fratasado, sobre v","unit_normalized=None, unit_raw=''","Revisar y mapear a una unidad canonical (ud, m2, m3, ml, kg, t, h, l, %, pa).",warning
unit_rare_or_empty,QTG010d,"Formación de pendientes con tablero cerámico hueco machihembrado mallorquín liso, para revestir, 80x23x4 cm, con una capa de regularización de mortero de cemento, industrial, M-5, de 5 cm de espesor y","unit_normalized=None, unit_raw=''","Revisar y mapear a una unidad canonical (ud, m2, m3, ml, kg, t, h, l, %, pa).",warning
unit_rare_or_empty,QTG010e,"Formación de pendientes con estructura galvanizada de 1,5 mm de espesor, suministro e instalación de aislamiento térmico XPS de 5 cm de espesor y suministro e instalación de placa impermeabilizante ""b","unit_normalized=None, unit_raw=''","Revisar y mapear a una unidad canonical (ud, m2, m3, ml, kg, t, h, l, %, pa).",warning
unit_rare_or_empty,QTT210,"Teja de hormigón, perfil árabe, 42x33 cm, color rojo; recibida con mortero de cemento, industrial, M-2,5. Tejas de caballete, remate lateral, ventilación y piezas especiales para formación de cumbrera","unit_normalized=None, unit_raw=''","Revisar y mapear a una unidad canonical (ud, m2, m3, ml, kg, t, h, l, %, pa).",warning
unit_rare_or_empty,QTT210b,"Formación de cubierta inclinada compuesta de los siguientes elementos: AISLAMIENTO TÉRMICO: panel rígido de poliestireno extruido, según UNE-EN 13164, de superficie grecada y mecanizado lateral a medi","unit_normalized=None, unit_raw=''","Revisar y mapear a una unidad canonical (ud, m2, m3, ml, kg, t, h, l, %, pa).",warning
unit_rare_or_empty,QTT210c,"Formación de cubierta compuesta de los siguientes elementos: AISLAMIENTO TÉRMICO: panel rígido de poliestireno extruido, según UNE-EN 13164, de superficie grecada y mecanizado lateral a media madera, ","unit_normalized=None, unit_raw=''","Revisar y mapear a una unidad canonical (ud, m2, m3, ml, kg, t, h, l, %, pa).",warning
unit_rare_or_empty,QTT210d,"Cubierta de teja cerámica mixta, 43x26 cm, color rojo; recibida con mortero de cemento, industrial, M-2,5. Tejas de caballete, remate lateral, ventilación y piezas especiales para formación de cumbrer","unit_normalized=None, unit_raw=''","Revisar y mapear a una unidad canonical (ud, m2, m3, ml, kg, t, h, l, %, pa).",warning
unit_rare_or_empty,QTT210e,"Formación de cubierta compuesta de los siguientes elementos: AISLAMIENTO TÉRMICO: panel rígido de poliestireno extruido, según UNE-EN 13164, de superficie grecada y mecanizado lateral a media madera, ","unit_normalized=None, unit_raw=''","Revisar y mapear a una unidad canonical (ud, m2, m3, ml, kg, t, h, l, %, pa).",warning
unit_rare_or_empty,QTT210f,"Formación de cubierta compuesta de los siguientes elementos: AISLAMIENTO TÉRMICO: panel rígido de poliestireno extruido, según UNE-EN 13164, de superficie grecada y mecanizado lateral a media madera, ","unit_normalized=None, unit_raw=''","Revisar y mapear a una unidad canonical (ud, m2, m3, ml, kg, t, h, l, %, pa).",warning
unit_rare_or_empty,QTT210m,"Cubierta de teja cerámica curva mallorquina, 45x18x13,5 cm, color natural; recibida con mortero de cemento, industrial, M-2,5. Tejas de caballete, remate lateral, ventilación y piezas especiales para ","unit_normalized=None, unit_raw=''","Revisar y mapear a una unidad canonical (ud, m2, m3, ml, kg, t, h, l, %, pa).",warning
unit_rare_or_empty,QTT210n,"Cubierta de teja cerámica curva mallorquina, 45x18x13,5 cm, color natural; recibida con espuma de poliuretano. Tejas de caballete, remate lateral, ventilación y piezas especiales para formación de cum","unit_normalized=None, unit_raw=''","Revisar y mapear a una unidad canonical (ud, m2, m3, ml, kg, t, h, l, %, pa).",warning
unit_rare_or_empty,R00001,"Desplazamiento de laborante a obra, para toma de muestra, entre 20-40 Km del laboratorio.","unit_normalized=None, unit_raw=''","Revisar y mapear a una unidad canonical (ud, m2, m3, ml, kg, t, h, l, %, pa).",warning
unit_rare_or_empty,R00003,Impermeabilización y protección de estructuras enterradas con membrana preconformada de fpo de sistema sikaproof A para muros de contención a una cara y sistema sikaproof P para muros de contención a ,"unit_normalized=None, unit_raw=''","Revisar y mapear a una unidad canonical (ud, m2, m3, ml, kg, t, h, l, %, pa).",warning
unit_rare_or_empty,R00019,Impermeabilización y protección de estructuras enterradas con membrana preconformada de fpo de sistema sikaproof A para cimentaciones y lámina separadora geotextil de fieltro no tejido de fibra de pol,"unit_normalized=None, unit_raw=''","Revisar y mapear a una unidad canonical (ud, m2, m3, ml, kg, t, h, l, %, pa).",warning
unit_rare_or_empty,R00023,"Desplazamiento de laborante a obra, para toma de muestra, a más de 40 Km del laboratorio.","unit_normalized=None, unit_raw=''","Revisar y mapear a una unidad canonical (ud, m2, m3, ml, kg, t, h, l, %, pa).",warning
unit_rare_or_empty,R00024,Dersplazamiento de técnico especialista a obra en T.M. de Palma.,"unit_normalized=None, unit_raw=''","Revisar y mapear a una unidad canonical (ud, m2, m3, ml, kg, t, h, l, %, pa).",warning
unit_rare_or_empty,R00025,Dersplazamiento de técnico especialista a obra fuera del T.M. de Palma.,"unit_normalized=None, unit_raw=''","Revisar y mapear a una unidad canonical (ud, m2, m3, ml, kg, t, h, l, %, pa).",warning
unit_rare_or_empty,RAG012,"Suministro y colocación de alicatado con azulejo acabado liso, 20x20 cm, 20,56 €/m², capacidad de absorción de agua E>10%, grupo BIII, según UNE-EN 14411, resistencia al deslizamiento Rd<=15 según UNE","unit_normalized=None, unit_raw=''","Revisar y mapear a una unidad canonical (ud, m2, m3, ml, kg, t, h, l, %, pa).",warning
unit_rare_or_empty,RAG012b,"Suministro y colocación de alicatado con gres esmaltado 20x20 cm, 25,70 €/m², capacidad de absorción de agua E<3%, grupo BIb, según UNE-EN 14411, resistencia al deslizamiento Rd<=15 según UNE-ENV 1263","unit_normalized=None, unit_raw=''","Revisar y mapear a una unidad canonical (ud, m2, m3, ml, kg, t, h, l, %, pa).",warning
unit_rare_or_empty,RAG012c,"Suministro y colocación de alicatado con gres porcelánico acabado pulido, 40x40 cm, 30,84 €/m², capacidad de absorción de agua E<0,5%, grupo BIa, según UNE-EN 14411, resistencia al deslizamiento Rd<=1","unit_normalized=None, unit_raw=''","Revisar y mapear a una unidad canonical (ud, m2, m3, ml, kg, t, h, l, %, pa).",warning
unit_rare_or_empty,RAG018,Suministro y colocación de cantonera de PVC.,"unit_normalized=None, unit_raw=''","Revisar y mapear a una unidad canonical (ud, m2, m3, ml, kg, t, h, l, %, pa).",warning
unit_rare_or_empty,RAG018b,Suministro y colocación de cantonera de aluminio.,"unit_normalized=None, unit_raw=''","Revisar y mapear a una unidad canonical (ud, m2, m3, ml, kg, t, h, l, %, pa).",warning
unit_rare_or_empty,RAG018c,Suministro y colocación de cantonera de latón.,"unit_normalized=None, unit_raw=''","Revisar y mapear a una unidad canonical (ud, m2, m3, ml, kg, t, h, l, %, pa).",warning
unit_rare_or_empty,RAG018d,Suministro y colocación de cantonera de acero inoxidable.,"unit_normalized=None, unit_raw=''","Revisar y mapear a una unidad canonical (ud, m2, m3, ml, kg, t, h, l, %, pa).",warning
unit_rare_or_empty,RAG020b,"Suministro y colocación de alicatado con listel cerámico de gres esmaltado, de 1 cm de ancho, 15,42 €/m, recibido con adhesivo cementoso C1. Rejuntado con mortero de juntas cementoso, CG1, para junta ","unit_normalized=None, unit_raw=''","Revisar y mapear a una unidad canonical (ud, m2, m3, ml, kg, t, h, l, %, pa).",warning
unit_rare_or_empty,RAG020c,"Suministro y colocación de alicatado con cenefa cerámica de azulejo liso, de 3 cm de ancho, 15,42 €/m, recibido con adhesivo cementoso C1. Rejuntado con mortero de juntas cementoso, CG1, para junta mí","unit_normalized=None, unit_raw=''","Revisar y mapear a una unidad canonical (ud, m2, m3, ml, kg, t, h, l, %, pa).",warning
unit_rare_or_empty,RBB011,"Formación en fachadas, de capa base de 15 mm de espesor, para revestimientos continuos bicapa, con enfoscado a buena vista de mortero de cal, grueso, sin aditivos tipo GP CSII W1, según UNE-EN 998-1, ","unit_normalized=None, unit_raw=''","Revisar y mapear a una unidad canonical (ud, m2, m3, ml, kg, t, h, l, %, pa).",warning
unit_rare_or_empty,RBR010,"Formación de revestimiento continuo de paramentos con microcemento, de 3 mm de espesor, realizado sobre superficie absorbente, mediante la aplicación sucesiva de: capa de imprimación monocomponente, a","unit_normalized=None, unit_raw=''","Revisar y mapear a una unidad canonical (ud, m2, m3, ml, kg, t, h, l, %, pa).",warning
unit_rare_or_empty,RCP010,"Suministro y colocación de chapado en paramento vertical, con placas de piedra de Santanyí, acabado pulido, de 40x40x3 cm, pegadas al paramento soporte con adhesivo cementoso mejorado, C2 TE, con desl","unit_normalized=None, unit_raw=''","Revisar y mapear a una unidad canonical (ud, m2, m3, ml, kg, t, h, l, %, pa).",warning
unit_rare_or_empty,RCP015,"Suministro y colocación de chapado en paramento vertical, con placas de marés de Porreres, acabado pulido, de 40x40x3 cm, pegadas al paramento soporte con adhesivo cementoso mejorado, C2 TE, con desli","unit_normalized=None, unit_raw=''","Revisar y mapear a una unidad canonical (ud, m2, m3, ml, kg, t, h, l, %, pa).",warning
unit_rare_or_empty,RCP0151,"Suministro y colocación de chapado en paramento vertical, hasta 3 m de altura, con placas de mármol Crema Marfil Classic, acabado pulido, de 30x30x2 cm, pegadas al paramento soporte con adhesivo cemen","unit_normalized=None, unit_raw=''","Revisar y mapear a una unidad canonical (ud, m2, m3, ml, kg, t, h, l, %, pa).",warning
unit_rare_or_empty,RCP015c,"Suministro y colocación de chapado en paramento vertical, hasta 3 m de altura, con placas de piedra caliza de Binissalem, acabado pulido, de 40x40x2 cm, pegadas al paramento soporte con adhesivo cemen","unit_normalized=None, unit_raw=''","Revisar y mapear a una unidad canonical (ud, m2, m3, ml, kg, t, h, l, %, pa).",warning
unit_rare_or_empty,RCP020,"Suministro y colocación de chapado en paramento vertical, hasta 3 m de altura, con plaquetas calibradas y biseladas de mármol Crema Marfil, acabado pulido, de 30x30x2 cm, pegadas al paramento soporte ","unit_normalized=None, unit_raw=''","Revisar y mapear a una unidad canonical (ud, m2, m3, ml, kg, t, h, l, %, pa).",warning
unit_rare_or_empty,RDC010,"Suministro y colocación de revestimiento ligero mediante panel de corcho de 4 mm de espesor, acabado natural, con una densidad de 250 kg/m³, colocado con adhesivo de reacción de poliuretano sobre la s","unit_normalized=None, unit_raw=''","Revisar y mapear a una unidad canonical (ud, m2, m3, ml, kg, t, h, l, %, pa).",warning
unit_rare_or_empty,RDP010,"Suministro y colocación de revestimiento ligero mediante tiras de papel de vinilo, de 235 g/m², fijadas con cola celulósica soluble en agua, sobre la superficie lisa y regularizada de paramentos verti","unit_normalized=None, unit_raw=''","Revisar y mapear a una unidad canonical (ud, m2, m3, ml, kg, t, h, l, %, pa).",warning
unit_rare_or_empty,RDP010b,"Suministro y colocación de revestimiento ligero mediante tiras de papel de vinilo tela, de 360 g/m², fijadas con cola celulósica soluble en agua, sobre la superficie lisa y regularizada de paramentos ","unit_normalized=None, unit_raw=''","Revisar y mapear a una unidad canonical (ud, m2, m3, ml, kg, t, h, l, %, pa).",warning
unit_rare_or_empty,REC020,"Suministro y colocación de revestimiento de peldaño recto de escalera mediante forrado con peldaño prefabricado de terrazo, en ""L"", micrograno (menor o igual a 6 mm), color a elegir, con profundidad d","unit_normalized=None, unit_raw=''","Revisar y mapear a una unidad canonical (ud, m2, m3, ml, kg, t, h, l, %, pa).",warning
unit_rare_or_empty,REG030,"Suministro y colocación de revestimiento de peldaño de escalera, mediante forrado con piezas cerámicas de barro cocido, tipo bocel, de 100x30 cm, recibidas con mortero de cemento, M-10 y cemento cola,","unit_normalized=None, unit_raw=''","Revisar y mapear a una unidad canonical (ud, m2, m3, ml, kg, t, h, l, %, pa).",warning
unit_rare_or_empty,REP020,"Suministro y colocación de revestimiento de peldaño con forma recta, en escalera, mediante el montaje de los siguientes elementos: huella de caliza Binissalem, acabado pulido y tabica de caliza Biniss","unit_normalized=None, unit_raw=''","Revisar y mapear a una unidad canonical (ud, m2, m3, ml, kg, t, h, l, %, pa).",warning
unit_rare_or_empty,REP0201,"Suministro y colocación de revestimiento de peldaño con forma recta, en escalera de 100 cm de anchura, mediante el montaje de los siguientes elementos: huella de mármol Crema Marfil Classic, acabado p","unit_normalized=None, unit_raw=''","Revisar y mapear a una unidad canonical (ud, m2, m3, ml, kg, t, h, l, %, pa).",warning
unit_rare_or_empty,REP020b,"Suministro y colocación de revestimiento de peldaño con forma recta, en escalera, mediante el montaje de los siguientes elementos: huella de mármol Crema Levante, acabado pulido y tabica de mármol Cre","unit_normalized=None, unit_raw=''","Revisar y mapear a una unidad canonical (ud, m2, m3, ml, kg, t, h, l, %, pa).",warning
unit_rare_or_empty,REP021,"Suministro y colocación de zanquín de mármol Crema Marfil Classic de una pieza a montacaballo de 42x18x2 cm, cara y cantos pulidos, recibido con mortero de cemento M-5 y cemento cola, en escalera con ","unit_normalized=None, unit_raw=''","Revisar y mapear a una unidad canonical (ud, m2, m3, ml, kg, t, h, l, %, pa).",warning
unit_rare_or_empty,REP021b,"Suministro y colocación de zanquín de caliza Binissalem de una pieza a montacaballo de 42x18x2 cm, cara y cantos pulidos, recibido con mortero de cemento M-5 y cemento cola, en escalera con peldañeado","unit_normalized=None, unit_raw=''","Revisar y mapear a una unidad canonical (ud, m2, m3, ml, kg, t, h, l, %, pa).",warning
unit_rare_or_empty,REP030,"Suministro y colocación de revestimiento de peldaño con forma recta, en escalera, mediante el montaje de los siguientes elementos: huella de caliza Binissalem, acabado pulido y tabica de caliza Biniss","unit_normalized=None, unit_raw=''","Revisar y mapear a una unidad canonical (ud, m2, m3, ml, kg, t, h, l, %, pa).",warning
unit_rare_or_empty,REP030b,"Suministro y colocación de revestimiento de peldaño con forma recta, en escalera de 100 cm de ancho, mediante el montaje de los siguientes elementos: huella de mármol Crema Levante, acabado pulido y t","unit_normalized=None, unit_raw=''","Revisar y mapear a una unidad canonical (ud, m2, m3, ml, kg, t, h, l, %, pa).",warning
unit_rare_or_empty,RFA020,"Aplicación manual de dos manos de pintura a la cal, color a elegir, la primera mano diluida con un 20 a 30% de agua y la siguiente diluida con un 20% de agua o sin diluir, (rendimiento: 0,2 l/m² cada ","unit_normalized=None, unit_raw=''","Revisar y mapear a una unidad canonical (ud, m2, m3, ml, kg, t, h, l, %, pa).",warning
unit_rare_or_empty,RFL010,"Aplicación manual de dos manos de pintura de caucho sintético tipo Pliolite, color a elegir, acabado mate, textura lisa, la primera mano diluida con un 5% de diluyente y la siguiente diluida con un 5%","unit_normalized=None, unit_raw=''","Revisar y mapear a una unidad canonical (ud, m2, m3, ml, kg, t, h, l, %, pa).",warning
unit_rare_or_empty,RFP010,"Aplicación manual de dos manos de pintura plástica, color a elegir, acabado mate, textura lisa, la primera mano diluida con un 15 a 20% de agua y la siguiente diluida con un 5 a 10% de agua o sin dilu","unit_normalized=None, unit_raw=''","Revisar y mapear a una unidad canonical (ud, m2, m3, ml, kg, t, h, l, %, pa).",warning
unit_rare_or_empty,RFS010,"Aplicación manual de dos manos de pintura al silicato color blanco, acabado mate, textura lisa, la primera mano diluida con un 15% de diluyente a base de soluciones de silicato potásico y emulsiones a","unit_normalized=None, unit_raw=''","Revisar y mapear a una unidad canonical (ud, m2, m3, ml, kg, t, h, l, %, pa).",warning
unit_rare_or_empty,RIP030,"Aplicación manual de dos manos de pintura plástica, color a elegir, acabado mate, textura lisa, la primera mano diluida con un 20% de agua y la siguiente sin diluir, (rendimiento: 0,1 l/m² cada mano);","unit_normalized=None, unit_raw=''","Revisar y mapear a una unidad canonical (ud, m2, m3, ml, kg, t, h, l, %, pa).",warning
unit_rare_or_empty,RIP030a,"Aplicación manual de dos manos de pintura plástica con etiqueta ecológica europea (EEE) color a elegir, acabado mate, textura lisa, la primera mano diluida con un 20% de agua y la siguiente sin diluir","unit_normalized=None, unit_raw=''","Revisar y mapear a una unidad canonical (ud, m2, m3, ml, kg, t, h, l, %, pa).",warning
unit_rare_or_empty,RIS030,"Aplicación manual de dos manos de pintura al silicato color a definir, acabado mate, textura lisa, la primera mano diluida con un 10% de agua y la siguiente sin diluir, (rendimiento: 0,14 l/m² cada ma","unit_normalized=None, unit_raw=''","Revisar y mapear a una unidad canonical (ud, m2, m3, ml, kg, t, h, l, %, pa).",warning
unit_rare_or_empty,RIT010,"Aplicación manual de dos manos de pintura al temple, color a elegir, acabado mate, textura gotelé con gota fina, la primera mano diluida con un máximo de 40% de agua y la siguiente sin diluir, (rendim","unit_normalized=None, unit_raw=''","Revisar y mapear a una unidad canonical (ud, m2, m3, ml, kg, t, h, l, %, pa).",warning
unit_rare_or_empty,RLA010,"Formación de barrera protectora reversible antigraffitis en paramentos exteriores de piedra natural, mediante la aplicación de impregnación incolora antigraffiti a base de resinas acrílicas, aplicada ","unit_normalized=None, unit_raw=''","Revisar y mapear a una unidad canonical (ud, m2, m3, ml, kg, t, h, l, %, pa).",warning
unit_rare_or_empty,RLB010,"Formación de capa de protección anticarbonatación en elementos de hormigón y mortero, mediante dos manos (fondo y acabado) con revestimiento elástico a base de resinas acrílicas en dispersión acuosa, ","unit_normalized=None, unit_raw=''","Revisar y mapear a una unidad canonical (ud, m2, m3, ml, kg, t, h, l, %, pa).",warning
unit_rare_or_empty,RLC010,"Formación de capa de protección contra la oxidación en elementos de acero, con imprimación anticorrosiva, bicomponente, a base de resina epoxi, inhibidores de corrosión y agua, aplicada con brocha, ro","unit_normalized=None, unit_raw=''","Revisar y mapear a una unidad canonical (ud, m2, m3, ml, kg, t, h, l, %, pa).",warning
unit_rare_or_empty,RLH010,"Aplicación de tratamiento superficial de protección hidrófuga para fachadas de piedra natural, mediante impregnación hidrófuga incolora, a base de copolímeros acrílicos en emulsión acuosa, permeable a","unit_normalized=None, unit_raw=''","Revisar y mapear a una unidad canonical (ud, m2, m3, ml, kg, t, h, l, %, pa).",warning
unit_rare_or_empty,RMA010,"Formación de capa de lasur sintético, para interiores, incoloro, acabado satinado, sobre superficie de carpintería de madera, mediante aplicación de una mano de fondo protector, insecticida, fungicida","unit_normalized=None, unit_raw=''","Revisar y mapear a una unidad canonical (ud, m2, m3, ml, kg, t, h, l, %, pa).",warning
unit_rare_or_empty,RMA020,"Formación de capa de lasur al agua, para interiores, incoloro, acabado brillante, sobre superficie de carpintería de madera, mediante aplicación de una mano de fondo acuoso protector, insecticida, fun","unit_normalized=None, unit_raw=''","Revisar y mapear a una unidad canonical (ud, m2, m3, ml, kg, t, h, l, %, pa).",warning
unit_rare_or_empty,RMB020,"Formación de capa de barniz sintético, para exteriores, incoloro, acabado brillante, sobre superficie de carpintería de madera, mediante aplicación de una mano de fondo protector, insecticida, fungici","unit_normalized=None, unit_raw=''","Revisar y mapear a una unidad canonical (ud, m2, m3, ml, kg, t, h, l, %, pa).",warning
unit_rare_or_empty,RME020,"Formación de capa de esmalte sintético, color blanco, acabado brillante, sobre superficie de carpintería interior de madera, mediante aplicación de una mano de fondo con imprimación selladora, a base ","unit_normalized=None, unit_raw=''","Revisar y mapear a una unidad canonical (ud, m2, m3, ml, kg, t, h, l, %, pa).",warning
unit_rare_or_empty,RME030,"Formación de capa de esmalte al agua, color blanco, acabado brillante, sobre superficie de carpintería interior de madera, mediante aplicación de una mano de fondo con imprimación selladora, a base de","unit_normalized=None, unit_raw=''","Revisar y mapear a una unidad canonical (ud, m2, m3, ml, kg, t, h, l, %, pa).",warning
unit_rare_or_empty,RME030b,"Formación de capa de esmalte al agua, color blanco, acabado brillante, sobre superficie de carpintería exterior de madera, mediante aplicación de una mano de fondo con imprimación selladora, a base de","unit_normalized=None, unit_raw=''","Revisar y mapear a una unidad canonical (ud, m2, m3, ml, kg, t, h, l, %, pa).",warning
unit_rare_or_empty,RME040,"Formación de capa de esmalte de dos componentes, color a elegir, acabado brillante, sobre superficie de carpintería exterior de madera, mediante aplicación de dos manos de acabado con esmalte de poliu","unit_normalized=None, unit_raw=''","Revisar y mapear a una unidad canonical (ud, m2, m3, ml, kg, t, h, l, %, pa).",warning
unit_rare_or_empty,RML010b,"Preparación y pintado de superficie de madera con laca nitrocelulósica de aspecto brillante, mediante la realización de las siguientes operaciones: sellado de nudos; lijado fino de la zona sellada pas","unit_normalized=None, unit_raw=''","Revisar y mapear a una unidad canonical (ud, m2, m3, ml, kg, t, h, l, %, pa).",warning
unit_rare_or_empty,RML010c,"Preparación y pintado de superficie de madera con laca nitrocelulósica de aspecto mate a pulimentar, mediante la realización de las siguientes operaciones: sellado de nudos; lijado fino de la zona sel","unit_normalized=None, unit_raw=''","Revisar y mapear a una unidad canonical (ud, m2, m3, ml, kg, t, h, l, %, pa).",warning
unit_rare_or_empty,RNE010,"Formación de capa de esmalte sintético, color a elegir, acabado brillante, sobre superficie de acero, mediante aplicación de dos manos de imprimación anticorrosiva, como fijador de superficie y protec","unit_normalized=None, unit_raw=''","Revisar y mapear a una unidad canonical (ud, m2, m3, ml, kg, t, h, l, %, pa).",warning
unit_rare_or_empty,RNE030,"Formación de capa de esmalte de dos componentes, color a elegir, acabado brillante, sobre superficie de acero, mediante aplicación de dos manos de imprimación selladora de dos componentes, a base de r","unit_normalized=None, unit_raw=''","Revisar y mapear a una unidad canonical (ud, m2, m3, ml, kg, t, h, l, %, pa).",warning
unit_rare_or_empty,RNS010,"Formación de capa de esmalte sintético, color a elegir, acabado forja mate, sobre superficie de hierro o acero, mediante aplicación de dos manos de imprimación anticorrosiva, como fijador de superfici","unit_normalized=None, unit_raw=''","Revisar y mapear a una unidad canonical (ud, m2, m3, ml, kg, t, h, l, %, pa).",warning
unit_rare_or_empty,RNS020b,"Formación de capa de esmalte sintético, color a elegir, acabado martelé, sobre superficie de hierro o acero, mediante aplicación de dos manos de imprimación anticorrosiva, como fijador de superficie y","unit_normalized=None, unit_raw=''","Revisar y mapear a una unidad canonical (ud, m2, m3, ml, kg, t, h, l, %, pa).",warning
unit_rare_or_empty,RNS020c,"Formación de capa de esmalte sintético, color a elegir, acabado martelé, sobre superficie galvanizada o de metales no férreos, mediante aplicación de una mano de imprimación de secado rápido, con prop","unit_normalized=None, unit_raw=''","Revisar y mapear a una unidad canonical (ud, m2, m3, ml, kg, t, h, l, %, pa).",warning
unit_rare_or_empty,RPE005,"Formación de revestimiento continuo de mortero de cemento, tipo GP CSII W0, a buena vista, de 15 mm de espesor, aplicado sobre un paramento vertical hasta 3 m de altura, acabado superficial rugoso, pa","unit_normalized=None, unit_raw=''","Revisar y mapear a una unidad canonical (ud, m2, m3, ml, kg, t, h, l, %, pa).",warning
unit_rare_or_empty,RPE005b,"Formación de revestimiento continuo de mortero de cemento, tipo GP CSII W0, maestreado, de 15 mm de espesor, aplicado sobre un paramento vertical hasta 3 m de altura, acabado superficial rugoso, para ","unit_normalized=None, unit_raw=''","Revisar y mapear a una unidad canonical (ud, m2, m3, ml, kg, t, h, l, %, pa).",warning
unit_rare_or_empty,RPE005c,"Formación de revestimiento continuo de mortero de cemento, tipo GP CSII W0, a buena vista, de 15 mm de espesor, aplicado sobre un paramento horizontal hasta 3 m de altura, acabado superficial rugoso, ","unit_normalized=None, unit_raw=''","Revisar y mapear a una unidad canonical (ud, m2, m3, ml, kg, t, h, l, %, pa).",warning
unit_rare_or_empty,RPE010,"Formación de revestimiento continuo de mortero de cemento, tipo GP CSIII W0, a buena vista, de 15 mm de espesor, aplicado sobre un paramento horizontal acabado superficial fratasado, con colocación de","unit_normalized=None, unit_raw=''","Revisar y mapear a una unidad canonical (ud, m2, m3, ml, kg, t, h, l, %, pa).",warning
unit_rare_or_empty,RPE010b,"Formación de revestimiento continuo de mortero de cemento, tipo GP CSIII W0, a buena vista, de 15 mm de espesor, aplicado sobre un paramento vertical acabado superficial fratasado, con colocación de m","unit_normalized=None, unit_raw=''","Revisar y mapear a una unidad canonical (ud, m2, m3, ml, kg, t, h, l, %, pa).",warning
unit_rare_or_empty,RPE010c,"Formación de revestimiento continuo de mortero de cemento, tipo GP CSIII W0, maestreado, de 15 mm de espesor, aplicado sobre un paramento vertical acabado superficial fratasado, con colocación de mall","unit_normalized=None, unit_raw=''","Revisar y mapear a una unidad canonical (ud, m2, m3, ml, kg, t, h, l, %, pa).",warning
unit_rare_or_empty,RPE012,"Formación de revestimiento continuo de mortero de cemento, tipo GP CSII W0, maestreado, de 15 mm de espesor, aplicado sobre un paramento vertical interior, acabado superficial rayado, para servir de b","unit_normalized=None, unit_raw=''","Revisar y mapear a una unidad canonical (ud, m2, m3, ml, kg, t, h, l, %, pa).",warning
unit_rare_or_empty,RPE013,"Formación de revestimiento continuo de mortero de cemento con aditivo hidrófugo, tipo GP CSIII W0, con aditiva impermeabilizante exento de cloruros, a buena vista, de 15 mm de espesor, aplicado sobre ","unit_normalized=None, unit_raw=''","Revisar y mapear a una unidad canonical (ud, m2, m3, ml, kg, t, h, l, %, pa).",warning
unit_rare_or_empty,RPG010,"Formación de revestimiento continuo interior de yeso, a buena vista, sobre paramento horizontal, hasta 3 m de altura, de 15 mm de espesor, formado por una primera capa de guarnecido con pasta de yeso ","unit_normalized=None, unit_raw=''","Revisar y mapear a una unidad canonical (ud, m2, m3, ml, kg, t, h, l, %, pa).",warning
unit_rare_or_empty,RPG010b,"Formación de revestimiento continuo interior de yeso, a buena vista, sobre paramento horizontal, a más de 3 m de altura, de 15 mm de espesor, formado por una primera capa de guarnecido con pasta de ye","unit_normalized=None, unit_raw=''","Revisar y mapear a una unidad canonical (ud, m2, m3, ml, kg, t, h, l, %, pa).",warning
unit_rare_or_empty,RPG010c,"Formación de revestimiento continuo interior de yeso, a buena vista, sobre paramento vertical y horizontal de escaleras, de 15 mm de espesor, formado por una primera capa de guarnecido con pasta de ye","unit_normalized=None, unit_raw=''","Revisar y mapear a una unidad canonical (ud, m2, m3, ml, kg, t, h, l, %, pa).",warning
unit_rare_or_empty,RPG010e,"Formación de revestimiento continuo interior de yeso, a buena vista, sobre paramento vertical, de hasta 3 m de altura, de 15 mm de espesor, formado por una primera capa de guarnecido con pasta de yeso","unit_normalized=None, unit_raw=''","Revisar y mapear a una unidad canonical (ud, m2, m3, ml, kg, t, h, l, %, pa).",warning
unit_rare_or_empty,RPG010f,"Formación de revestimiento continuo interior de yeso, maestreado, sobre paramento vertical, de hasta 3 m de altura, de 15 mm de espesor, formado por una primera capa de guarnecido con pasta de yeso de","unit_normalized=None, unit_raw=''","Revisar y mapear a una unidad canonical (ud, m2, m3, ml, kg, t, h, l, %, pa).",warning
unit_rare_or_empty,RPG010h,"Formación de revestimiento continuo interior de yeso, maestreado, sobre paramento vertical, de hasta 3 m de altura, de 15 mm de espesor, formado por una primera capa de guarnecido con pasta de yeso de","unit_normalized=None, unit_raw=''","Revisar y mapear a una unidad canonical (ud, m2, m3, ml, kg, t, h, l, %, pa).",warning
unit_rare_or_empty,RPG011,"Formación de revestimiento continuo interior de yeso, sobre paramento vertical, de hasta 3 m de altura, de 3 mm de espesor, formado por una capa de enlucido con pasta de yeso de aplicación en capa fin","unit_normalized=None, unit_raw=''","Revisar y mapear a una unidad canonical (ud, m2, m3, ml, kg, t, h, l, %, pa).",warning
unit_rare_or_empty,RPG011b,"Formación de revestimiento continuo interior de yeso, sobre paramento horizontal, hasta 3 m de altura, de 3 mm de espesor, formado por una capa de enlucido con pasta de yeso de aplicación en capa fina","unit_normalized=None, unit_raw=''","Revisar y mapear a una unidad canonical (ud, m2, m3, ml, kg, t, h, l, %, pa).",warning
unit_rare_or_empty,RPR010,"Formación de revoco liso de espesor mínimo 10 mm, mediante la aplicación manual sobre un paramento previamente enfoscado (no incluido en este precio), de dos capas de mortero de cal aérea apagada; la ","unit_normalized=None, unit_raw=''","Revisar y mapear a una unidad canonical (ud, m2, m3, ml, kg, t, h, l, %, pa).",warning
unit_rare_or_empty,RPR040,"Formación de revoco a la tirolesa mediante la aplicación manual sobre el zócalo de un paramento exterior, acabado con cualquier superficie soporte (no incluida en este precio), de varias capas de mort","unit_normalized=None, unit_raw=''","Revisar y mapear a una unidad canonical (ud, m2, m3, ml, kg, t, h, l, %, pa).",warning
unit_rare_or_empty,RPS020,"Formación de estuco mate de cal en frío mediante la aplicación manual sobre un paramento vertical interior, previamente enyesado maestreado (no incluido en este precio), de tres capas de preparado de ","unit_normalized=None, unit_raw=''","Revisar y mapear a una unidad canonical (ud, m2, m3, ml, kg, t, h, l, %, pa).",warning
unit_rare_or_empty,RQO010b,"Formación en fachadas de revestimiento continuo de 15 mm de espesor, impermeable al agua de lluvia, con mortero monocapa para la impermeabilización y decoración de fachadas, tipo OC CSIII W2, según UN","unit_normalized=None, unit_raw=''","Revisar y mapear a una unidad canonical (ud, m2, m3, ml, kg, t, h, l, %, pa).",warning
unit_rare_or_empty,RQO010c,"Formación en fachadas de revestimiento continuo de 15 mm de espesor, impermeable al agua de lluvia, con mortero monocapa para la impermeabilización y decoración de fachadas, tipo OC CSIII W2, según UN","unit_normalized=None, unit_raw=''","Revisar y mapear a una unidad canonical (ud, m2, m3, ml, kg, t, h, l, %, pa).",warning
unit_rare_or_empty,RSA020,"Formación de capa fina de pasta niveladora de suelos CT - C20 - F6 según UNE-EN 13813, de 2 mm de espesor, aplicada manualmente, para la regularización y nivelación de la superficie soporte interior d","unit_normalized=None, unit_raw=''","Revisar y mapear a una unidad canonical (ud, m2, m3, ml, kg, t, h, l, %, pa).",warning
unit_rare_or_empty,RSA021,"Formación de capa fina de mortero autonivelante de cemento, MasterTop 544 ""BASF"", CT - C40 - F6 - AR0,5, según UNE-EN 13813, de 5 mm de espesor, aplicada manualmente, para la regularización y nivelaci","unit_normalized=None, unit_raw=''","Revisar y mapear a una unidad canonical (ud, m2, m3, ml, kg, t, h, l, %, pa).",warning
unit_rare_or_empty,RSB005,"Formación de base para pavimento de gravilla de machaqueo de 5 a 10 mm de diámetro, en capa de 5 cm de espesor. Incluso p/p de replanteo y marcado de los niveles de acabado y regularización de la supe","unit_normalized=None, unit_raw=''","Revisar y mapear a una unidad canonical (ud, m2, m3, ml, kg, t, h, l, %, pa).",warning
unit_rare_or_empty,RSB010,"Formación de base para pavimento de mortero de cemento CEM II/B-P 32,5 N tipo M-10, de 5 cm de espesor, maestreada y fratasada. Incluso p/p de replanteo y marcado de los niveles de acabado, colocación","unit_normalized=None, unit_raw=''","Revisar y mapear a una unidad canonical (ud, m2, m3, ml, kg, t, h, l, %, pa).",warning
unit_rare_or_empty,RSB015,"Formación de base para pavimento de hormigón ligero, de resistencia a compresión 2,0 MPa y 690 kg/m³ de densidad, confeccionado en obra con arcilla expandida, de granulometría comprendida entre 2 y 10","unit_normalized=None, unit_raw=''","Revisar y mapear a una unidad canonical (ud, m2, m3, ml, kg, t, h, l, %, pa).",warning
unit_rare_or_empty,RSB016,"Formación de base para pavimento de microcemento, de mortero de cemento CEM II/B-P 32,5 N tipo M-10 con acabado de cemento cola y mallatex, de 4 cm de espesor, maestreada y fratasada. Incluso p/p de r","unit_normalized=None, unit_raw=''","Revisar y mapear a una unidad canonical (ud, m2, m3, ml, kg, t, h, l, %, pa).",warning
unit_rare_or_empty,RSB020,"Formación de base para pavimento interior, con mortero de cemento autonivelante mortero autonivelante de cemento CT - C15 - F3 según UNE-EN 13813, de 40 mm de espesor, sobre suelo radiante como integr","unit_normalized=None, unit_raw=''","Revisar y mapear a una unidad canonical (ud, m2, m3, ml, kg, t, h, l, %, pa).",warning
unit_rare_or_empty,RSC010,"Suministro y colocación de pavimento de baldosas de terrazo micrograno (menor o igual a 6 mm) para interior, clasificado de uso normal según UNE-EN 13748-1, de 40x40 cm, en posesión de certificados de","unit_normalized=None, unit_raw=''","Revisar y mapear a una unidad canonical (ud, m2, m3, ml, kg, t, h, l, %, pa).",warning
unit_rare_or_empty,RSC010e,"Suministro y colocación de pavimento de baldosas de terrazo grano medio (entre 6 y 27 mm) para interior, clasificado de uso intensivo según UNE-EN 13748-1, de 40x40 cm, en posesión de certificados de ","unit_normalized=None, unit_raw=''","Revisar y mapear a una unidad canonical (ud, m2, m3, ml, kg, t, h, l, %, pa).",warning
unit_rare_or_empty,RSC020,"Suministro y colocación de rodapié de terrazo micrograno (menor o igual a 6 mm), color Marfil, de 40x7 cm, con el canto rebajado y un grado de pulido de 220, recibido con adhesivo cementoso. Incluso r","unit_normalized=None, unit_raw=''","Revisar y mapear a una unidad canonical (ud, m2, m3, ml, kg, t, h, l, %, pa).",warning
unit_rare_or_empty,RSC020b,"Suministro y colocación de rodapié de terrazo grano medio (entre 6 y 27 mm), color Marfil, de 40x7 cm, con el canto biselado y un grado de pulido de 220, recibido con adhesivo cementoso. Incluso rejun","unit_normalized=None, unit_raw=''","Revisar y mapear a una unidad canonical (ud, m2, m3, ml, kg, t, h, l, %, pa).",warning
unit_rare_or_empty,RSC030,"Ejecución en obra de pulido mediante máquina pulidora y abrillantado mediante máquina de abrillantar con plato de lana de acero o esponja sintética, de pavimento interior de terrazo; el pulido constar","unit_normalized=None, unit_raw=''","Revisar y mapear a una unidad canonical (ud, m2, m3, ml, kg, t, h, l, %, pa).",warning
unit_rare_or_empty,RSC030b,"Ejecución en obra de abrillantado mediante máquina de abrillantar con plato de lana de acero o esponja sintética, de pavimento interior de terrazo; el abrillantado se realizará mediante el método del ","unit_normalized=None, unit_raw=''","Revisar y mapear a una unidad canonical (ud, m2, m3, ml, kg, t, h, l, %, pa).",warning
unit_rare_or_empty,RSG010g,"Suministro y ejecución de pavimento mediante el método de colocación en capa fina, de baldosas cerámicas de gres esmaltado, de 30x30 cm, 26,83 €/m², capacidad de absorción de agua E<3%, grupo BIb, seg","unit_normalized=None, unit_raw=''","Revisar y mapear a una unidad canonical (ud, m2, m3, ml, kg, t, h, l, %, pa).",warning
unit_rare_or_empty,RSG010h,"Suministro y ejecución de pavimento mediante el método de colocación en capa fina, de baldosas cerámicas de gres porcelánico,, de 41x41 cm, 42,35 €/m², capacidad de absorción de agua E<0,5%, grupo BIa","unit_normalized=None, unit_raw=''","Revisar y mapear a una unidad canonical (ud, m2, m3, ml, kg, t, h, l, %, pa).",warning
unit_rare_or_empty,RSG010j,"Suministro y ejecución de pavimento mediante el método de colocación en capa fina, de baldosín catalán, acabado mate o natural, de 14x28 cm, 38,55 €/m², capacidad de absorción de agua 6%<E<=10%, grupo","unit_normalized=None, unit_raw=''","Revisar y mapear a una unidad canonical (ud, m2, m3, ml, kg, t, h, l, %, pa).",warning
unit_rare_or_empty,RSG011,"Suministro y ejecución de pavimento mediante el método de colocación en capa gruesa, de baldosín catalán, acabado mate o natural, de 15x15 cm, 38,55 €/m², capacidad de absorción de agua 6%<E<=10%, gru","unit_normalized=None, unit_raw=''","Revisar y mapear a una unidad canonical (ud, m2, m3, ml, kg, t, h, l, %, pa).",warning
unit_rare_or_empty,RSG011b,"Suministro y ejecución de pavimento mediante el método de colocación en capa gruesa, de baldosas cerámicas de gres esmaltado, de 30x30 cm, 26,83 €/m², capacidad de absorción de agua E<3%, grupo BIb, s","unit_normalized=None, unit_raw=''","Revisar y mapear a una unidad canonical (ud, m2, m3, ml, kg, t, h, l, %, pa).",warning
unit_rare_or_empty,RSG012,"Suministro y ejecución de pavimento mediante el método de colocación en capa fina, mosaico de gres esmaltado, de 2,5x2,5 cm, 16,04 €/m², capacidad de absorción de agua E<3%, grupo BIb, según UNE-EN 14","unit_normalized=None, unit_raw=''","Revisar y mapear a una unidad canonical (ud, m2, m3, ml, kg, t, h, l, %, pa).",warning
unit_rare_or_empty,RSG020,"Suministro y colocación de rodapié cerámico de gres porcelánico, de 7 cm, 15,42 €/m, recibido con adhesivo cementoso C2 y rejuntado con mortero de juntas cementoso, CG1, para junta mínima (entre 1,5 y","unit_normalized=None, unit_raw=''","Revisar y mapear a una unidad canonical (ud, m2, m3, ml, kg, t, h, l, %, pa).",warning
unit_rare_or_empty,RSG020b,"Suministro y colocación de rodapié cerámico de gres esmaltado de 7 cm, 10,79 €/m, recibido con adhesivo cementoso y rejuntado con mortero de juntas cementoso, CG1, para junta mínima (entre 1,5 y 3 mm)","unit_normalized=None, unit_raw=''","Revisar y mapear a una unidad canonical (ud, m2, m3, ml, kg, t, h, l, %, pa).",warning
unit_rare_or_empty,RSG090,"Suministro y ejecución de pavimento mediante el método de colocación en capa gruesa, de baldosas extrusionadas de barro cocido de elaboración mecánica, hexagonales, de 20x20 cm, capacidad de absorción","unit_normalized=None, unit_raw=''","Revisar y mapear a una unidad canonical (ud, m2, m3, ml, kg, t, h, l, %, pa).",warning
unit_rare_or_empty,RSG090b,"Suministro y ejecución de pavimento mediante el método de colocación en capa gruesa, de baldosas extrusionadas de barro cocido de elaboración mecánica, de 20x20 cm, capacidad de absorción de agua 6%<E","unit_normalized=None, unit_raw=''","Revisar y mapear a una unidad canonical (ud, m2, m3, ml, kg, t, h, l, %, pa).",warning
unit_rare_or_empty,RSG090e,"Suministro y ejecución de pavimento mediante el método de colocación en capa gruesa, de baldosas extrusionadas de barro cocido de elaboración mecánica, de 30x30 cm, capacidad de absorción de agua 6%<E","unit_normalized=None, unit_raw=''","Revisar y mapear a una unidad canonical (ud, m2, m3, ml, kg, t, h, l, %, pa).",warning
unit_rare_or_empty,RSG091,"Suministro y colocación de rodapié cerámico de barro cocido de elaboración manual, 30x8,5x2,2 cm, recibido con mortero de cemento M-10. Incluso rejuntado con mortero de cemento M-10 y limpieza.","unit_normalized=None, unit_raw=''","Revisar y mapear a una unidad canonical (ud, m2, m3, ml, kg, t, h, l, %, pa).",warning
unit_rare_or_empty,RSG091e,"Suministro y colocación de rodapié cerámico extrusionado de barro cocido de elaboración mecánica, 20x8x1,5 cm, para interiores, recibido con mortero de cemento M-10. Incluso rejuntado con mortero de c","unit_normalized=None, unit_raw=''","Revisar y mapear a una unidad canonical (ud, m2, m3, ml, kg, t, h, l, %, pa).",warning
unit_rare_or_empty,RSJ010,"Tarima para exterior, formada por tablas macizas de madera tecnológica (WPC) con fibras de madera y polietileno, de 20x127x2440 mm, una cara vista con textura de madera, fijadas mediante el sistema de","unit_normalized=None, unit_raw=''","Revisar y mapear a una unidad canonical (ud, m2, m3, ml, kg, t, h, l, %, pa).",warning
unit_rare_or_empty,RSM020,"Suministro y colocación de entarimado tradicional formado por tablas machihembradas de madera maciza de roble, de 70x22 mm, colocadas a rompejuntas sobre rastreles de madera de pino de 50x25 mm, fijad","unit_normalized=None, unit_raw=''","Revisar y mapear a una unidad canonical (ud, m2, m3, ml, kg, t, h, l, %, pa).",warning
unit_rare_or_empty,RSM020b,"Suministro y colocación de entarimado tradicional formado por tablas machihembradas de madera maciza de jatoba, de 70x22 mm, colocadas a rompejuntas sobre rastreles de madera de pino de 50x25 mm, fija","unit_normalized=None, unit_raw=''","Revisar y mapear a una unidad canonical (ud, m2, m3, ml, kg, t, h, l, %, pa).",warning
unit_rare_or_empty,RSM020c,"Suministro y colocación de entarimado tradicional formado por tablas machihembradas de madera maciza de roble, de 70x22 mm, colocadas en espiga sobre rastreles de madera de pino de 50x25 mm, fijados m","unit_normalized=None, unit_raw=''","Revisar y mapear a una unidad canonical (ud, m2, m3, ml, kg, t, h, l, %, pa).",warning
unit_rare_or_empty,RSM021b,"Suministro y colocación de tarima flotante formada por tablas machihembradas de madera maciza de haya, de 22 mm de espesor, barnizada en fábrica con dos manos de barniz de secado ultravioleta y dos ma","unit_normalized=None, unit_raw=''","Revisar y mapear a una unidad canonical (ud, m2, m3, ml, kg, t, h, l, %, pa).",warning
unit_rare_or_empty,RSM021d,"Suministro y colocación de tarima flotante formada por tablas machihembradas de madera maciza de roble, de 22 mm de espesor, barnizada en fábrica con dos manos de barniz de secado ultravioleta y dos m","unit_normalized=None, unit_raw=''","Revisar y mapear a una unidad canonical (ud, m2, m3, ml, kg, t, h, l, %, pa).",warning
unit_rare_or_empty,RSM022,"Tarima para exterior, formada por tablas de madera maciza, de ipé, de 22x100x800/2800 mm, resistencia al deslizamiento clase 3, según CTE DB SU, fijadas mediante el sistema de fijación oculta sobre ra","unit_normalized=None, unit_raw=''","Revisar y mapear a una unidad canonical (ud, m2, m3, ml, kg, t, h, l, %, pa).",warning
unit_rare_or_empty,RSM030,"Suministro y colocación de parquet mosaico taraceado, formado por tablillas de madera de roble, de 120x24x8 mm, adosadas unas a otras pero no unidas entre sí, colocadas con adhesivo a base de poliuret","unit_normalized=None, unit_raw=''","Revisar y mapear a una unidad canonical (ud, m2, m3, ml, kg, t, h, l, %, pa).",warning
unit_rare_or_empty,RSM030g,"Suministro y colocación de parquet mosaico taraceado, formado por tablillas de madera de roble, de 120x24x8 mm, adosadas unas a otras pero no unidas entre sí, colocadas con adhesivo a base de poliuret","unit_normalized=None, unit_raw=''","Revisar y mapear a una unidad canonical (ud, m2, m3, ml, kg, t, h, l, %, pa).",warning
unit_rare_or_empty,RSM040,"Suministro y colocación de parquet flotante formado por lamas machihembradas de 2180x200x14 mm, constituidas por tres capas colocadas transversalmente, prensadas y encoladas entre sí, estando la capa ","unit_normalized=None, unit_raw=''","Revisar y mapear a una unidad canonical (ud, m2, m3, ml, kg, t, h, l, %, pa).",warning
unit_rare_or_empty,RSM040b,"Suministro y colocación de parquet flotante formado por lamas machihembradas de 2180x200x14 mm, constituidas por tres capas colocadas transversalmente, prensadas y encoladas entre sí, estando la capa ","unit_normalized=None, unit_raw=''","Revisar y mapear a una unidad canonical (ud, m2, m3, ml, kg, t, h, l, %, pa).",warning
unit_rare_or_empty,RSM040d,"Suministro y colocación de parquet flotante formado por lamas machihembradas de 2180x200x14 mm, constituidas por tres capas colocadas transversalmente, prensadas y encoladas entre sí, estando la capa ","unit_normalized=None, unit_raw=''","Revisar y mapear a una unidad canonical (ud, m2, m3, ml, kg, t, h, l, %, pa).",warning
unit_rare_or_empty,RSM050b,"Suministro y colocación de rodapié de aglomerado chapado de haya de 6x1,2 cm, clavado en paramento.","unit_normalized=None, unit_raw=''","Revisar y mapear a una unidad canonical (ud, m2, m3, ml, kg, t, h, l, %, pa).",warning
unit_rare_or_empty,RSM050c,"Suministro y colocación de rodapié de aglomerado chapado de roble de 6x1,2 cm, clavado en paramento.","unit_normalized=None, unit_raw=''","Revisar y mapear a una unidad canonical (ud, m2, m3, ml, kg, t, h, l, %, pa).",warning
unit_rare_or_empty,RSM050d,"Suministro y colocación de rodapié de aglomerado chapado de castaño de 6x1,2 cm, clavado en paramento.","unit_normalized=None, unit_raw=''","Revisar y mapear a una unidad canonical (ud, m2, m3, ml, kg, t, h, l, %, pa).",warning
unit_rare_or_empty,RSM050e,"Suministro y colocación de rodapié de aglomerado chapado de cerezo de 6x1,2 cm, clavado en paramento.","unit_normalized=None, unit_raw=''","Revisar y mapear a una unidad canonical (ud, m2, m3, ml, kg, t, h, l, %, pa).",warning
unit_rare_or_empty,RSP010,"Suministro y colocación de pavimento de baldosas de arenisca Caliza Capri, de 60x40x2 cm, acabado abujardado; recibidas con adhesivo cementoso mejorado, C2 TE, con deslizamiento reducido y tiempo abie","unit_normalized=None, unit_raw=''","Revisar y mapear a una unidad canonical (ud, m2, m3, ml, kg, t, h, l, %, pa).",warning
unit_rare_or_empty,RSP010b,"Suministro y colocación de pavimento de baldosas de arenisca Caliza Capri, de 60x40x2 cm, acabado apomazado; recibidas con adhesivo cementoso mejorado, C2 TE, con deslizamiento reducido y tiempo abier","unit_normalized=None, unit_raw=''","Revisar y mapear a una unidad canonical (ud, m2, m3, ml, kg, t, h, l, %, pa).",warning
unit_rare_or_empty,RSP010c,"Suministro y colocación de pavimento de baldosas de arenisca Caliza Capri, de 60x40x2 cm, acabado arenado; recibidas con adhesivo cementoso mejorado, C2 TE, con deslizamiento reducido y tiempo abierto","unit_normalized=None, unit_raw=''","Revisar y mapear a una unidad canonical (ud, m2, m3, ml, kg, t, h, l, %, pa).",warning
unit_rare_or_empty,RSP010d,"Suministro y colocación de pavimento de baldosas de mármol Crema Marfil Classic, de 60x30x2 cm, acabado pulido; recibidas con adhesivo cementoso mejorado, C2 TE, con deslizamiento reducido y tiempo ab","unit_normalized=None, unit_raw=''","Revisar y mapear a una unidad canonical (ud, m2, m3, ml, kg, t, h, l, %, pa).",warning
unit_rare_or_empty,RSP010e,"Suministro y colocación de pavimento de baldosas de mármol Blanco Macael, de 40x30x2 cm, acabado pulido; recibidas con adhesivo cementoso mejorado, C2 TE, con deslizamiento reducido y tiempo abierto a","unit_normalized=None, unit_raw=''","Revisar y mapear a una unidad canonical (ud, m2, m3, ml, kg, t, h, l, %, pa).",warning
unit_rare_or_empty,RSP010f,"Suministro y colocación de pavimento de baldosas de mármol Crema Mallorca, de 30x30x2 cm, acabado a pulir en obra; recibidas con adhesivo cementoso mejorado, C2 TE, con deslizamiento reducido y tiempo","unit_normalized=None, unit_raw=''","Revisar y mapear a una unidad canonical (ud, m2, m3, ml, kg, t, h, l, %, pa).",warning
unit_rare_or_empty,RSP010g,"Suministro y colocación de pavimento de baldosas de mármol Crema Mallorca, de 30x30x2 cm, acabado pulido; recibidas con adhesivo cementoso mejorado, C2 TE, con deslizamiento reducido y tiempo abierto ","unit_normalized=None, unit_raw=''","Revisar y mapear a una unidad canonical (ud, m2, m3, ml, kg, t, h, l, %, pa).",warning
unit_rare_or_empty,RSP010i,"Suministro y colocación de pavimento de baldosas de travertino Clásico, de 60x30x2 cm, acabado a pulir en obra; recibidas con adhesivo cementoso mejorado, C2 TE, con deslizamiento reducido y tiempo ab","unit_normalized=None, unit_raw=''","Revisar y mapear a una unidad canonical (ud, m2, m3, ml, kg, t, h, l, %, pa).",warning
unit_rare_or_empty,RSP010j,"Suministro y colocación de pavimento de baldosas de travertino Clásico, de 60x30x2 cm, acabado apomazado; recibidas con adhesivo cementoso mejorado, C2 TE, con deslizamiento reducido y tiempo abierto ","unit_normalized=None, unit_raw=''","Revisar y mapear a una unidad canonical (ud, m2, m3, ml, kg, t, h, l, %, pa).",warning
unit_rare_or_empty,RSP010k,"Suministro y colocación de pavimento de baldosas de travertino Clásico,de 60x30x2 cm, acabado pulido poro abierto; recibidas con adhesivo cementoso mejorado, C2 TE, con deslizamiento reducido y tiempo","unit_normalized=None, unit_raw=''","Revisar y mapear a una unidad canonical (ud, m2, m3, ml, kg, t, h, l, %, pa).",warning
unit_rare_or_empty,RSP010l,"Suministro y colocación de pavimento de baldosas de travertino Romano, de 60x30x2 cm, acabado pulido empastado transparente; recibidas con adhesivo cementoso mejorado, C2 TE, con deslizamiento reducid","unit_normalized=None, unit_raw=''","Revisar y mapear a una unidad canonical (ud, m2, m3, ml, kg, t, h, l, %, pa).",warning
unit_rare_or_empty,RSP010r,"Suministro y colocación de pavimento de baldosas de caliza de Binissalem, de 40x40x2 cm, acabado pulido; recibidas con adhesivo cementoso mejorado, C2 TE, con deslizamiento reducido y tiempo abierto a","unit_normalized=None, unit_raw=''","Revisar y mapear a una unidad canonical (ud, m2, m3, ml, kg, t, h, l, %, pa).",warning
unit_rare_or_empty,RSP010s,"Suministro y colocación de pavimento de baldosas de granito Gris Perla, de 60x40x2 cm, acabado pulido; recibidas con adhesivo cementoso mejorado, C2 TE, con deslizamiento reducido y tiempo abierto amp","unit_normalized=None, unit_raw=''","Revisar y mapear a una unidad canonical (ud, m2, m3, ml, kg, t, h, l, %, pa).",warning
unit_rare_or_empty,RSP012b,"Suministro y colocación de pavimento de baldosas de marés de Porreres, de 80x40x10 cm; recibidas con mortero de cemento M-5, confeccionado en obra sin retardantes. Incluso formación de juntas perimetr","unit_normalized=None, unit_raw=''","Revisar y mapear a una unidad canonical (ud, m2, m3, ml, kg, t, h, l, %, pa).",warning
unit_rare_or_empty,RSP020b,"Suministro y colocación de rodapié de mármol Crema Marfil Ivory, de 7x2 cm, pulido; recibido con adhesivo cementoso mejorado, C2 TE, con deslizamiento reducido y tiempo abierto ampliado. Incluso rejun","unit_normalized=None, unit_raw=''","Revisar y mapear a una unidad canonical (ud, m2, m3, ml, kg, t, h, l, %, pa).",warning
unit_rare_or_empty,RSP020c,"Suministro y colocación de rodapié de mármol Caliza Capri, de 7x2 cm, pulido; recibido con adhesivo cementoso mejorado, C2 TE, con deslizamiento reducido y tiempo abierto ampliado. Incluso rejuntado c","unit_normalized=None, unit_raw=''","Revisar y mapear a una unidad canonical (ud, m2, m3, ml, kg, t, h, l, %, pa).",warning
unit_rare_or_empty,RSP020e,"Suministro y colocación de rodapié de travertino Clásico, de 7x2 cm, apomazado; recibido con adhesivo cementoso mejorado, C2 TE, con deslizamiento reducido y tiempo abierto ampliado. Incluso rejuntado","unit_normalized=None, unit_raw=''","Revisar y mapear a una unidad canonical (ud, m2, m3, ml, kg, t, h, l, %, pa).",warning
unit_rare_or_empty,RSR005,"Formación de pavimento continuo de microcemento, de 3 mm de espesor, realizado sobre superficie absorbente, mediante la aplicación sucesiva de: capa de imprimación monocomponente, diluida en dos parte","unit_normalized=None, unit_raw=''","Revisar y mapear a una unidad canonical (ud, m2, m3, ml, kg, t, h, l, %, pa).",warning
unit_rare_or_empty,RSS031,"Pavimento vinílico homogéneo, de 2,0 mm de espesor, con tratamiento de protección superficial a base de poliuretano, color a elegir, suministrado en losetas de 61x61 cm; peso total: 3150 g/m²; clasifi","unit_normalized=None, unit_raw=''","Revisar y mapear a una unidad canonical (ud, m2, m3, ml, kg, t, h, l, %, pa).",warning
unit_rare_or_empty,RST010,"Pavimento de moqueta de fibra sintética 100% poliamida, tipo bucle, fabricada por proceso tufting, suministrada en rollos de 4x20 m. Colocación en obra: con adhesivo de contacto, sobre capa fina de ni","unit_normalized=None, unit_raw=''","Revisar y mapear a una unidad canonical (ud, m2, m3, ml, kg, t, h, l, %, pa).",warning
unit_rare_or_empty,RSU010,"Suministro y colocación de baldosas hidráulicas cuadradas, de 20x20 cm, PVP 69,90 €/m2, lisa, color a elegir colocadas con adhesivo cementoso C1, con doble encolado, rejuntadas con mortero de juntas c","unit_normalized=None, unit_raw=''","Revisar y mapear a una unidad canonical (ud, m2, m3, ml, kg, t, h, l, %, pa).",warning
unit_rare_or_empty,RSU010b,"Suministro y colocación de baldosas hidráulicas hexagonales, de 25x25 cm, PVP 59,62 €/m2, lisa, color a elegir colocadas con adhesivo cementoso C1, con doble encolado, rejuntadas con mortero de juntas","unit_normalized=None, unit_raw=''","Revisar y mapear a una unidad canonical (ud, m2, m3, ml, kg, t, h, l, %, pa).",warning
unit_rare_or_empty,RSU030,"Suministro y colocación de rodapié hidráulico, de 25x12,5 cm, PVP 22,62 €/ml, decorado con dibujos variados para formar cenefa, tres colores a elegir, recibido con adhesivo cementoso C1, con doble enc","unit_normalized=None, unit_raw=''","Revisar y mapear a una unidad canonical (ud, m2, m3, ml, kg, t, h, l, %, pa).",warning
unit_rare_or_empty,RTA010,"Suministro y formación de falso techo continuo suspendido, situado a una altura menor de 4 m, constituido por placas de escayola con nervaduras, de 100x60 cm, con canto recto y acabado liso, suspendid","unit_normalized=None, unit_raw=''","Revisar y mapear a una unidad canonical (ud, m2, m3, ml, kg, t, h, l, %, pa).",warning
unit_rare_or_empty,RTA020,"Formación de tabica vertical en cambio de nivel de falso techo continuo, mediante placas de escayola con nervaduras y acabado liso recibidas con pasta de escayola, para cerrar un espacio de 20 cm de a","unit_normalized=None, unit_raw=''","Revisar y mapear a una unidad canonical (ud, m2, m3, ml, kg, t, h, l, %, pa).",warning
unit_rare_or_empty,RTA020d,"Suministro y montaje de falso techo continuo suspendido, situado a una altura menor de 4 m, con nivel de calidad del acabado estándar (Q2), liso (15), formado por una placas de yeso laminado de 15 mm.","unit_normalized=None, unit_raw=''","Revisar y mapear a una unidad canonical (ud, m2, m3, ml, kg, t, h, l, %, pa).",warning
unit_rare_or_empty,RTA022,"Formación de encuentro entre el falso techo continuo de placas de escayola y el paramento vertical, mediante la fijación al paramento de moldura prefabricada de escayola de 4x4 cm, para apoyo perimetr","unit_normalized=None, unit_raw=''","Revisar y mapear a una unidad canonical (ud, m2, m3, ml, kg, t, h, l, %, pa).",warning
unit_rare_or_empty,RTA022b,"Formación de encuentro entre el falso techo continuo de placas de escayola y el paramento vertical, mediante la formación de un foseado perimetral de escayola de 4 cm; dejando una separación mínima de","unit_normalized=None, unit_raw=''","Revisar y mapear a una unidad canonical (ud, m2, m3, ml, kg, t, h, l, %, pa).",warning
unit_rare_or_empty,RTA022c,"Formación de encuentro entre el falso techo continuo de placas de escayola y el paramento vertical, mediante la formación de junta elástica perimetral con banda de poliestireno, a la que se atestará l","unit_normalized=None, unit_raw=''","Revisar y mapear a una unidad canonical (ud, m2, m3, ml, kg, t, h, l, %, pa).",warning
unit_rare_or_empty,RTB025,"Suministro y montaje de falso techo registrable, situado a una altura menor de 4 m, constituido por placas de escayola fisuradas, suspendido del forjado mediante perfilería vista acabado lacado, color","unit_normalized=None, unit_raw=''","Revisar y mapear a una unidad canonical (ud, m2, m3, ml, kg, t, h, l, %, pa).",warning
unit_rare_or_empty,RTB028,"Suministro y montaje de falso techo registrable, situado a una altura menor de 4 m, constituido por placas de escayola, lisas, de 600x600 mm y 28 mm de espesor, suspendido del forjado mediante perfile","unit_normalized=None, unit_raw=''","Revisar y mapear a una unidad canonical (ud, m2, m3, ml, kg, t, h, l, %, pa).",warning
unit_rare_or_empty,RTC015c,"Suministro y montaje de falso techo continuo adosado, situado a una altura menor de 4 m, con nivel de calidad del acabado estándar (Q2), liso (15+15+27+27), con resistencia al fuego EI 60, formado por","unit_normalized=None, unit_raw=''","Revisar y mapear a una unidad canonical (ud, m2, m3, ml, kg, t, h, l, %, pa).",warning
unit_rare_or_empty,RTC021,"Suministro y montaje de trampilla de registro de acero, de 300x300 mm, formada por marco, puerta, cierre y brazo de seguridad, para falso techo continuo de placas de yeso laminado. Incluso accesorios ","unit_normalized=None, unit_raw=''","Revisar y mapear a una unidad canonical (ud, m2, m3, ml, kg, t, h, l, %, pa).",warning
unit_rare_or_empty,RTC021b,"Suministro y montaje de trampilla de registro de acero, de 600x600 mm, formada por marco, puerta, cierre y brazo de seguridad, para falso techo continuo de placas de yeso laminado. Incluso accesorios ","unit_normalized=None, unit_raw=''","Revisar y mapear a una unidad canonical (ud, m2, m3, ml, kg, t, h, l, %, pa).",warning
unit_rare_or_empty,RVE010,"Suministro y colocación de espejo de luna incolora de 3 mm de espesor, con pintura de protección, color plata, por su cara posterior, fijado con masilla al paramento. Incluso canteado perimetral, y ma","unit_normalized=None, unit_raw=''","Revisar y mapear a una unidad canonical (ud, m2, m3, ml, kg, t, h, l, %, pa).",warning
unit_rare_or_empty,RVE010c,"Suministro y colocación de espejo de luna incolora de 3 mm de espesor, con pintura de protección, color plata, por su cara posterior, fijado con masilla al paramento. Incluso canteado perimetral, bise","unit_normalized=None, unit_raw=''","Revisar y mapear a una unidad canonical (ud, m2, m3, ml, kg, t, h, l, %, pa).",warning
unit_rare_or_empty,RVE010d,"Suministro y colocación de espejo de luna incolora de 5 mm de espesor, con pintura de protección, color plata, por su cara posterior, fijado con masilla al paramento. Incluso canteado perimetral, bise","unit_normalized=None, unit_raw=''","Revisar y mapear a una unidad canonical (ud, m2, m3, ml, kg, t, h, l, %, pa).",warning
unit_rare_or_empty,RVE010g,"Suministro y colocación de espejo de luna de color de 3 mm de espesor, con pintura de protección, color plata, por su cara posterior, fijado con masilla al paramento. Incluso canteado perimetral, y ma","unit_normalized=None, unit_raw=''","Revisar y mapear a una unidad canonical (ud, m2, m3, ml, kg, t, h, l, %, pa).",warning
unit_rare_or_empty,RVE010i,"Suministro y colocación de espejo de luna de color de 5 mm de espesor, con pintura de protección, color plata, por su cara posterior, fijado con masilla al paramento. Incluso canteado perimetral, bise","unit_normalized=None, unit_raw=''","Revisar y mapear a una unidad canonical (ud, m2, m3, ml, kg, t, h, l, %, pa).",warning
unit_rare_or_empty,SAC020,"Suministro e instalación de lavabo de porcelana sanitaria con pedestal,color blanco, de 520x410 mm, con grifería monomando, acabado cromado, con aireador y desagüe, acabado con sifón botella. Incluso ","unit_normalized=None, unit_raw=''","Revisar y mapear a una unidad canonical (ud, m2, m3, ml, kg, t, h, l, %, pa).",warning
unit_rare_or_empty,SAC020b,"Suministro e instalación de lavabo de porcelana sanitaria sobre encimera, color blanco, de 600x340 mm, con grifería monomando, acabado cromado, con aireador y desagüe, acabado con sifón botella. Inclu","unit_normalized=None, unit_raw=''","Revisar y mapear a una unidad canonical (ud, m2, m3, ml, kg, t, h, l, %, pa).",warning
unit_rare_or_empty,SAC020c,"Suministro e instalación de lavabo de porcelana sanitaria con pedestal, color blanco, de 650x510 mm, con grifería monomando, acabado cromado, con aireador y desagüe, acabado con sifón botella. Incluso","unit_normalized=None, unit_raw=''","Revisar y mapear a una unidad canonical (ud, m2, m3, ml, kg, t, h, l, %, pa).",warning
unit_rare_or_empty,SAC020d,"Suministro e instalación de inodoro de porcelana sanitaria con tanque bajo color blanco, compuesto de taza, asiento, tapa especial, mecanismo de doble descarga, salida dual con juego de fijación y cod","unit_normalized=None, unit_raw=''","Revisar y mapear a una unidad canonical (ud, m2, m3, ml, kg, t, h, l, %, pa).",warning
unit_rare_or_empty,SAC020e,"Suministro e instalación de inodoro de porcelana sanitaria, suspendido, adosado a muro, con salida orientable para conexión horizontal, blanco, de 485x385 mm, con asiento y tapa lacados, con cisterna ","unit_normalized=None, unit_raw=''","Revisar y mapear a una unidad canonical (ud, m2, m3, ml, kg, t, h, l, %, pa).",warning
unit_rare_or_empty,SAC020g,"Suministro e instalación de bidé de porcelana sanitaria color blanco, con tapa lacada y bisagras de acero inoxidable, con grifería monomando, acabado cromado, con aireador y desagüe, color blanco. Inc","unit_normalized=None, unit_raw=''","Revisar y mapear a una unidad canonical (ud, m2, m3, ml, kg, t, h, l, %, pa).",warning
unit_rare_or_empty,SAC020h,"Suministro e instalación de bañera acrílica, color blanco, de 150x70 cm, sin asas, con grifería monomando, gama básica, acabado cromado. Incluso conexión a las redes de agua fría y caliente y a la red","unit_normalized=None, unit_raw=''","Revisar y mapear a una unidad canonical (ud, m2, m3, ml, kg, t, h, l, %, pa).",warning
unit_rare_or_empty,SAC020i,"Suministro e instalación de bañera acrílica color blanco, de 160x70 cm, sin asas, con grifería monomando, acabado cromado. Incluso conexión a las redes de agua fría y caliente y a la red de evacuación","unit_normalized=None, unit_raw=''","Revisar y mapear a una unidad canonical (ud, m2, m3, ml, kg, t, h, l, %, pa).",warning
unit_rare_or_empty,SAC020j,"Suministro e instalación de bañera de acero color blanco, de 140x70 cm, sin asas, con grifería monomando, acabado cromado. Incluso conexión a las redes de agua fría y caliente y a la red de evacuación","unit_normalized=None, unit_raw=''","Revisar y mapear a una unidad canonical (ud, m2, m3, ml, kg, t, h, l, %, pa).",warning
unit_rare_or_empty,SAC020k,"Suministro e instalación de bañera de acero color blanco, de 150x70 cm, sin asas, con grifería monomando, acabado cromado. Incluso conexión a las redes de agua fría y caliente y a la red de evacuación","unit_normalized=None, unit_raw=''","Revisar y mapear a una unidad canonical (ud, m2, m3, ml, kg, t, h, l, %, pa).",warning
unit_rare_or_empty,SAC020l,"Suministro e instalación de bañera de acero color blanco, de 160x70 cm, sin asas, con grifería monomando, acabado cromado. Incluso conexión a las redes de agua fría y caliente y a la red de evacuación","unit_normalized=None, unit_raw=''","Revisar y mapear a una unidad canonical (ud, m2, m3, ml, kg, t, h, l, %, pa).",warning
unit_rare_or_empty,SAC020m,"Suministro e instalación de bañera de hierro fundido color blanco, de 140x70 cm, sin asas, con grifería monomando, acabado cromado. Incluso conexión a las redes de agua fría y caliente y a la red de e","unit_normalized=None, unit_raw=''","Revisar y mapear a una unidad canonical (ud, m2, m3, ml, kg, t, h, l, %, pa).",warning
unit_rare_or_empty,SAC020n,"Suministro e instalación de bañera de hierro fundido color blanco, de 150x70 cm, sin asas, con grifería monomando, acabado cromado. Incluso conexión a las redes de agua fría y caliente y a la red de e","unit_normalized=None, unit_raw=''","Revisar y mapear a una unidad canonical (ud, m2, m3, ml, kg, t, h, l, %, pa).",warning
unit_rare_or_empty,SAC020o,"Suministro e instalación de bañera de hierro fundido color blanco, de 160x70 cm, sin asas, con grifería monomando, acabado cromado. Incluso conexión a las redes de agua fría y caliente y a la red de e","unit_normalized=None, unit_raw=''","Revisar y mapear a una unidad canonical (ud, m2, m3, ml, kg, t, h, l, %, pa).",warning
unit_rare_or_empty,SAC020p,"Suministro e instalación de plato de ducha acrílico, de 75x75 cm, con juego de desagüe, con grifería monomando, acabado cromado. Incluso conexión a las redes de agua fría y caliente y a la red de evac","unit_normalized=None, unit_raw=''","Revisar y mapear a una unidad canonical (ud, m2, m3, ml, kg, t, h, l, %, pa).",warning
unit_rare_or_empty,SAC020q,"Suministro e instalación de plato de ducha de porcelana sanitaria color blanco, 80x80x10 cm, con grifería monomando, acabado cromado. Incluso conexión a las redes de agua fría y caliente y a la red de","unit_normalized=None, unit_raw=''","Revisar y mapear a una unidad canonical (ud, m2, m3, ml, kg, t, h, l, %, pa).",warning
unit_rare_or_empty,SAC020r,"Suministro e instalación de plato de ducha de porcelana sanitaria color blanco, 90x90x10 cm, con grifería monomando, acabado cromado. Incluso conexión a las redes de agua fría y caliente y a la red de","unit_normalized=None, unit_raw=''","Revisar y mapear a una unidad canonical (ud, m2, m3, ml, kg, t, h, l, %, pa).",warning
unit_rare_or_empty,SAC020s,"Suministro e instalación de urinario de porcelana sanitaria, con alimentación y desagüe vistos, color blanco, de 250x320 mm, grifería temporizada, acabado cromado, de 82x70 mm y desagüe visto, color b","unit_normalized=None, unit_raw=''","Revisar y mapear a una unidad canonical (ud, m2, m3, ml, kg, t, h, l, %, pa).",warning
unit_rare_or_empty,SAC020t,"Suministro e instalación de vertedero de porcelana sanitaria, monobloque, color blanco, de 540x415 mm, grifería monomando empotrada para vertedero, acabado cromado, de 246x120 mm. Incluso conexión a l","unit_normalized=None, unit_raw=''","Revisar y mapear a una unidad canonical (ud, m2, m3, ml, kg, t, h, l, %, pa).",warning
unit_rare_or_empty,SCF010,"Suministro e instalación de fregadero de acero inoxidable para instalación en encimera, de 1 cubeta, de 450x490 mm, con válvula de desagüe, equipado con grifo mezclador monomando mural para fregadero,","unit_normalized=None, unit_raw=''","Revisar y mapear a una unidad canonical (ud, m2, m3, ml, kg, t, h, l, %, pa).",warning
unit_rare_or_empty,SCF010b,"Suministro e instalación de fregadero de acero inoxidable para instalación en encimera, de 1 cubeta y 1 escurridor, de 800x490 mm, con válvula de desagüe, equipado con grifo mezclador monomando mural ","unit_normalized=None, unit_raw=''","Revisar y mapear a una unidad canonical (ud, m2, m3, ml, kg, t, h, l, %, pa).",warning
unit_rare_or_empty,SCF010c,"Suministro e instalación de fregadero de acero inoxidable para instalación en encimera, de 2 cubetas, de 800x490 mm, con válvulas de desagüe, equipado con grifo mezclador monomando mural para fregader","unit_normalized=None, unit_raw=''","Revisar y mapear a una unidad canonical (ud, m2, m3, ml, kg, t, h, l, %, pa).",warning
unit_rare_or_empty,SCF010d,"Suministro e instalación de fregadero de acero inoxidable para instalación en encimera, de 2 cubetas y 1 escurridor, de 1200x490 mm, con válvulas de desagüe, equipado con grifo mezclador monomando mur","unit_normalized=None, unit_raw=''","Revisar y mapear a una unidad canonical (ud, m2, m3, ml, kg, t, h, l, %, pa).",warning
unit_rare_or_empty,SCF010e,"Suministro e instalación de fregadero para empotrar en encimera, de gres, de 1 cubeta, color blanco, de 500x500 mm, con válvula con desagüe, equipado con grifo mezclador monomando mural para fregadero","unit_normalized=None, unit_raw=''","Revisar y mapear a una unidad canonical (ud, m2, m3, ml, kg, t, h, l, %, pa).",warning
unit_rare_or_empty,SCF010f,"Suministro e instalación de fregadero de empotrar en encimera, de gres, de 1 cubeta y 1 escurridor, color blanco, de 860x500 mm, con válvula con desagüe, para encimera de cocina, equipado con grifo me","unit_normalized=None, unit_raw=''","Revisar y mapear a una unidad canonical (ud, m2, m3, ml, kg, t, h, l, %, pa).",warning
unit_rare_or_empty,SCF010g,"Suministro e instalación de fregadero de empotrar en encimera, de gres, de 2 cubetas, color blanco, de 860x500 mm, con válvula con desagüe, para encimera de cocina, equipado con grifo mezclador monoma","unit_normalized=None, unit_raw=''","Revisar y mapear a una unidad canonical (ud, m2, m3, ml, kg, t, h, l, %, pa).",warning
unit_rare_or_empty,SCF020,"Suministro e instalación de lavadero de porcelana sanitaria, color blanco, de 600x390x360 mm, con mueble soporte de tablero aglomerado, de 378x555x786 mm, equipado con grifería, compuesta de caño gira","unit_normalized=None, unit_raw=''","Revisar y mapear a una unidad canonical (ud, m2, m3, ml, kg, t, h, l, %, pa).",warning
unit_rare_or_empty,SGB020,"Suministro y colocación de grifería monomando formada por grifo mezclador monomando mural para baño/ducha, de latón, acabado cromado, con cartucho cerámico, aireador, inversor, equipo de ducha formado","unit_normalized=None, unit_raw=''","Revisar y mapear a una unidad canonical (ud, m2, m3, ml, kg, t, h, l, %, pa).",warning
unit_rare_or_empty,SGD020,"Suministro y colocación de grifería monomando formada por grifo mezclador monomando mural para ducha, de latón, acabado cromado, con cartucho cerámico, aireador, inversor, equipo de ducha formado por ","unit_normalized=None, unit_raw=''","Revisar y mapear a una unidad canonical (ud, m2, m3, ml, kg, t, h, l, %, pa).",warning
unit_rare_or_empty,SGE020,"Suministro y colocación de grifería monomando formada por grifo mezclador monomando de repisa para bidé, de latón, acabado cromado, con cartucho cerámico, aireador y sin desagüe automático. Incluso el","unit_normalized=None, unit_raw=''","Revisar y mapear a una unidad canonical (ud, m2, m3, ml, kg, t, h, l, %, pa).",warning
unit_rare_or_empty,SGF020,"Suministro y colocación de grifería monomando formada por grifo mezclador monomando de repisa para fregadero, de latón, acabado cromado, con cartucho cerámico, caño alto giratorio y aireador. Incluso ","unit_normalized=None, unit_raw=''","Revisar y mapear a una unidad canonical (ud, m2, m3, ml, kg, t, h, l, %, pa).",warning
unit_rare_or_empty,SGL020,"Suministro y colocación de grifería monomando formada por grifo mezclador monomando de repisa para lavabo, de latón, acabado cromado, con cartucho cerámico, aireador y sin desagüe automático. Incluso ","unit_normalized=None, unit_raw=''","Revisar y mapear a una unidad canonical (ud, m2, m3, ml, kg, t, h, l, %, pa).",warning
unit_rare_or_empty,SGU010,"Suministro y colocación de grifería temporizada, instalación vista formada por grifo de paso recto mural para urinario, con tiempo de flujo de 5 segundos, caudal de 9 l/min, para colocación en superfi","unit_normalized=None, unit_raw=''","Revisar y mapear a una unidad canonical (ud, m2, m3, ml, kg, t, h, l, %, pa).",warning
unit_rare_or_empty,SNA010,"Suministro y colocación de encimera de aglomerado de cuarzo blanco, acabado pulido, 60 cm de anchura y 2 cm de espesor, canto simple recto, con los bordes ligeramente biselados, formación de 1 hueco c","unit_normalized=None, unit_raw=''","Revisar y mapear a una unidad canonical (ud, m2, m3, ml, kg, t, h, l, %, pa).",warning
unit_rare_or_empty,SNP010,"Suministro y colocación de encimera de granito nacional, Gris Perla pulido de 60 cm de anchura y 2 cm de espesor, canto simple recto, con los bordes ligeramente biselados, formación de 1 hueco con sus","unit_normalized=None, unit_raw=''","Revisar y mapear a una unidad canonical (ud, m2, m3, ml, kg, t, h, l, %, pa).",warning
unit_rare_or_empty,SPA010,"Asiento para minusválidos, rehabilitación y tercera edad, colocado en pared, abatible, de aluminio y nylon, de dimensiones totales 480x450 mm. Incluso elementos de fijación.","unit_normalized=None, unit_raw=''","Revisar y mapear a una unidad canonical (ud, m2, m3, ml, kg, t, h, l, %, pa).",warning
unit_rare_or_empty,SPA020,"Asa de sujeción para minusválidos, rehabilitación y tercera edad, para bañera, acabado cromado, de 349 mm de longitud. Incluso elementos de fijación.","unit_normalized=None, unit_raw=''","Revisar y mapear a una unidad canonical (ud, m2, m3, ml, kg, t, h, l, %, pa).",warning
unit_rare_or_empty,SPA020b,"Barra de sujeción para minusválidos, rehabilitación y tercera edad, para inodoro, colocada en pared, abatible, con forma de U, de acero inoxidable AISI 304 acabado mate, de dimensiones totales 790x130","unit_normalized=None, unit_raw=''","Revisar y mapear a una unidad canonical (ud, m2, m3, ml, kg, t, h, l, %, pa).",warning
unit_rare_or_empty,SPD010,"Plato de ducha acrílico, rectangular, color blanco, de 1200x800x40 mm, con fondo antideslizante, lámina impermeabilizante premontada, sifón individual y rejilla de desagüe de acero inoxidable, empotra","unit_normalized=None, unit_raw=''","Revisar y mapear a una unidad canonical (ud, m2, m3, ml, kg, t, h, l, %, pa).",warning
unit_rare_or_empty,SPL010,"Lavabo de porcelana sanitaria, mural, de altura regulable, de 680x580 mm, equipado con grifo monomando con caño extraíble de accionamiento por palanca, cuerpo de latón cromado y flexible de 1,25 m de ","unit_normalized=None, unit_raw=''","Revisar y mapear a una unidad canonical (ud, m2, m3, ml, kg, t, h, l, %, pa).",warning
unit_rare_or_empty,UAA010b,"Formación de arqueta sifónica, registrable, enterrada, construida con fábrica de ladrillo cerámico hueco, de 1/2 pie de espesor, recibido con mortero de cemento M-5, de dimensiones interiores 50x50x50","unit_normalized=None, unit_raw=''","Revisar y mapear a una unidad canonical (ud, m2, m3, ml, kg, t, h, l, %, pa).",warning
unit_rare_or_empty,UAA010g,"Formación de arqueta de paso, registrable, enterrada, construida con fábrica de ladrillo cerámico hueco, de 1/2 pie de espesor, recibido con mortero de cemento M-5, de dimensiones interiores 50x50x50 ","unit_normalized=None, unit_raw=''","Revisar y mapear a una unidad canonical (ud, m2, m3, ml, kg, t, h, l, %, pa).",warning
unit_rare_or_empty,UAA010h,"Formación de arqueta de paso, registrable, enterrada, construida con fábrica de ladrillo cerámico hueco, de 1/2 pie de espesor, recibido con mortero de cemento M-5, de dimensiones interiores 60x60x50 ","unit_normalized=None, unit_raw=''","Revisar y mapear a una unidad canonical (ud, m2, m3, ml, kg, t, h, l, %, pa).",warning
unit_rare_or_empty,UAA010i,"Formación de arqueta de paso, registrable, enterrada, construida con fábrica de ladrillo cerámico hueco, de 1/2 pie de espesor, recibido con mortero de cemento M-5, de dimensiones interiores 70x70x50 ","unit_normalized=None, unit_raw=''","Revisar y mapear a una unidad canonical (ud, m2, m3, ml, kg, t, h, l, %, pa).",warning
unit_rare_or_empty,UAA010j,"Formación de arqueta de paso, registrable, enterrada, construida con fábrica de ladrillo cerámico hueco, de 1/2 pie de espesor, recibido con mortero de cemento M-5, de dimensiones interiores 60x60x80 ","unit_normalized=None, unit_raw=''","Revisar y mapear a una unidad canonical (ud, m2, m3, ml, kg, t, h, l, %, pa).",warning
unit_rare_or_empty,UAA010l,"Formación de arqueta de paso, registrable, enterrada, construida con fábrica de ladrillo cerámico hueco, de 1/2 pie de espesor, recibido con mortero de cemento M-5, de dimensiones interiores 70x70x90 ","unit_normalized=None, unit_raw=''","Revisar y mapear a una unidad canonical (ud, m2, m3, ml, kg, t, h, l, %, pa).",warning
unit_rare_or_empty,UAA011b,"Formación de arqueta sifónica enterrada, de hormigón en masa ""in situ"" HM-30/B/20/I+Qb, de dimensiones interiores 40x40x50 cm, sobre solera de hormigón en masa de 15 cm de espesor, con sifón formado p","unit_normalized=None, unit_raw=''","Revisar y mapear a una unidad canonical (ud, m2, m3, ml, kg, t, h, l, %, pa).",warning
unit_rare_or_empty,UAA012,"Suministro y montaje de arqueta de paso enterrada, de PVC, con un cuerpo de Ø 250 mm, tres entradas (dos de Ø 110 mm y una de Ø 160 mm) y una salida de Ø 160 mm, sobre solera de hormigón en masa HM-20","unit_normalized=None, unit_raw=''","Revisar y mapear a una unidad canonical (ud, m2, m3, ml, kg, t, h, l, %, pa).",warning
unit_rare_or_empty,UAA012b,"Suministro y montaje de arqueta sifónica enterrada, de PVC, con un cuerpo de Ø 250 mm, tres entradas (dos de Ø 110 mm y una de Ø 160 mm) y una salida de Ø 160 mm, sobre solera de hormigón en masa HM-2","unit_normalized=None, unit_raw=''","Revisar y mapear a una unidad canonical (ud, m2, m3, ml, kg, t, h, l, %, pa).",warning
unit_rare_or_empty,UAA012c,"Suministro y montaje de arqueta decantadora enterrada, de PVC, con un cuerpo de Ø 250 mm, tres entradas (dos de Ø 110 mm y una de Ø 160 mm) y una salida de Ø 160 mm, sobre solera de hormigón en masa H","unit_normalized=None, unit_raw=''","Revisar y mapear a una unidad canonical (ud, m2, m3, ml, kg, t, h, l, %, pa).",warning
unit_rare_or_empty,UAC010,"Suministro y montaje de colector enterrado en terreno no agresivo, con refuerzo bajo calzada, formado por tubo de PVC liso, serie SN-4, rigidez anular nominal 4 kN/m², de 110 mm de diámetro exterior y","unit_normalized=None, unit_raw=''","Revisar y mapear a una unidad canonical (ud, m2, m3, ml, kg, t, h, l, %, pa).",warning
unit_rare_or_empty,UAC010d,"Suministro y montaje de colector enterrado en terreno no agresivo, con refuerzo bajo calzada, formado por tubo de PVC liso, serie SN-4, rigidez anular nominal 4 kN/m², de 125 mm de diámetro exterior y","unit_normalized=None, unit_raw=''","Revisar y mapear a una unidad canonical (ud, m2, m3, ml, kg, t, h, l, %, pa).",warning
unit_rare_or_empty,UAC010f,"Suministro y montaje de colector enterrado en terreno no agresivo, con refuerzo bajo calzada, formado por tubo de PVC liso, serie SN-4, rigidez anular nominal 4 kN/m², de 160 mm de diámetro exterior y","unit_normalized=None, unit_raw=''","Revisar y mapear a una unidad canonical (ud, m2, m3, ml, kg, t, h, l, %, pa).",warning
unit_rare_or_empty,UAC010j,"Suministro y montaje de colector enterrado en terreno no agresivo, con refuerzo bajo calzada, formado por tubo de PVC liso, serie SN-4, rigidez anular nominal 4 kN/m², de 200 mm de diámetro exterior y","unit_normalized=None, unit_raw=''","Revisar y mapear a una unidad canonical (ud, m2, m3, ml, kg, t, h, l, %, pa).",warning
unit_rare_or_empty,UAI010b,"Formación de sumidero longitudinal con paredes de fábrica de ladrillo cerámico hueco, recibido con mortero de cemento, industrial, M-5, enfoscada y bruñida interiormente con mortero de cemento, indust","unit_normalized=None, unit_raw=''","Revisar y mapear a una unidad canonical (ud, m2, m3, ml, kg, t, h, l, %, pa).",warning
unit_rare_or_empty,UAI012,"Suministro y montaje de canaleta prefabricada de PVC,con piezas de 500 mm de longitud, 130 mm de anchura y 64 mm de altura con rejilla de garaje de fundición, clase B-125 según UNE-EN 124 y UNE-EN 143","unit_normalized=None, unit_raw=''","Revisar y mapear a una unidad canonical (ud, m2, m3, ml, kg, t, h, l, %, pa).",warning
unit_rare_or_empty,UAI020,"Suministro y montaje de imbornal prefabricado de hormigón fck=25 MPa, de 50x30x60 cm de medidas interiores, para recogida de aguas pluviales, colocado sobre solera de hormigón en masa HM-20/P/20/I de ","unit_normalized=None, unit_raw=''","Revisar y mapear a una unidad canonical (ud, m2, m3, ml, kg, t, h, l, %, pa).",warning
unit_rare_or_empty,UAI020b,"Suministro y montaje de imbornal prefabricado de hormigón fck=25 MPa, de 60x30x75 cm de medidas interiores, para recogida de aguas pluviales, colocado sobre solera de hormigón en masa HM-20/P/20/I de ","unit_normalized=None, unit_raw=''","Revisar y mapear a una unidad canonical (ud, m2, m3, ml, kg, t, h, l, %, pa).",warning
unit_rare_or_empty,UAP010,"Formación de pozo de registro de fábrica de ladrillo cerámico hueco de 1 pie de espesor, de 1,00 m de diámetro interior y de 1,6 m de altura útil interior, formado por: solera de 25 cm de espesor de h","unit_normalized=None, unit_raw=''","Revisar y mapear a una unidad canonical (ud, m2, m3, ml, kg, t, h, l, %, pa).",warning
unit_rare_or_empty,UAP010b,"Formación de pozo de registro de hormigón en masa ""in situ"", de 1,00 m de diámetro interior y de 1,6 m de altura útil interior, formado por: solera de 25 cm de espesor de hormigón armado HA-30/B/20/II","unit_normalized=None, unit_raw=''","Revisar y mapear a una unidad canonical (ud, m2, m3, ml, kg, t, h, l, %, pa).",warning
unit_rare_or_empty,UAP010c,"Formación de pozo de registro de fábrica de ladrillo cerámico hueco de 1 pie de espesor, de 0,80 m de diámetro interior y de 1,6 m de altura útil interior, formado por: solera de 25 cm de espesor de h","unit_normalized=None, unit_raw=''","Revisar y mapear a una unidad canonical (ud, m2, m3, ml, kg, t, h, l, %, pa).",warning
unit_rare_or_empty,UDB010,"Suministro e instalación de pavimento de césped sintético, formado por césped sintético, compuesto de mechones rectos prefibrilados de 5/16"" de fibra 100% polipropileno resistente a los rayos UV, 8800","unit_normalized=None, unit_raw=''","Revisar y mapear a una unidad canonical (ud, m2, m3, ml, kg, t, h, l, %, pa).",warning
unit_rare_or_empty,UDB020,"Instalación de base elástica geodrenante compuesta de geomembrana para drenaje, de 7 mm de espesor, formada por dos láminas geotextiles de filtración y alma drenante de monofilamentos de polipropileno","unit_normalized=None, unit_raw=''","Revisar y mapear a una unidad canonical (ud, m2, m3, ml, kg, t, h, l, %, pa).",warning
unit_rare_or_empty,UDB030,"Formación de banda de unión para césped sintético en instalaciones deportivas, realizada con membrana geotextil multicapa, impermeable y reforzada, compuesta de poliolefinas termoplásticas, provista d","unit_normalized=None, unit_raw=''","Revisar y mapear a una unidad canonical (ud, m2, m3, ml, kg, t, h, l, %, pa).",warning
unit_rare_or_empty,UDE010,"Suministro y colocación de equipamiento deportivo para pista de tenis, formado por red de nylon reforzado, postes de apoyo y accesorios reglamentarios, según normativa federativa. Incluso anclajes de ","unit_normalized=None, unit_raw=''","Revisar y mapear a una unidad canonical (ud, m2, m3, ml, kg, t, h, l, %, pa).",warning
unit_rare_or_empty,UDH010,"Formación de pavimento continuo exterior para pista deportiva, de 10 cm de espesor de hormigón en masa, realizado con hormigón HM-15/B/20/I fabricado en central y vertido desde camión; tratado superfi","unit_normalized=None, unit_raw=''","Revisar y mapear a una unidad canonical (ud, m2, m3, ml, kg, t, h, l, %, pa).",warning
unit_rare_or_empty,UDR010,"Formación de revestimiento continuo sintético, formado por la aplicación sucesiva de una capa de regularización y acondicionamiento de la superficie con una mezcla de mortero acrílico, para regulariza","unit_normalized=None, unit_raw=''","Revisar y mapear a una unidad canonical (ud, m2, m3, ml, kg, t, h, l, %, pa).",warning
unit_rare_or_empty,UDR020,"Marcado y señalización de pista de tenis, sobre pavimento de resinas sintéticas, con líneas de 5 cm de ancho, continuas o discontinuas, en color a elegir, mediante aplicación de pintura acrílica mate ","unit_normalized=None, unit_raw=''","Revisar y mapear a una unidad canonical (ud, m2, m3, ml, kg, t, h, l, %, pa).",warning
unit_rare_or_empty,UFF010,"Formación de firme flexible para tráfico pesado T0 sobre explanada E3, compuesto por: capa de 25 cm de espesor de suelocemento formada por la mezcla en central de material granular para la fabricación","unit_normalized=None, unit_raw=''","Revisar y mapear a una unidad canonical (ud, m2, m3, ml, kg, t, h, l, %, pa).",warning
unit_rare_or_empty,UFF010b,"Formación de firme flexible para tráfico pesado T2 sobre explanada E1, compuesto por: capa granular de 40 cm de espesor de zahorra artificial ZA25, coeficiente de Los Ángeles <30, adecuada para tráfic","unit_normalized=None, unit_raw=''","Revisar y mapear a una unidad canonical (ud, m2, m3, ml, kg, t, h, l, %, pa).",warning
unit_rare_or_empty,UHI010,"Formación de hornacina de 70x100x30 cm, de fábrica de ladrillo cerámico hueco doble Castellano H6, para revestir, 24x12x7,9 cm, recibida con mortero de cemento industrial, color gris, M-5, suministrad","unit_normalized=None, unit_raw=''","Revisar y mapear a una unidad canonical (ud, m2, m3, ml, kg, t, h, l, %, pa).",warning
unit_rare_or_empty,UHP010,"Suministro y colocación de hornacina prefabricada de hormigón, para alojamiento de caja de protección y medida de energía eléctrica, de 76x25x120 cm de dimensiones exteriores, formada por cemento, ári","unit_normalized=None, unit_raw=''","Revisar y mapear a una unidad canonical (ud, m2, m3, ml, kg, t, h, l, %, pa).",warning
unit_rare_or_empty,UIA010,"Suministro y montaje de arqueta de conexión eléctrica, prefabricada de hormigón, sin fondo, registrable, de 40x40x40 cm de medidas interiores, con paredes rebajadas para la entrada de tubos, capaz de ","unit_normalized=None, unit_raw=''","Revisar y mapear a una unidad canonical (ud, m2, m3, ml, kg, t, h, l, %, pa).",warning
unit_rare_or_empty,UII010,"Suministro y montaje de baliza cuadrada con distribución de luz radialmente simétrica, de 400x400x455 mm, para 1 lámpara de halogenuros metálicos HIT-CE de 35 W, con cuerpo de aluminio inyectado, alum","unit_normalized=None, unit_raw=''","Revisar y mapear a una unidad canonical (ud, m2, m3, ml, kg, t, h, l, %, pa).",warning
unit_rare_or_empty,UII020,"Suministro y montaje de farola con distribución de luz radialmente simétrica, con luminaria cilíndrica de 140 mm de diámetro y 1400 mm de altura, columna cilíndrica de plástico de 2600 mm, para 2 lámp","unit_normalized=None, unit_raw=''","Revisar y mapear a una unidad canonical (ud, m2, m3, ml, kg, t, h, l, %, pa).",warning
unit_rare_or_empty,UIP010,"Suministro y montaje de proyector para jardín, de 150 mm de diámetro y 220 mm de altura, para 1 lámpara fluorescente compacta TCA-SE de 16 W, con cuerpo de poliamida reforzada con fibra de vidrio, vid","unit_normalized=None, unit_raw=''","Revisar y mapear a una unidad canonical (ud, m2, m3, ml, kg, t, h, l, %, pa).",warning
unit_rare_or_empty,UIV010,"Suministro y montaje de farola para alumbrado viario compuesta de columna troncocónica de acero galvanizado de 3 mm de espesor, de 4000 mm de altura, acabado pintado, con caja de conexión y protección","unit_normalized=None, unit_raw=''","Revisar y mapear a una unidad canonical (ud, m2, m3, ml, kg, t, h, l, %, pa).",warning
unit_rare_or_empty,UJA010,"Desbroce del terreno, con medios manuales, mediante desbrozadora equipada con disco de dientes de sierra. Incluso p/p de troceado y apilado para facilitar su posterior carga, en función de las condici","unit_normalized=None, unit_raw=''","Revisar y mapear a una unidad canonical (ud, m2, m3, ml, kg, t, h, l, %, pa).",warning
unit_rare_or_empty,UJA020,"Retirada y carga sobre camión o contenedor de los materiales de desbroce previamente troceados y apilados, con medios manuales, sin incluir transporte a vertedero autorizado.","unit_normalized=None, unit_raw=''","Revisar y mapear a una unidad canonical (ud, m2, m3, ml, kg, t, h, l, %, pa).",warning
unit_rare_or_empty,UJA030,"Despedregado del terreno suelto, con medios manuales. Incluso p/p de acopio y carga sobre camión o contenedor, sin incluir transporte a vertedero autorizado.","unit_normalized=None, unit_raw=''","Revisar y mapear a una unidad canonical (ud, m2, m3, ml, kg, t, h, l, %, pa).",warning
unit_rare_or_empty,UJA040,"Arado del terreno suelto o compacto, hasta una profundidad de 20 cm, con medios mecánicos, mediante tractor agrícola equipado con rotovator, efectuando dos pasadas cruzadas. Incluso p/p de remates per","unit_normalized=None, unit_raw=''","Revisar y mapear a una unidad canonical (ud, m2, m3, ml, kg, t, h, l, %, pa).",warning
unit_rare_or_empty,UJA050,"Aporte de tierra vegetal cribada, suministrada a granel y extendida con medios mecánicos, mediante retroexcavadora, en capas de espesor uniforme y sin producir daños a las plantas existentes. Incluso ","unit_normalized=None, unit_raw=''","Revisar y mapear a una unidad canonical (ud, m2, m3, ml, kg, t, h, l, %, pa).",warning
unit_rare_or_empty,UJA060,"Abonado de fondo de terreno suelto con abono mineral sólido de liberación rápida, extendido con medios manuales, con un rendimiento de 0,05 kg/m², procurando un reparto uniforme. Incluso p/p de prepar","unit_normalized=None, unit_raw=''","Revisar y mapear a una unidad canonical (ud, m2, m3, ml, kg, t, h, l, %, pa).",warning
unit_rare_or_empty,UJC010,"Suministro e instalación de tepe de césped. Incluso p/p de preparación del terreno, aporte de tierras y primer riego.","unit_normalized=None, unit_raw=''","Revisar y mapear a una unidad canonical (ud, m2, m3, ml, kg, t, h, l, %, pa).",warning
unit_rare_or_empty,UJC020,"Formación de césped por siembra de mezcla de semillas de lodium, agrostis, festuca y poa. Incluso p/p de preparación del terreno, aporte de tierras y primer riego.","unit_normalized=None, unit_raw=''","Revisar y mapear a una unidad canonical (ud, m2, m3, ml, kg, t, h, l, %, pa).",warning
unit_rare_or_empty,UJP010,"Suministro, apertura de hoyo de 60x60x60 cm por medios mecánicos y plantación de Mimosa plateada (Acacia dealbata), suministrado en contenedor. Incluso aportación de tierra vegetal seleccionada y crib","unit_normalized=None, unit_raw=''","Revisar y mapear a una unidad canonical (ud, m2, m3, ml, kg, t, h, l, %, pa).",warning
unit_rare_or_empty,UJP010b,"Suministro, apertura de hoyo de 60x60x60 cm por medios mecánicos y plantación de Brachichiton (Brachychiton acerifolium), suministrado en contenedor. Incluso aportación de tierra vegetal seleccionada ","unit_normalized=None, unit_raw=''","Revisar y mapear a una unidad canonical (ud, m2, m3, ml, kg, t, h, l, %, pa).",warning
unit_rare_or_empty,UJP010bb,"Suministro, apertura de hoyo de 110x110x70 cm por medios mecánicos y plantación de Olivo (Olea europaea), de 60 a 80 cm de diámetro, suministrado con cepellón. Incluso aportación de tierra vegetal sel","unit_normalized=None, unit_raw=''","Revisar y mapear a una unidad canonical (ud, m2, m3, ml, kg, t, h, l, %, pa).",warning
unit_rare_or_empty,UJP010bc,"Suministro, apertura de hoyo de 120x120x70 cm por medios mecánicos y plantación de Olivo (Olea europaea), de 80 a 100 cm de diámetro, suministrado con cepellón. Incluso aportación de tierra vegetal se","unit_normalized=None, unit_raw=''","Revisar y mapear a una unidad canonical (ud, m2, m3, ml, kg, t, h, l, %, pa).",warning
unit_rare_or_empty,UJP010bd,"Suministro, apertura de hoyo de 140x140x75 cm por medios mecánicos y plantación de Olivo (Olea europaea), de 100 a 125 cm de diámetro, suministrado con cepellón. Incluso aportación de tierra vegetal s","unit_normalized=None, unit_raw=''","Revisar y mapear a una unidad canonical (ud, m2, m3, ml, kg, t, h, l, %, pa).",warning
unit_rare_or_empty,UJP010c,"Suministro, apertura de hoyo de 60x60x60 cm por medios mecánicos y plantación de Eucalipto (Eucalyptus globulus), suministrado en contenedor. Incluso aportación de tierra vegetal seleccionada y cribad","unit_normalized=None, unit_raw=''","Revisar y mapear a una unidad canonical (ud, m2, m3, ml, kg, t, h, l, %, pa).",warning
unit_rare_or_empty,UJP010d,"Suministro, apertura de hoyo de 60x60x60 cm por medios mecánicos y plantación de Higuera herrumbrosa (Ficus rubiginosa), suministrado en contenedor. Incluso aportación de tierra vegetal seleccionada y","unit_normalized=None, unit_raw=''","Revisar y mapear a una unidad canonical (ud, m2, m3, ml, kg, t, h, l, %, pa).",warning
unit_rare_or_empty,UJP010e,"Suministro, apertura de hoyo de 60x60x60 cm por medios mecánicos y plantación de Aligustre (Ligustrum japonicum), suministrado en contenedor. Incluso aportación de tierra vegetal seleccionada y cribad","unit_normalized=None, unit_raw=''","Revisar y mapear a una unidad canonical (ud, m2, m3, ml, kg, t, h, l, %, pa).",warning
unit_rare_or_empty,UJP010f,"Suministro, apertura de hoyo de 60x60x60 cm por medios mecánicos y plantación de Jacaranda (Jacaranda mimosifolia), suministrado en contenedor. Incluso aportación de tierra vegetal seleccionada y crib","unit_normalized=None, unit_raw=''","Revisar y mapear a una unidad canonical (ud, m2, m3, ml, kg, t, h, l, %, pa).",warning
unit_rare_or_empty,UJP010g,"Suministro, apertura de hoyo de 60x60x60 cm por medios mecánicos y plantación de Arce americano (Acer negundo), suministrado en contenedor. Incluso aportación de tierra vegetal seleccionada y cribada,","unit_normalized=None, unit_raw=''","Revisar y mapear a una unidad canonical (ud, m2, m3, ml, kg, t, h, l, %, pa).",warning
unit_rare_or_empty,UJP010h,"Suministro, apertura de hoyo de 60x60x60 cm por medios mecánicos y plantación de Fresno (Fraxinus angustifolia), suministrado en contenedor. Incluso aportación de tierra vegetal seleccionada y cribada","unit_normalized=None, unit_raw=''","Revisar y mapear a una unidad canonical (ud, m2, m3, ml, kg, t, h, l, %, pa).",warning
unit_rare_or_empty,UJP010i,"Suministro, apertura de hoyo de 60x60x60 cm por medios mecánicos y plantación de Nogal común (Juglans regia), suministrado en contenedor. Incluso aportación de tierra vegetal seleccionada y cribada, s","unit_normalized=None, unit_raw=''","Revisar y mapear a una unidad canonical (ud, m2, m3, ml, kg, t, h, l, %, pa).",warning
unit_rare_or_empty,UJP010j,"Suministro, apertura de hoyo de 60x60x60 cm por medios mecánicos y plantación de Plátano de sombra (Platanus x hispanica), suministrado en contenedor. Incluso aportación de tierra vegetal seleccionada","unit_normalized=None, unit_raw=''","Revisar y mapear a una unidad canonical (ud, m2, m3, ml, kg, t, h, l, %, pa).",warning
unit_rare_or_empty,UJP010k,"Suministro, apertura de hoyo de 60x60x60 cm por medios mecánicos y plantación de Árbol del amor (Cercis siliquastrum), suministrado en contenedor. Incluso aportación de tierra vegetal seleccionada y c","unit_normalized=None, unit_raw=''","Revisar y mapear a una unidad canonical (ud, m2, m3, ml, kg, t, h, l, %, pa).",warning
unit_rare_or_empty,UJP010l,"Suministro, apertura de hoyo de 60x60x60 cm por medios mecánicos y plantación de Ailanto (Ailanthus altissima), suministrado en contenedor. Incluso aportación de tierra vegetal seleccionada y cribada,","unit_normalized=None, unit_raw=''","Revisar y mapear a una unidad canonical (ud, m2, m3, ml, kg, t, h, l, %, pa).",warning
unit_rare_or_empty,UJP010m,"Suministro, apertura de hoyo de 60x60x60 cm por medios mecánicos y plantación de Almez (Celtis australis), suministrado en contenedor. Incluso aportación de tierra vegetal seleccionada y cribada, subs","unit_normalized=None, unit_raw=''","Revisar y mapear a una unidad canonical (ud, m2, m3, ml, kg, t, h, l, %, pa).",warning
unit_rare_or_empty,UJP010n,"Suministro, apertura de hoyo de 60x60x60 cm por medios mecánicos y plantación de Higuera (Ficus carica), suministrado en contenedor. Incluso aportación de tierra vegetal seleccionada y cribada, substr","unit_normalized=None, unit_raw=''","Revisar y mapear a una unidad canonical (ud, m2, m3, ml, kg, t, h, l, %, pa).",warning
unit_rare_or_empty,UJP010o,"Suministro, apertura de hoyo de 60x60x60 cm por medios mecánicos y plantación de Acacia negra (Gleditsia triacanthos), suministrado en contenedor. Incluso aportación de tierra vegetal seleccionada y c","unit_normalized=None, unit_raw=''","Revisar y mapear a una unidad canonical (ud, m2, m3, ml, kg, t, h, l, %, pa).",warning
unit_rare_or_empty,UJP010p,"Suministro, apertura de hoyo de 60x60x60 cm por medios mecánicos y plantación de Morera (Morus alba), suministrado en contenedor. Incluso aportación de tierra vegetal seleccionada y cribada, substrato","unit_normalized=None, unit_raw=''","Revisar y mapear a una unidad canonical (ud, m2, m3, ml, kg, t, h, l, %, pa).",warning
unit_rare_or_empty,UJP010q,"Suministro, apertura de hoyo de 60x60x60 cm por medios mecánicos y plantación de Sauce llorón (Salix babylonica), suministrado en contenedor. Incluso aportación de tierra vegetal seleccionada y cribad","unit_normalized=None, unit_raw=''","Revisar y mapear a una unidad canonical (ud, m2, m3, ml, kg, t, h, l, %, pa).",warning
unit_rare_or_empty,UJP010r,"Suministro, apertura de hoyo de 60x60x60 cm por medios mecánicos y plantación de Melia (Melia azedarach), suministrado en contenedor. Incluso aportación de tierra vegetal seleccionada y cribada, subst","unit_normalized=None, unit_raw=''","Revisar y mapear a una unidad canonical (ud, m2, m3, ml, kg, t, h, l, %, pa).",warning
unit_rare_or_empty,UJP010s,"Suministro, apertura de hoyo de 60x60x60 cm por medios mecánicos y plantación de Olmo de Siberia (Ulmus pumila), suministrado en contenedor. Incluso aportación de tierra vegetal seleccionada y cribada","unit_normalized=None, unit_raw=''","Revisar y mapear a una unidad canonical (ud, m2, m3, ml, kg, t, h, l, %, pa).",warning
unit_rare_or_empty,UJP010t,"Suministro, apertura de hoyo de 160x160x110 cm por medios mecánicos y plantación de Palmera datilera (Phoenix dactylifera) de procedencia nacional, de 3 a 4 m de altura, suministrado con cepellón. Inc","unit_normalized=None, unit_raw=''","Revisar y mapear a una unidad canonical (ud, m2, m3, ml, kg, t, h, l, %, pa).",warning
unit_rare_or_empty,UJP010v,"Suministro, apertura de hoyo de 160x160x110 cm por medios mecánicos y plantación de Palmera canaria (Phoenix canariensis) de procedencia nacional, de 3 a 4 m de altura, suministrado con cepellón. Incl","unit_normalized=None, unit_raw=''","Revisar y mapear a una unidad canonical (ud, m2, m3, ml, kg, t, h, l, %, pa).",warning
unit_rare_or_empty,UJP010x,"Suministro, apertura de hoyo de 160x160x110 cm por medios mecánicos y plantación de Palmera de abanicos (Washingtonia robusta) de procedencia nacional, de 3 a 4 m de altura, suministrado con cepellón.","unit_normalized=None, unit_raw=''","Revisar y mapear a una unidad canonical (ud, m2, m3, ml, kg, t, h, l, %, pa).",warning
unit_rare_or_empty,UJP010z,"Suministro, apertura de hoyo de 160x160x110 cm por medios mecánicos y plantación de Palmera de la fortuna (Trachycarpus fortunei) de procedencia nacional, de 3 a 4 m de altura, suministrado con cepell","unit_normalized=None, unit_raw=''","Revisar y mapear a una unidad canonical (ud, m2, m3, ml, kg, t, h, l, %, pa).",warning
unit_rare_or_empty,UJV020,"Formación de cerramiento natural de brezo, tejido con alambre galvanizado, suministrado en rollos de uno a dos metros de altura, sujeto con alambre galvanizado sobre un soporte existente (no incluido ","unit_normalized=None, unit_raw=''","Revisar y mapear a una unidad canonical (ud, m2, m3, ml, kg, t, h, l, %, pa).",warning
unit_rare_or_empty,UMA010b,"Formación de borde de delimitación de alcorque cuadrado, mediante el conjunto de cuatro piezas prefabricadas de hormigón de 80x80 cm y 60 cm de diámetro interior, gris, apoyado el conjunto sobre una s","unit_normalized=None, unit_raw=''","Revisar y mapear a una unidad canonical (ud, m2, m3, ml, kg, t, h, l, %, pa).",warning
unit_rare_or_empty,UMA020,"Suministro y montaje de reja de fundición, de 120x120 mm, para protección de alcorque, compuesta por un cuerpo de tres piezas: dos de ellas forman el cuadrado exterior y conforman un círculo interior ","unit_normalized=None, unit_raw=''","Revisar y mapear a una unidad canonical (ud, m2, m3, ml, kg, t, h, l, %, pa).",warning
unit_rare_or_empty,UMB010,"Suministro y colocación de banco con respaldo, de chapa perforada de acero galvanizado, de 180 cm de longitud, con soportes de sección rectangular, pintado, fijado con tacos y tornillos de acero a una","unit_normalized=None, unit_raw=''","Revisar y mapear a una unidad canonical (ud, m2, m3, ml, kg, t, h, l, %, pa).",warning
unit_rare_or_empty,UMB020,"Suministro y colocación de banco con respaldo, de listones de madera tropical de 4,0x4,0 cm, sencillo, de 170 cm de longitud, pintado y barnizado, con soportes de fundición y tornillos y pasadores de ","unit_normalized=None, unit_raw=''","Revisar y mapear a una unidad canonical (ud, m2, m3, ml, kg, t, h, l, %, pa).",warning
unit_rare_or_empty,UME010,"Suministro y colocación de papelera de acero electrozincado, con soporte vertical, de tipo basculante con llave, boca circular, de 60 litros de capacidad, de chapa perforada de 1 mm de espesor pintada","unit_normalized=None, unit_raw=''","Revisar y mapear a una unidad canonical (ud, m2, m3, ml, kg, t, h, l, %, pa).",warning
unit_rare_or_empty,UMF010,"Suministro y colocación de fuente de fundición de 1,25 m de altura, sección circular de 20 cm de diámetro, con un grifo de latón y desagüe en cubeta, fijada con tacos y tornillos de acero a una superf","unit_normalized=None, unit_raw=''","Revisar y mapear a una unidad canonical (ud, m2, m3, ml, kg, t, h, l, %, pa).",warning
unit_rare_or_empty,UMG005,"Suministro e instalación de conjunto de juegos infantiles, compuesto por columpio de tubo de acero pintado al horno, de 1 plaza, con colgadores de poliamida, asiento de poliuretano y rodamientos y cad","unit_normalized=None, unit_raw=''","Revisar y mapear a una unidad canonical (ud, m2, m3, ml, kg, t, h, l, %, pa).",warning
unit_rare_or_empty,UMH010,"Suministro y colocación de bolardo de fundición Palma de Mallorca, de 900x120 mm, acabado con pintura antioxidante de color negro, fijado con tacos y tornillos de acero a una superficie soporte (no in","unit_normalized=None, unit_raw=''","Revisar y mapear a una unidad canonical (ud, m2, m3, ml, kg, t, h, l, %, pa).",warning
unit_rare_or_empty,UMH015,"Suministro y colocación de bolardo de hormigón prefabricado de forma esférica, de 300 mm de diámetro y 450 mm de altura, con base empotrable, color gris, fijado con tacos y tornillos de acero a una su","unit_normalized=None, unit_raw=''","Revisar y mapear a una unidad canonical (ud, m2, m3, ml, kg, t, h, l, %, pa).",warning
unit_rare_or_empty,UMR030,"Suministro y colocación de pavimento absorbedor de impactos, en áreas de juegos infantiles, de baldosas de caucho reciclado SBR, con el borde machihembrado, color negro, de 500x500x30 mm, engarzadas e","unit_normalized=None, unit_raw=''","Revisar y mapear a una unidad canonical (ud, m2, m3, ml, kg, t, h, l, %, pa).",warning
unit_rare_or_empty,UNM010,"Formación de muro de contención de tierras de mampostería ordinaria de piedra caliza, a una cara vista, entre terrenos a distinto nivel, de hasta 3 m de altura, recibida con mortero de cemento industr","unit_normalized=None, unit_raw=''","Revisar y mapear a una unidad canonical (ud, m2, m3, ml, kg, t, h, l, %, pa).",warning
unit_rare_or_empty,UNM020,"Muro de contención de tierras de superficie plana, sin talón, de hormigón armado, de hasta 3 m de altura, realizado con hormigón HA-25/B/20/XC2 fabricado en central, y vertido con cubilote, y acero UN","unit_normalized=None, unit_raw=''","Revisar y mapear a una unidad canonical (ud, m2, m3, ml, kg, t, h, l, %, pa).",warning
unit_rare_or_empty,UNM020b,"Muro de contención de tierras de superficie plana, sin talón, de hormigón armado, de hasta 3 m de altura, realizado con hormigón HA-30/B/20/XC2 fabricado en central, y vertido con cubilote, y acero UN","unit_normalized=None, unit_raw=''","Revisar y mapear a una unidad canonical (ud, m2, m3, ml, kg, t, h, l, %, pa).",warning
unit_rare_or_empty,UNM021,"Montaje y desmontaje en una cara del muro, de sistema de encofrado a dos caras con acabado tipo industrial para revestir, realizado con paneles metálicos modulares para formación de muro de hormigón a","unit_normalized=None, unit_raw=''","Revisar y mapear a una unidad canonical (ud, m2, m3, ml, kg, t, h, l, %, pa).",warning
unit_rare_or_empty,UNM021c,"Montaje y desmontaje en una cara del muro, de sistema de encofrado a dos caras con acabado visto con textura lisa, realizado con tablero contrachapado fenólico con bastidor metálico para formación de ","unit_normalized=None, unit_raw=''","Revisar y mapear a una unidad canonical (ud, m2, m3, ml, kg, t, h, l, %, pa).",warning
unit_rare_or_empty,UPC010,"Suministro e instalación de equipo automático de clorado y sulfatado de agua con bomba dosificadora electrónica. Incluso regulador de cloro y PH, depósito de polietileno y tuberías de conexión. Totalm","unit_normalized=None, unit_raw=''","Revisar y mapear a una unidad canonical (ud, m2, m3, ml, kg, t, h, l, %, pa).",warning
unit_rare_or_empty,UPC020,"Suministro e instalación de cuadro eléctrico de mando y protección para piscina con caja estanca, diferencial de alta sensibilidad, arrancador, relé térmico de protección de motor, selectores, reloj p","unit_normalized=None, unit_raw=''","Revisar y mapear a una unidad canonical (ud, m2, m3, ml, kg, t, h, l, %, pa).",warning
unit_rare_or_empty,UPD010,"Suministro e instalación de equipo completo de depuración para piscina de 75 m³ de volumen, constituido por: EQUIPO DE FILTRACIÓN construido en poliéster reforzado con fibra de vidrio, colector de plá","unit_normalized=None, unit_raw=''","Revisar y mapear a una unidad canonical (ud, m2, m3, ml, kg, t, h, l, %, pa).",warning
unit_rare_or_empty,UPD020,"Suministro e instalación de electrobomba autoaspirante de polipropileno reforzado con fibra de vidrio, con una potencia de 0,43 kW, 3000 r.p.m., cierre mecánico de acero inoxidable AISI 316, motor así","unit_normalized=None, unit_raw=''","Revisar y mapear a una unidad canonical (ud, m2, m3, ml, kg, t, h, l, %, pa).",warning
unit_rare_or_empty,UPD020b,"Suministro e instalación de electrobomba autoaspirante de polipropileno reforzado con fibra de vidrio, con una potencia de 0,61 kW, 3000 r.p.m., cierre mecánico de acero inoxidable AISI 316, motor así","unit_normalized=None, unit_raw=''","Revisar y mapear a una unidad canonical (ud, m2, m3, ml, kg, t, h, l, %, pa).",warning
unit_rare_or_empty,UPD020c,"Suministro e instalación de electrobomba autoaspirante de polipropileno reforzado con fibra de vidrio, con una potencia de 0,78 kW, 3000 r.p.m., cierre mecánico de acero inoxidable AISI 316, motor así","unit_normalized=None, unit_raw=''","Revisar y mapear a una unidad canonical (ud, m2, m3, ml, kg, t, h, l, %, pa).",warning
unit_rare_or_empty,UPD030b,"Suministro e instalación de filtro de fibra de vidrio reforzada con resina de poliéster, de 600 mm de diámetro, con dos salidas de 2"", caudal de 15 m³/h y presión máxima de trabajo de 2,5 bar. Incluso","unit_normalized=None, unit_raw=''","Revisar y mapear a una unidad canonical (ud, m2, m3, ml, kg, t, h, l, %, pa).",warning
unit_rare_or_empty,UPD030c,"Suministro e instalación de filtro de fibra de vidrio reforzada con resina de poliéster, de 750 mm de diámetro, con dos salidas de 2"", caudal de 22 m³/h y presión máxima de trabajo de 2,5 bar. Incluso","unit_normalized=None, unit_raw=''","Revisar y mapear a una unidad canonical (ud, m2, m3, ml, kg, t, h, l, %, pa).",warning
unit_rare_or_empty,UPD040b,"Suministro e instalación de válvula selectora de resinas termoplásticas de ABS, de 6 vías, de 2"", sistema de cierre de la tapa por bayoneta y presión máxima de trabajo de 3,43 bar. Incluso elementos d","unit_normalized=None, unit_raw=''","Revisar y mapear a una unidad canonical (ud, m2, m3, ml, kg, t, h, l, %, pa).",warning
unit_rare_or_empty,UPD050,"Suministro e instalación de prefiltro de plástico, con dos salidas de 2"", caudal máximo 16,5 m³/h y presión máxima de trabajo de 2,5 bar, con válvula de purga de 3/4"", de acero inoxidable AISI 316. In","unit_normalized=None, unit_raw=''","Revisar y mapear a una unidad canonical (ud, m2, m3, ml, kg, t, h, l, %, pa).",warning
unit_rare_or_empty,UPE010,"Suministro y colocación de escalera de acceso para piscina, de tubo de 43 mm de diámetro, con 4 peldaños y pasamanos simétrico, de acero inoxidable AISI 304, acabado pulido brillante, fijada con ancla","unit_normalized=None, unit_raw=''","Revisar y mapear a una unidad canonical (ud, m2, m3, ml, kg, t, h, l, %, pa).",warning
unit_rare_or_empty,UPE040,"Suministro y colocación de ducha con grifo monomando para piscina, de 43 mm de diámetro, de acero inoxidable AISI 304, acabado pulido brillante, con rociador, válvula de apertura y grifo lavapiés, fij","unit_normalized=None, unit_raw=''","Revisar y mapear a una unidad canonical (ud, m2, m3, ml, kg, t, h, l, %, pa).",warning
unit_rare_or_empty,UPG010A,"Suministro de hormigón HA-30/F/12/XD2, proyectado por vía húmeda para formación de vaso de piscina, de 15 cm de espesor, con doble malla electrosoldada ME 20x20 Ø 5-5 B 500 T 6x2,20 UNE-EN 10080, y ar","unit_normalized=None, unit_raw=''","Revisar y mapear a una unidad canonical (ud, m2, m3, ml, kg, t, h, l, %, pa).",warning
unit_rare_or_empty,UPG010bA,"Suministro de hormigón HA-30/F/12/XD2, proyectado por vía húmeda para formación de vaso de piscina, de 20 cm de espesor, con doble malla electrosoldada ME 20x20 Ø 5-5 B 500 T 6x2,20 UNE-EN 10080, y ar","unit_normalized=None, unit_raw=''","Revisar y mapear a una unidad canonical (ud, m2, m3, ml, kg, t, h, l, %, pa).",warning
unit_rare_or_empty,UPI010,"Suministro e instalación de cuadro eléctrico para iluminación de piscina, con transformador eléctrico de 300 W y 230/12 V, para la alimentación de 3 focos, con las protecciones necesarias y conexión d","unit_normalized=None, unit_raw=''","Revisar y mapear a una unidad canonical (ud, m2, m3, ml, kg, t, h, l, %, pa).",warning
unit_rare_or_empty,UPI020,"Suministro e instalación de proyector de luz multicolor, de plástico, de color blanco, de 3 W de potencia, 36 led, alimentación a 12 Vcc, protección IP 675, para piscina de vaso de hormigón, con fijac","unit_normalized=None, unit_raw=''","Revisar y mapear a una unidad canonical (ud, m2, m3, ml, kg, t, h, l, %, pa).",warning
unit_rare_or_empty,UPI021,"Suministro e instalación de sistema limpiafondos integral compuesto de bomba con prefiltro 550, 1 distribuidor, 20 boquillas, 2 tomas de aspiración y 8 valvulas de esfera. Inluso parte proporcional de","unit_normalized=None, unit_raw=''","Revisar y mapear a una unidad canonical (ud, m2, m3, ml, kg, t, h, l, %, pa).",warning
unit_rare_or_empty,UPM010,"Suministro y colocación de skimmer con boca estándar, de resinas termoplásticas de ABS, color blanco, con tapa circular, flotador de compuerta, clapeta para regulación de caudal y cesto recogehojas, c","unit_normalized=None, unit_raw=''","Revisar y mapear a una unidad canonical (ud, m2, m3, ml, kg, t, h, l, %, pa).",warning
unit_rare_or_empty,UPM020,"Suministro y colocación de sumidero circular de piscina, de resinas termoplásticas de ABS, de 200 mm de diámetro, color blanco, de salida vertical de 40 mm de diámetro y horizontal de 50 mm de diámetr","unit_normalized=None, unit_raw=''","Revisar y mapear a una unidad canonical (ud, m2, m3, ml, kg, t, h, l, %, pa).",warning
unit_rare_or_empty,UPM040,"Suministro y colocación de boquilla de impulsión, de resinas termoplásticas de ABS, color blanco, para encolar a tubo de 50 mm de diámetro.","unit_normalized=None, unit_raw=''","Revisar y mapear a una unidad canonical (ud, m2, m3, ml, kg, t, h, l, %, pa).",warning
unit_rare_or_empty,UPM041,"Suministro y colocación de boquilla de aspiración, de resinas termoplásticas de ABS, color blanco, para encolar a tubo de 50 mm de diámetro.","unit_normalized=None, unit_raw=''","Revisar y mapear a una unidad canonical (ud, m2, m3, ml, kg, t, h, l, %, pa).",warning
unit_rare_or_empty,UPP010,"Piscina prefabricada de poliéster de 6,60x3,47x1,40 m (volumen 35 m³). Incluye: Preparación de la superficie de apoyo. Colocación y fijación de los diferentes equipos. Colocación y fijación de accesor","unit_normalized=None, unit_raw=''","Revisar y mapear a una unidad canonical (ud, m2, m3, ml, kg, t, h, l, %, pa).",warning
unit_rare_or_empty,UPP010b,"Piscina prefabricada de poliéster de 7,90x3,60x1,40 m (volumen 43 m³). Incluye: Preparación de la superficie de apoyo. Colocación y fijación de los diferentes equipos. Colocación y fijación de accesor","unit_normalized=None, unit_raw=''","Revisar y mapear a una unidad canonical (ud, m2, m3, ml, kg, t, h, l, %, pa).",warning
unit_rare_or_empty,UPP010c,"Piscina prefabricada de poliéster de 10,2x3,90x1,40 m (volumen 61 m³). Incluye: Preparación de la superficie de apoyo. Colocación y fijación de los diferentes equipos. Colocación y fijación de accesor","unit_normalized=None, unit_raw=''","Revisar y mapear a una unidad canonical (ud, m2, m3, ml, kg, t, h, l, %, pa).",warning
unit_rare_or_empty,UPP010e,"Piscina prefabricada de poliéster de 4,00x2,35x1,10 m (volumen 10 m³). Incluye: Preparación de la superficie de apoyo. Colocación y fijación de los diferentes equipos. Colocación y fijación de accesor","unit_normalized=None, unit_raw=''","Revisar y mapear a una unidad canonical (ud, m2, m3, ml, kg, t, h, l, %, pa).",warning
unit_rare_or_empty,UPR010,"Formación de borde de piscina con piezas prefabricadas de hormigón, antideslizantes, de 40x100 cm, color blanco, acabado cepillado, recibido con mortero de cemento, industrial, M-5. Incluso p/p de tra","unit_normalized=None, unit_raw=''","Revisar y mapear a una unidad canonical (ud, m2, m3, ml, kg, t, h, l, %, pa).",warning
unit_rare_or_empty,UPR020,"Formación de canaleta en borde de piscina compuesta por piezas prefabricadas de hormigón para recogida de aguas de 30 cm de ancho, colocadas sobre solera de hormigón en masa HM-20/B/20/I de 10 cm de e","unit_normalized=None, unit_raw=''","Revisar y mapear a una unidad canonical (ud, m2, m3, ml, kg, t, h, l, %, pa).",warning
unit_rare_or_empty,UPT010,"Suministro y colocación de revestimiento de mosaico de vidrio, serie lisa, de varios colores, formado por teselas de 25x25x6 mm, montadas sobre piezas de malla de 299x299 mm en suelos y paredes de vas","unit_normalized=None, unit_raw=''","Revisar y mapear a una unidad canonical (ud, m2, m3, ml, kg, t, h, l, %, pa).",warning
unit_rare_or_empty,URA010,"Suministro e instalación de acometida enterrada a la red de riego de 3,5 m de longitud, que une la red general de distribución de agua de riego de la empresa suministradora con la red de abastecimient","unit_normalized=None, unit_raw=''","Revisar y mapear a una unidad canonical (ud, m2, m3, ml, kg, t, h, l, %, pa).",warning
unit_rare_or_empty,URC010,"Preinstalación de contador de riego de 1/2"" DN 15 mm, colocado en hornacina, conectado al ramal de acometida y al ramal de abastecimiento y distribución, formada por dos llaves de corte de esfera de l","unit_normalized=None, unit_raw=''","Revisar y mapear a una unidad canonical (ud, m2, m3, ml, kg, t, h, l, %, pa).",warning
unit_rare_or_empty,URD010,"Suministro e instalación de tubería de abastecimiento y distribución de agua de riego, formada por tubo de polietileno PE 40 de color negro con bandas azules, de 20 mm de diámetro exterior y 2,8 mm de","unit_normalized=None, unit_raw=''","Revisar y mapear a una unidad canonical (ud, m2, m3, ml, kg, t, h, l, %, pa).",warning
unit_rare_or_empty,URD020,"Suministro e instalación de tubería de riego por goteo, formada por tubo de polietileno, color negro, de 12 mm de diámetro exterior, con goteros integrados, situados cada 30 cm. Incluso p/p de accesor","unit_normalized=None, unit_raw=''","Revisar y mapear a una unidad canonical (ud, m2, m3, ml, kg, t, h, l, %, pa).",warning
unit_rare_or_empty,URE010,"Suministro e instalación de boca de riego tipo jardín, de latón, conexión de 1/2"" de diámetro, con toma roscada para acoplamiento a racor de manguera de 3/4"" de diámetro, enterrada. Incluso accesorios","unit_normalized=None, unit_raw=''","Revisar y mapear a una unidad canonical (ud, m2, m3, ml, kg, t, h, l, %, pa).",warning
unit_rare_or_empty,URM010,"Suministro e instalación de electroválvula para riego, cuerpo de PVC y polipropileno, conexiones roscadas, de 1"" de diámetro, alimentación del solenoide a 24 Vca, con posibilidad de apertura manual y ","unit_normalized=None, unit_raw=''","Revisar y mapear a una unidad canonical (ud, m2, m3, ml, kg, t, h, l, %, pa).",warning
unit_rare_or_empty,URM030,"Suministro e instalación de programador electrónico para riego automático, para 4 estaciones, con 1 programa y 3 arranques diarios del programa, alimentación por batería de 9 V, con capacidad para pon","unit_normalized=None, unit_raw=''","Revisar y mapear a una unidad canonical (ud, m2, m3, ml, kg, t, h, l, %, pa).",warning
unit_rare_or_empty,URM040,"Suministro e instalación de línea eléctrica monofásica enterrada para alimentación de electroválvulas y automatismos de riego, formada por cables unipolares con conductores de cobre, RZ1-K (AS) Cca-s1","unit_normalized=None, unit_raw=''","Revisar y mapear a una unidad canonical (ud, m2, m3, ml, kg, t, h, l, %, pa).",warning
unit_rare_or_empty,USE012,"Suministro e instalación de estación depuradora biológica de aguas residuales, tecnología VFL, capacidad para 1 a 4 usuarios (H.E.), carga media de materia orgánica contaminante (DBO5) de 0,24 kg/día ","unit_normalized=None, unit_raw=''","Revisar y mapear a una unidad canonical (ud, m2, m3, ml, kg, t, h, l, %, pa).",warning
unit_rare_or_empty,USE012b,"Suministro e instalación de estación depuradora biológica de aguas residuales, tecnología VFL, capacidad para 4 a 10 usuarios (H.E.), carga media de materia orgánica contaminante (DBO5) de 0,6 kg/día ","unit_normalized=None, unit_raw=''","Revisar y mapear a una unidad canonical (ud, m2, m3, ml, kg, t, h, l, %, pa).",warning
unit_rare_or_empty,USE012d,"Suministro e instalación de estación depuradora biológica de aguas residuales, tecnología VFL, capacidad para 2 a 6 usuarios (H.E.), carga media de materia orgánica contaminante (DBO5) de 0,36 kg/día ","unit_normalized=None, unit_raw=''","Revisar y mapear a una unidad canonical (ud, m2, m3, ml, kg, t, h, l, %, pa).",warning
unit_rare_or_empty,USE015,"Suministro e instalación de depósito de almacenamiento de agua depurada de polietileno de alta densidad, de 3000 litros, formado por dos tanques. Incluso tapa de registro y marco, y conducto de ventil","unit_normalized=None, unit_raw=''","Revisar y mapear a una unidad canonical (ud, m2, m3, ml, kg, t, h, l, %, pa).",warning
unit_rare_or_empty,USE020,"Suministro e instalación de estación depuradora de aguas grises domésticas de baja contaminación, con capacidad para 12 usuarios (H.E.), compuesta de filtro de polietileno para gruesos, dos bombas de ","unit_normalized=None, unit_raw=''","Revisar y mapear a una unidad canonical (ud, m2, m3, ml, kg, t, h, l, %, pa).",warning
unit_rare_or_empty,USE020b,"Suministro e instalación de estación depuradora de aguas grises domésticas de baja contaminación, con capacidad para 6 usuarios (H.E.), compuesta de filtro de polietileno para gruesos, dos bombas de f","unit_normalized=None, unit_raw=''","Revisar y mapear a una unidad canonical (ud, m2, m3, ml, kg, t, h, l, %, pa).",warning
unit_rare_or_empty,UTP010,"Suministro y colocación de barrera acústica, realizada con paneles modulares, modelo Noi Stop Wood ""ROCKWOOL"", de 200x90x11,6 cm, con aislamiento a ruido aéreo 24 dB, según UNE-EN 1793-2, formados por","unit_normalized=None, unit_raw=''","Revisar y mapear a una unidad canonical (ud, m2, m3, ml, kg, t, h, l, %, pa).",warning
unit_rare_or_empty,UVP010,"Suministro y colocación de puerta cancela metálica de carpintería artística, de una hoja abatible, dimensiones 350x210 cm, perfiles rectangulares en cerco y barrotes de redondo macizo liso de 16 mm co","unit_normalized=None, unit_raw=''","Revisar y mapear a una unidad canonical (ud, m2, m3, ml, kg, t, h, l, %, pa).",warning
unit_rare_or_empty,UVP010b,"Suministro y colocación de puerta cancela metálica de carpintería artística, de una hoja abatible, dimensiones 100x210 cm, perfiles rectangulares en cerco y barrotes de redondo macizo liso de 16 mm co","unit_normalized=None, unit_raw=''","Revisar y mapear a una unidad canonical (ud, m2, m3, ml, kg, t, h, l, %, pa).",warning
unit_rare_or_empty,UVR010,"Suministro y montaje de vallado de parcela mediante verja metálica compuesta por barrotes horizontales de tubo cuadrado de perfil hueco de acero laminado en frío de 20x20x1,5 mm y barrotes verticales ","unit_normalized=None, unit_raw=''","Revisar y mapear a una unidad canonical (ud, m2, m3, ml, kg, t, h, l, %, pa).",warning
unit_rare_or_empty,UVS010,"Formación de vallado de parcela mediante tela metálica de alambre ondulado diagonal, de 10 mm de paso de malla y 1,3 mm de diámetro, acabado galvanizado y postes de acero galvanizado de 48 mm de diáme","unit_normalized=None, unit_raw=''","Revisar y mapear a una unidad canonical (ud, m2, m3, ml, kg, t, h, l, %, pa).",warning
unit_rare_or_empty,UVT010,"Formación de vallado mediante malla de simple torsión, de 12 mm de paso de malla y 1,1 mm de diámetro, acabado galvanizado y postes de acero galvanizado de 48 mm de diámetro y 1 m de altura. Incluso p","unit_normalized=None, unit_raw=''","Revisar y mapear a una unidad canonical (ud, m2, m3, ml, kg, t, h, l, %, pa).",warning
unit_rare_or_empty,UVT010b,"Formación de vallado mediante malla de simple torsión, de 12 mm de paso de malla y 1,1 mm de diámetro, acabado galvanizado y postes de acero galvanizado de 48 mm de diámetro y 1,5 m de altura. Incluso","unit_normalized=None, unit_raw=''","Revisar y mapear a una unidad canonical (ud, m2, m3, ml, kg, t, h, l, %, pa).",warning
unit_rare_or_empty,UVT010c,"Formación de vallado mediante malla de simple torsión, de 12 mm de paso de malla y 1,1 mm de diámetro, acabado galvanizado y postes de acero galvanizado de 48 mm de diámetro y 2 m de altura. Incluso p","unit_normalized=None, unit_raw=''","Revisar y mapear a una unidad canonical (ud, m2, m3, ml, kg, t, h, l, %, pa).",warning
unit_rare_or_empty,UVT010d,"Formación de vallado mediante malla de simple torsión, de 40 mm de paso de malla y 2/3 mm de diámetro, acabado galvanizado y plastificado en color verde RAL 6015 y postes de acero pintado de 48 mm de ","unit_normalized=None, unit_raw=''","Revisar y mapear a una unidad canonical (ud, m2, m3, ml, kg, t, h, l, %, pa).",warning
unit_rare_or_empty,UVT010e,"Formación de vallado mediante malla de simple torsión, de 40 mm de paso de malla y 2/3 mm de diámetro, acabado galvanizado y plastificado en color verde RAL 6015 y postes de acero pintado de 48 mm de ","unit_normalized=None, unit_raw=''","Revisar y mapear a una unidad canonical (ud, m2, m3, ml, kg, t, h, l, %, pa).",warning
unit_rare_or_empty,UXA020c,"Formación de pavimento mediante colocación flexible, en exteriores, de adoquines bicapa de hormigón, cuyas características técnicas cumplen la UNE-EN 1338, formato rectangular, 200x100x60 mm, acabado ","unit_normalized=None, unit_raw=''","Revisar y mapear a una unidad canonical (ud, m2, m3, ml, kg, t, h, l, %, pa).",warning
unit_rare_or_empty,UXA030,"Formación de pavimento mediante colocación flexible, en exteriores, de adoquines de granito Blanco Berrocal, de 8x8x5 cm, con acabado flameado en la cara vista y aserrado en las otras caras, aparejado","unit_normalized=None, unit_raw=''","Revisar y mapear a una unidad canonical (ud, m2, m3, ml, kg, t, h, l, %, pa).",warning
unit_rare_or_empty,UXB020,"Suministro y colocación de piezas de bordillo recto de hormigón, monocapa, con sección normalizada peatonal A1 (20x14) cm, clase climática B (absorción <=6%), clase resistente a la abrasión H (huella ","unit_normalized=None, unit_raw=''","Revisar y mapear a una unidad canonical (ud, m2, m3, ml, kg, t, h, l, %, pa).",warning
unit_rare_or_empty,UXB025,"Suministro y colocación de bordillo recto de granito, formado por piezas de 14x20 cm de sección, aristas matadas de 3 mm, caras vistas y cantos aserrados, recibido con mortero de cemento, industrial, ","unit_normalized=None, unit_raw=''","Revisar y mapear a una unidad canonical (ud, m2, m3, ml, kg, t, h, l, %, pa).",warning
unit_rare_or_empty,UXB030,"Suministro y colocación de rígola formada por piezas de canaleta prefabricada de hormigón bicapa, 8/6,5x50x50 cm, rejuntadas con mortero de cemento, industrial, M-5, sobre base de hormigón no estructu","unit_normalized=None, unit_raw=''","Revisar y mapear a una unidad canonical (ud, m2, m3, ml, kg, t, h, l, %, pa).",warning
unit_rare_or_empty,UXC010,"Pavimento continuo de hormigón impreso, con juntas, de 10 cm de espesor, realizado con hormigón HM-20/B/20/X0 fabricado en central y vertido desde camión, extendido y vibrado manual; acabado impreso e","unit_normalized=None, unit_raw=''","Revisar y mapear a una unidad canonical (ud, m2, m3, ml, kg, t, h, l, %, pa).",warning
unit_rare_or_empty,UXC010b,"Pavimento continuo de hormigón impreso, con juntas, de 10 cm de espesor, realizado con hormigón HA-25/B/20/XC2 fabricado en central, y vertido desde camión, extendido y vibrado manual, y malla electro","unit_normalized=None, unit_raw=''","Revisar y mapear a una unidad canonical (ud, m2, m3, ml, kg, t, h, l, %, pa).",warning
unit_rare_or_empty,UXC010c,"Pavimento continuo de hormigón impreso, con juntas, de 15 cm de espesor, realizado con hormigón HA-25/B/20/XC2 fabricado en central, y vertido desde camión, extendido y vibrado manual, y malla electro","unit_normalized=None, unit_raw=''","Revisar y mapear a una unidad canonical (ud, m2, m3, ml, kg, t, h, l, %, pa).",warning
unit_rare_or_empty,UXC100,"Formación de junta de retracción de 3 a 5 mm de anchura y 20 mm de profundidad (nunca inferior a 1/3 del espesor del pavimento), realizada mediante aserrado del hormigón endurecido, con sierra de disc","unit_normalized=None, unit_raw=''","Revisar y mapear a una unidad canonical (ud, m2, m3, ml, kg, t, h, l, %, pa).",warning
unit_rare_or_empty,UXC110,"Formación de junta de dilatación de 10 mm de anchura y 100 mm de profundidad con lámina de espuma de polietileno, en el encuentro del pavimento continuo de hormigón con los paramentos que delimitan su","unit_normalized=None, unit_raw=''","Revisar y mapear a una unidad canonical (ud, m2, m3, ml, kg, t, h, l, %, pa).",warning
unit_rare_or_empty,UXC130,"Formación de sellado de junta en pavimento continuo de hormigón, de 10 mm de anchura y 20 mm de profundidad, de la sección ampliada o cajeada, mediante la colocación como obturador de fondo de un cord","unit_normalized=None, unit_raw=''","Revisar y mapear a una unidad canonical (ud, m2, m3, ml, kg, t, h, l, %, pa).",warning
unit_rare_or_empty,UXC140,"Suministro y colocación a presión de perfil preformado para sellado de juntas de entre 8 y 17 mm de anchura, formado por dos perfiles de acero inoxidable AISI 304, entre los que se coloca un perfil de","unit_normalized=None, unit_raw=''","Revisar y mapear a una unidad canonical (ud, m2, m3, ml, kg, t, h, l, %, pa).",warning
unit_rare_or_empty,UXF010b,"Formación de pavimento de 8 cm de espesor, realizado con mezcla bituminosa continua en caliente AC16 surf D, para capa de rodadura, de composición densa, con árido granítico de 16 mm de tamaño máximo ","unit_normalized=None, unit_raw=''","Revisar y mapear a una unidad canonical (ud, m2, m3, ml, kg, t, h, l, %, pa).",warning
unit_rare_or_empty,UXF020,"Formación de pavimento de 8 cm de espesor, realizado con mezcla bituminosa en frío de composición densa, tipo DF12, con árido granítico y emulsión bituminosa. Incluso p/p de comprobación de la nivelac","unit_normalized=None, unit_raw=''","Revisar y mapear a una unidad canonical (ud, m2, m3, ml, kg, t, h, l, %, pa).",warning
unit_rare_or_empty,UXF030,"Formación de pavimento de 8 cm de espesor, realizado con mezcla bituminosa discontinua en caliente, tipo BBTM 8B, con árido granítico y betún asfáltico de penetración. Incluso p/p de comprobación de l","unit_normalized=None, unit_raw=''","Revisar y mapear a una unidad canonical (ud, m2, m3, ml, kg, t, h, l, %, pa).",warning
unit_rare_or_empty,UXF040,"Formación de capa de acabado para pavimento de mezcla bituminosa, aplicada en dos manos mediante rastras de banda de goma, realizada con lechada bituminosa homogénea (slurry), color negro, formada por","unit_normalized=None, unit_raw=''","Revisar y mapear a una unidad canonical (ud, m2, m3, ml, kg, t, h, l, %, pa).",warning
unit_rare_or_empty,UXH010b,"Suministro y colocación de pavimento de loseta de hormigón para uso exterior, panot, de 4 pastillas, clase resistente a flexión T, clase resistente según la carga de rotura 3, clase de desgaste por ab","unit_normalized=None, unit_raw=''","Revisar y mapear a una unidad canonical (ud, m2, m3, ml, kg, t, h, l, %, pa).",warning
unit_rare_or_empty,UXH010c…,"Solado losetas hormigón para uso exterior, panot, direccional (acanalada) 20x20x5, resistencia a flexión T, carga de rotura 3, resistencia al desgaste G, gris, para uso privado en exteriores en zona d","unit_normalized=None, unit_raw=''","Revisar y mapear a una unidad canonical (ud, m2, m3, ml, kg, t, h, l, %, pa).",warning
unit_rare_or_empty,UXH010c…,"Solado losetas hormigón para uso exterior, panot, podotáctil 16 tacos, 20x20x5, resistencia a flexión T, carga de rotura 3, resistencia al desgaste G, gris, para uso privado en exteriores en zona de p","unit_normalized=None, unit_raw=''","Revisar y mapear a una unidad canonical (ud, m2, m3, ml, kg, t, h, l, %, pa).",warning
unit_rare_or_empty,UXH010c…,"Solado losetas hormigón para uso exterior, panot, liso peatonal y trafico ligero, 20x20x5, resistencia a flexión T, carga de rotura 3, resistencia al desgaste G, gris, para uso privado en exteriores e","unit_normalized=None, unit_raw=''","Revisar y mapear a una unidad canonical (ud, m2, m3, ml, kg, t, h, l, %, pa).",warning
unit_rare_or_empty,UXH010c…,"Solado losetas hormigón para uso exterior, panot, liso trafico pesado, 20x20x7.5, gris, para uso privado en exteriores en zona de pasos de peatones, colocadas al tendido sobre capa de arena-cemento. N","unit_normalized=None, unit_raw=''","Revisar y mapear a una unidad canonical (ud, m2, m3, ml, kg, t, h, l, %, pa).",warning
unit_rare_or_empty,UXH010d,"Suministro y colocación de pavimento de baldosa de hormigón para uso exterior, panot, acabada en punta de diamante, clase resistente a flexión T, clase resistente según la carga de rotura 3, clase de ","unit_normalized=None, unit_raw=''","Revisar y mapear a una unidad canonical (ud, m2, m3, ml, kg, t, h, l, %, pa).",warning
unit_rare_or_empty,UXH010e,"Suministro y colocación de pavimento de baldosa de hormigón para exteriores, acabado superficial de la cara vista: bajorrelieve sin pulir, clase resistente a flexión T, clase resistente según la carga","unit_normalized=None, unit_raw=''","Revisar y mapear a una unidad canonical (ud, m2, m3, ml, kg, t, h, l, %, pa).",warning
unit_rare_or_empty,UXT010,"Suministro y colocación de pavimento para uso privado en zona de terrazas descubiertas, de baldosas de pinyolet para uso exterior, acabado superficial de la cara vista: lavado, piedra Mallorca nº1, fo","unit_normalized=None, unit_raw=''","Revisar y mapear a una unidad canonical (ud, m2, m3, ml, kg, t, h, l, %, pa).",warning
unit_rare_or_empty,XAM030,"Ensayos a realizar en laboratorio inscrito en el registro del CTE, sobre una serie de probetas prismáticas de mortero de cemento, tomadas en obra según UNE-EN 1015-2, para la determinación de las sigu","unit_normalized=None, unit_raw=''","Revisar y mapear a una unidad canonical (ud, m2, m3, ml, kg, t, h, l, %, pa).",warning
unit_rare_or_empty,XBH010f,"Ensayos a realizar en laboratorio inscrito en el registro del CTE, sobre una muestra de baldosa, tomada en obra, para la determinación de las siguientes características: resistencia al deslizamiento e","unit_normalized=None, unit_raw=''","Revisar y mapear a una unidad canonical (ud, m2, m3, ml, kg, t, h, l, %, pa).",warning
unit_rare_or_empty,XBH010g,"Ensayos a realizar en laboratorio inscrito en el registro del CTE, sobre una muestra de baldosa, tomada en obra, para la determinación de las siguientes características: resistencia al deslizamiento e","unit_normalized=None, unit_raw=''","Revisar y mapear a una unidad canonical (ud, m2, m3, ml, kg, t, h, l, %, pa).",warning
unit_rare_or_empty,XBH010h,"Ensayos a realizar in situ, por vía húmeda, sobre una baldosa, para la determinación de las siguientes características: resistencia al deslizamiento en húmedo según UNE-41.901/2017EX. Incluso informe ","unit_normalized=None, unit_raw=''","Revisar y mapear a una unidad canonical (ud, m2, m3, ml, kg, t, h, l, %, pa).",warning
unit_rare_or_empty,XBH010i,"Ensayos a realizar in situ, en seco, sobre una baldosa, para la determinación de las siguientes características: resistencia al deslizamiento en seco según UNE-41.902/2017EX. Incluso informe de result","unit_normalized=None, unit_raw=''","Revisar y mapear a una unidad canonical (ud, m2, m3, ml, kg, t, h, l, %, pa).",warning
unit_rare_or_empty,XDB010,"Prueba estática a realizar en obra, sobre una barandilla, para la determinación de su resitencia a una carga determinada según CTE DB SU. Incluso informe de resultados.","unit_normalized=None, unit_raw=''","Revisar y mapear a una unidad canonical (ud, m2, m3, ml, kg, t, h, l, %, pa).",warning
unit_rare_or_empty,XEB010,"Ensayo a realizar en laboratorio inscrito en el registro del CTE, sobre una muestra de dos barras corrugadas de acero de un mismo lote, tomada en obra, para la determinación de las siguientes caracter","unit_normalized=None, unit_raw=''","Revisar y mapear a una unidad canonical (ud, m2, m3, ml, kg, t, h, l, %, pa).",warning
unit_rare_or_empty,XEB020,"Ensayo a realizar en laboratorio inscrito en el registro del CTE, sobre una muestra de una barra corrugada de acero de cada diámetro diferente, tomada en obra, para la determinación de las siguientes ","unit_normalized=None, unit_raw=''","Revisar y mapear a una unidad canonical (ud, m2, m3, ml, kg, t, h, l, %, pa).",warning
unit_rare_or_empty,XEH016,"Ensayo a realizar en laboratorio inscrito en el registro del CTE, sobre una muestra de hormigón fresco, tomada en obra según UNE-EN 12350-1, para la determinación de las siguientes características: co","unit_normalized=None, unit_raw=''","Revisar y mapear a una unidad canonical (ud, m2, m3, ml, kg, t, h, l, %, pa).",warning
unit_rare_or_empty,XEH017,Ensayo a realizar en laboratorio para la determinación de la resistencia a compresión de muestra de hormigón proyectado. Incluso toma de muestra e informe de resultados.,"unit_normalized=None, unit_raw=''","Revisar y mapear a una unidad canonical (ud, m2, m3, ml, kg, t, h, l, %, pa).",warning
unit_rare_or_empty,XEH020,"Ensayo a realizar en laboratorio inscrito en el registro del CTE, sobre una muestra de hormigón fresco, tomada en obra, para la determinación de la profundidad de penetración de agua bajo presión segú","unit_normalized=None, unit_raw=''","Revisar y mapear a una unidad canonical (ud, m2, m3, ml, kg, t, h, l, %, pa).",warning
unit_rare_or_empty,XEI080,"Ensayo físico-químico a realizar en laboratorio inscrito en el registro del CTE, sobre probetas de hormigón endurecido, tomadas en obra, para la determinación de las siguientes características: conten","unit_normalized=None, unit_raw=''","Revisar y mapear a una unidad canonical (ud, m2, m3, ml, kg, t, h, l, %, pa).",warning
unit_rare_or_empty,XEI080b,"Ensayo físico-químico a realizar en laboratorio inscrito en el registro del CTE, sobre probetas de hormigón endurecido, sobre muestra entregada en laboratorio, para la determinación de las siguientes ","unit_normalized=None, unit_raw=''","Revisar y mapear a una unidad canonical (ud, m2, m3, ml, kg, t, h, l, %, pa).",warning
unit_rare_or_empty,XEI090,"Ensayo a realizar en laboratorio inscrito en el registro del CTE, para determinar la resistencia a compresión de un hormigón endurecido, mediante la extracción de probeta testigo de 75 mm de diámetro ","unit_normalized=None, unit_raw=''","Revisar y mapear a una unidad canonical (ud, m2, m3, ml, kg, t, h, l, %, pa).",warning
unit_rare_or_empty,XEI090b,"Ensayo a realizar en laboratorio inscrito en el registro del CTE, para determinar la resistencia a compresión de un hormigón endurecido, mediante la extracción de probeta testigo de 100 mm de diámetro","unit_normalized=None, unit_raw=''","Revisar y mapear a una unidad canonical (ud, m2, m3, ml, kg, t, h, l, %, pa).",warning
unit_rare_or_empty,XEI110,"Ensayo no destructivo consistente en la determinación del índice de rebote del hormigón en pilar, mediante el uso de esclerómetro, para tratar de relacionar la dureza superficial del hormigón con su r","unit_normalized=None, unit_raw=''","Revisar y mapear a una unidad canonical (ud, m2, m3, ml, kg, t, h, l, %, pa).",warning
unit_rare_or_empty,XEI115,"Informe sobre los resultados obtenidos en el ensayo con esclerómetro, realizado por laboratorio acreditado en el área técnica correspondiente.","unit_normalized=None, unit_raw=''","Revisar y mapear a una unidad canonical (ud, m2, m3, ml, kg, t, h, l, %, pa).",warning
unit_rare_or_empty,XEI120,"Ensayo no destructivo consistente en la determinación de la velocidad de propagación de los impulsos ultrasónicos en pilar existente, mediante el uso de ultrasonidos, midiendo el tiempo de recorrido d","unit_normalized=None, unit_raw=''","Revisar y mapear a una unidad canonical (ud, m2, m3, ml, kg, t, h, l, %, pa).",warning
unit_rare_or_empty,XEI125,"Informe sobre los resultados obtenidos en el ensayo mediante ultrasonidos, realizado por laboratorio acreditado en el área técnica correspondiente.","unit_normalized=None, unit_raw=''","Revisar y mapear a una unidad canonical (ud, m2, m3, ml, kg, t, h, l, %, pa).",warning
unit_rare_or_empty,XEM010,"Ensayo a realizar en laboratorio inscrito en el registro del CTE, sobre una muestra de mallas electrosoldadas, tomada en obra, para la determinación de las siguientes características: carga de despegu","unit_normalized=None, unit_raw=''","Revisar y mapear a una unidad canonical (ud, m2, m3, ml, kg, t, h, l, %, pa).",warning
unit_rare_or_empty,XFB010,"Ensayo Blower Door, para medir el volumen de infiltraciones de aire, en vivienda unifamiliar de hasta 100 m² de superficie útil, durante la ejecución de la obra, una vez cerrada la envolvente, método ","unit_normalized=None, unit_raw=''","Revisar y mapear a una unidad canonical (ud, m2, m3, ml, kg, t, h, l, %, pa).",warning
unit_rare_or_empty,XFB010a,"Ensayo Blower Door, para medir el volumen de infiltraciones de aire, en vivienda unifamiliar de entre 100 y 150 m² de superficie útil, durante la ejecución de la obra, una vez cerrada la envolvente, m","unit_normalized=None, unit_raw=''","Revisar y mapear a una unidad canonical (ud, m2, m3, ml, kg, t, h, l, %, pa).",warning
unit_rare_or_empty,XFB010b,"Ensayo Blower Door, para medir el volumen de infiltraciones de aire, en vivienda unifamiliar de entre 150 y 200 m² de superficie útil, durante la ejecución de la obra, una vez cerrada la envolvente, m","unit_normalized=None, unit_raw=''","Revisar y mapear a una unidad canonical (ud, m2, m3, ml, kg, t, h, l, %, pa).",warning
unit_rare_or_empty,XFB010c,"Ensayo Blower Door, para medir el volumen de infiltraciones de aire, en vivienda unifamiliar de entre 200 y 250 m² de superficie útil, durante la ejecución de la obra, una vez cerrada la envolvente, m","unit_normalized=None, unit_raw=''","Revisar y mapear a una unidad canonical (ud, m2, m3, ml, kg, t, h, l, %, pa).",warning
unit_rare_or_empty,XFB010d,"Ensayo Blower Door, para medir el volumen de infiltraciones de aire, en vivienda unifamiliar de más de 250 m² de superficie útil, durante la ejecución de la obra, una vez cerrada la envolvente, método","unit_normalized=None, unit_raw=''","Revisar y mapear a una unidad canonical (ud, m2, m3, ml, kg, t, h, l, %, pa).",warning
unit_rare_or_empty,XFB010e,"Ensayo Blower Door, para medir el volumen de infiltraciones de aire, en vivienda de edificio plurifamiliar de hasta 100 m² de superficie útil, durante la ejecución de la obra, una vez cerrada la envol","unit_normalized=None, unit_raw=''","Revisar y mapear a una unidad canonical (ud, m2, m3, ml, kg, t, h, l, %, pa).",warning
unit_rare_or_empty,XFB010f,"Ensayo Blower Door, para medir el volumen de infiltraciones de aire, en vivienda de edificio plurifamiliar de entre 100 y 150 m² de superficie útil, durante la ejecución de la obra, una vez cerrada la","unit_normalized=None, unit_raw=''","Revisar y mapear a una unidad canonical (ud, m2, m3, ml, kg, t, h, l, %, pa).",warning
unit_rare_or_empty,XFB010g,"Ensayo Blower Door, para medir el volumen de infiltraciones de aire, en vivienda de edificio plurifamiliar de entre 150 y 200 m² de superficie útil, durante la ejecución de la obra, una vez cerrada la","unit_normalized=None, unit_raw=''","Revisar y mapear a una unidad canonical (ud, m2, m3, ml, kg, t, h, l, %, pa).",warning
unit_rare_or_empty,XFB010h,"Ensayo Blower Door, para medir el volumen de infiltraciones de aire, en vivienda de edificio plurifamiliar de entre 200 y 250 m² de superficie útil, durante la ejecución de la obra, una vez cerrada la","unit_normalized=None, unit_raw=''","Revisar y mapear a una unidad canonical (ud, m2, m3, ml, kg, t, h, l, %, pa).",warning
unit_rare_or_empty,XFB010i,"Ensayo Blower Door, para medir el volumen de infiltraciones de aire, en vivienda de edificio plurifamiliar de más de 250 m² de superficie útil, durante la ejecución de la obra, una vez cerrada la envo","unit_normalized=None, unit_raw=''","Revisar y mapear a una unidad canonical (ud, m2, m3, ml, kg, t, h, l, %, pa).",warning
unit_rare_or_empty,XFB010j,"Ensayo Blower Door, para medir el volumen de infiltraciones de aire, en vivienda unifamiliar de hasta 100 m² de superficie útil, una vez finalizada la obra, método A según UNE-EN 13829. Incluso montaj","unit_normalized=None, unit_raw=''","Revisar y mapear a una unidad canonical (ud, m2, m3, ml, kg, t, h, l, %, pa).",warning
unit_rare_or_empty,XFB010k,"Ensayo Blower Door, para medir el volumen de infiltraciones de aire, en vivienda unifamiliar de entre 100 y 150 m² de superficie útil, una vez finalizada la obra, método A según UNE-EN 13829. Incluso ","unit_normalized=None, unit_raw=''","Revisar y mapear a una unidad canonical (ud, m2, m3, ml, kg, t, h, l, %, pa).",warning
unit_rare_or_empty,XFB010l,"Ensayo Blower Door, para medir el volumen de infiltraciones de aire, en vivienda unifamiliar de entre 150 y 200 m² de superficie útil, una vez finalizada la obra, método A según UNE-EN 13829. Incluso ","unit_normalized=None, unit_raw=''","Revisar y mapear a una unidad canonical (ud, m2, m3, ml, kg, t, h, l, %, pa).",warning
unit_rare_or_empty,XFB010m,"Ensayo Blower Door, para medir el volumen de infiltraciones de aire, en vivienda unifamiliar de entre 200 y 250 m² de superficie útil, una vez finalizada la obra, método A según UNE-EN 13829. Incluso ","unit_normalized=None, unit_raw=''","Revisar y mapear a una unidad canonical (ud, m2, m3, ml, kg, t, h, l, %, pa).",warning
unit_rare_or_empty,XFB010n,"Ensayo Blower Door, para medir el volumen de infiltraciones de aire, en vivienda unifamiliar de más de 250 m² de superficie útil, una vez finalizada la obra, método A según UNE-EN 13829. Incluso monta","unit_normalized=None, unit_raw=''","Revisar y mapear a una unidad canonical (ud, m2, m3, ml, kg, t, h, l, %, pa).",warning
unit_rare_or_empty,XFB010o,"Ensayo Blower Door, para medir el volumen de infiltraciones de aire, en vivienda de edificio plurifamiliar de hasta 100 m² de superficie útil, una vez finalizada la obra, método A según UNE-EN 13829. ","unit_normalized=None, unit_raw=''","Revisar y mapear a una unidad canonical (ud, m2, m3, ml, kg, t, h, l, %, pa).",warning
unit_rare_or_empty,XFB010p,"Ensayo Blower Door, para medir el volumen de infiltraciones de aire, en vivienda de edificio plurifamiliar de entre 100 y 150 m² de superficie útil, una vez finalizada la obra, método A según UNE-EN 1","unit_normalized=None, unit_raw=''","Revisar y mapear a una unidad canonical (ud, m2, m3, ml, kg, t, h, l, %, pa).",warning
unit_rare_or_empty,XFB010q,"Ensayo Blower Door, para medir el volumen de infiltraciones de aire, en vivienda de edificio plurifamiliar de entre 150 y 200 m² de superficie útil, una vez finalizada la obra, método A según UNE-EN 1","unit_normalized=None, unit_raw=''","Revisar y mapear a una unidad canonical (ud, m2, m3, ml, kg, t, h, l, %, pa).",warning
unit_rare_or_empty,XFB010r,"Ensayo Blower Door, para medir el volumen de infiltraciones de aire, en vivienda de edificio plurifamiliar de entre 200 y 250 m² de superficie útil, una vez finalizada la obra, método A según UNE-EN 1","unit_normalized=None, unit_raw=''","Revisar y mapear a una unidad canonical (ud, m2, m3, ml, kg, t, h, l, %, pa).",warning
unit_rare_or_empty,XFB010s,"Ensayo Blower Door, para medir el volumen de infiltraciones de aire, en vivienda de edificio plurifamiliar de más de 250 m² de superficie útil, una vez finalizada la obra, método A según UNE-EN 13829.","unit_normalized=None, unit_raw=''","Revisar y mapear a una unidad canonical (ud, m2, m3, ml, kg, t, h, l, %, pa).",warning
unit_rare_or_empty,XNR010,Ensayo para la medición del aislamiento acústico a ruido aéreo según UNE-EN ISO 140-4. Incluso informe de resultados.,"unit_normalized=None, unit_raw=''","Revisar y mapear a una unidad canonical (ud, m2, m3, ml, kg, t, h, l, %, pa).",warning
unit_rare_or_empty,XNR010f,Ensayo para la medición de la transmisión de ruido de impacto: en elemento horizontal según UNE-EN ISO 140-7. Incluso informe de resultados.,"unit_normalized=None, unit_raw=''","Revisar y mapear a una unidad canonical (ud, m2, m3, ml, kg, t, h, l, %, pa).",warning
unit_rare_or_empty,XPL010e,"Ensayos a realizar en laboratorio inscrito en el registro del CTE, sobre una muestra de ladrillo o bloque, tomada en obra, para la determinación de las siguientes características: resistencia a compre","unit_normalized=None, unit_raw=''","Revisar y mapear a una unidad canonical (ud, m2, m3, ml, kg, t, h, l, %, pa).",warning
unit_rare_or_empty,XRQ010,"Prueba de servicio a realizar por laboratorio acreditado en el área técnica correspondiente, para comprobar la estanqueidad de una cubierta plana de hasta 100 m² de superficie mediante inundación de t","unit_normalized=None, unit_raw=''","Revisar y mapear a una unidad canonical (ud, m2, m3, ml, kg, t, h, l, %, pa).",warning
unit_rare_or_empty,XSC010,Informe geotécnico en base a sondeos SPT y/o DPSH y ensayos de laboratorio para terreno tipo T1 y estructura tipo C0 según CTE-DB-SE-C.,"unit_normalized=None, unit_raw=''","Revisar y mapear a una unidad canonical (ud, m2, m3, ml, kg, t, h, l, %, pa).",warning
unit_rare_or_empty,XSC010b,Informe geotécnico en base a sondeos SPT y/o DPSH y ensayos de laboratorio para terreno tipo T2 y estructura tipo C0 según CTE-DB-SE-C.,"unit_normalized=None, unit_raw=''","Revisar y mapear a una unidad canonical (ud, m2, m3, ml, kg, t, h, l, %, pa).",warning
unit_rare_or_empty,XSC010c,Informe geotécnico en base a sondeos SPT y/o DPSH y ensayos de laboratorio para terreno tipo T3 y estructura tipo C0 según CTE-DB-SE-C.,"unit_normalized=None, unit_raw=''","Revisar y mapear a una unidad canonical (ud, m2, m3, ml, kg, t, h, l, %, pa).",warning
unit_rare_or_empty,XSC010d,Informe geotécnico en base a sondeos SPT y/o DPSH y ensayos de laboratorio para terreno tipo T1 y estructura tipo C1 según CTE-DB-SE-C.,"unit_normalized=None, unit_raw=''","Revisar y mapear a una unidad canonical (ud, m2, m3, ml, kg, t, h, l, %, pa).",warning
unit_rare_or_empty,XSC010e,Informe geotécnico en base a sondeos SPT y/o DPSH y ensayos de laboratorio para terreno tipo T2 y estructura tipo C1 según CTE-DB-SE-C.,"unit_normalized=None, unit_raw=''","Revisar y mapear a una unidad canonical (ud, m2, m3, ml, kg, t, h, l, %, pa).",warning
unit_rare_or_empty,XSC010f,Informe geotécnico en base a sondeos SPT y/o DPSH y ensayos de laboratorio para terreno tipo T3 y estructura tipo C1 según CTE-DB-SE-C.,"unit_normalized=None, unit_raw=''","Revisar y mapear a una unidad canonical (ud, m2, m3, ml, kg, t, h, l, %, pa).",warning
unit_rare_or_empty,XSC010g,Informe geotécnico en base a sondeos SPT y/o DPSH y ensayos de laboratorio para terreno tipo T1 y estructura tipo C2 según CTE-DB-SE-C.,"unit_normalized=None, unit_raw=''","Revisar y mapear a una unidad canonical (ud, m2, m3, ml, kg, t, h, l, %, pa).",warning
unit_rare_or_empty,XSC010h,Informe geotécnico en base a sondeos SPT y/o DPSH y ensayos de laboratorio para terreno tipo T2 y estructura tipo C2 según CTE-DB-SE-C.,"unit_normalized=None, unit_raw=''","Revisar y mapear a una unidad canonical (ud, m2, m3, ml, kg, t, h, l, %, pa).",warning
unit_rare_or_empty,XSC010i,Informe geotécnico en base a sondeos SPT y/o DPSH y ensayos de laboratorio para terreno tipo T3 y estructura tipo C2 según CTE-DB-SE-C.,"unit_normalized=None, unit_raw=''","Revisar y mapear a una unidad canonical (ud, m2, m3, ml, kg, t, h, l, %, pa).",warning
unit_rare_or_empty,XSL010c,"Realización de los siguientes ensayos de laboratorio: contenido de materia orgánica según UNE 103204. Toma de muestras, apertura y descripción de las muestras tomadas e informe de resultados.","unit_normalized=None, unit_raw=''","Revisar y mapear a una unidad canonical (ud, m2, m3, ml, kg, t, h, l, %, pa).",warning
unit_rare_or_empty,XSL010d,"Realización de los siguientes ensayos de laboratorio: equivalente de arena según UNE-EN 933-8. Incluso toma de muestras, apertura y descripción de las muestras tomadas e informe de resultados.","unit_normalized=None, unit_raw=''","Revisar y mapear a una unidad canonical (ud, m2, m3, ml, kg, t, h, l, %, pa).",warning
unit_rare_or_empty,XSL010e,"Realización de los siguientes ensayos de laboratorio: límites de Atterberg según UNE 103103 y UNE 103104. Incluso toma de muestras, apertura y descripción de las muestras tomadas e informe de resultad","unit_normalized=None, unit_raw=''","Revisar y mapear a una unidad canonical (ud, m2, m3, ml, kg, t, h, l, %, pa).",warning
unit_rare_or_empty,XSL010h,"Realización de los siguientes ensayos de laboratorio: análisis granulométrico según UNE 103101. Incluso toma de muestras, apertura y descripción de las muestras tomadas e informe de resultados.","unit_normalized=None, unit_raw=''","Revisar y mapear a una unidad canonical (ud, m2, m3, ml, kg, t, h, l, %, pa).",warning
unit_rare_or_empty,XSL010l,"Realización de los siguientes ensayos de laboratorio: Proctor Modificado según UNE 103501. Incluso toma de muestras, apertura y descripción de las muestras tomadas e informe de resultados.","unit_normalized=None, unit_raw=''","Revisar y mapear a una unidad canonical (ud, m2, m3, ml, kg, t, h, l, %, pa).",warning
unit_rare_or_empty,XSL010m,"Realización de los siguientes ensayos de laboratorio: C.B.R. según UNE 103502. Incluso toma de muestras, apertura y descripción de las muestras tomadas e informe de resultados. No incluye proctor norm","unit_normalized=None, unit_raw=''","Revisar y mapear a una unidad canonical (ud, m2, m3, ml, kg, t, h, l, %, pa).",warning
unit_rare_or_empty,XSL010n,"Determinación in situ de densidad y humedad de una material compactado, com método nuclear.","unit_normalized=None, unit_raw=''","Revisar y mapear a una unidad canonical (ud, m2, m3, ml, kg, t, h, l, %, pa).",warning
unit_rare_or_empty,XSL010o,"Ensayo de placa de carga en material compactado según NLT359 (no incluye desplazamienro, punto de reacción: camión o compactadora)","unit_normalized=None, unit_raw=''","Revisar y mapear a una unidad canonical (ud, m2, m3, ml, kg, t, h, l, %, pa).",warning
unit_rare_or_empty,YCB030,"Vallado perimetral formado por vallas peatonales de hierro, de 1,10x2,50 m, color amarillo, con barrotes verticales montados sobre bastidor de tubo, con dos pies metálicos, amortizables en 20 usos.","unit_normalized=None, unit_raw=''","Revisar y mapear a una unidad canonical (ud, m2, m3, ml, kg, t, h, l, %, pa).",warning
unit_rare_or_empty,YCB040,"Protección de paso peatonal sobre zanjas mediante pasarela de acero, de 1,50 m de longitud para anchura máxima de zanja de 0,9 m, anchura útil de 0,87 m, con plataforma de superficie antideslizante si","unit_normalized=None, unit_raw=''","Revisar y mapear a una unidad canonical (ud, m2, m3, ml, kg, t, h, l, %, pa).",warning
unit_rare_or_empty,YCB070,"Protección de personas mediante barandilla de seguridad de 1 m de altura, formada por barra horizontal superior corrugada de acero UNE-EN 10080 B 500 S de 16 mm de diámetro, barra horizontal intermedi","unit_normalized=None, unit_raw=''","Revisar y mapear a una unidad canonical (ud, m2, m3, ml, kg, t, h, l, %, pa).",warning
unit_rare_or_empty,YCE030,"Sistema provisional de protección de hueco, de 1 m de altura, formado por: barandilla principal de tubo de acero de 25 mm de diámetro y 2500 mm de longitud, amortizable en 58 usos; barandilla intermed","unit_normalized=None, unit_raw=''","Revisar y mapear a una unidad canonical (ud, m2, m3, ml, kg, t, h, l, %, pa).",warning
unit_rare_or_empty,YCF010,"Sistema provisional de protección de borde de forjado, clase A, de 1 m de altura, que proporciona resistencia sólo para cargas estáticas y para superficies de trabajo con un ángulo de inclinación máxi","unit_normalized=None, unit_raw=''","Revisar y mapear a una unidad canonical (ud, m2, m3, ml, kg, t, h, l, %, pa).",warning
unit_rare_or_empty,YCF020,"Sistema provisional de protección de borde de forjado, clase B, de 1 m de altura, que proporciona resistencia sólo para cargas estáticas y fuerzas dinámicas débiles y para superficies de trabajo con u","unit_normalized=None, unit_raw=''","Revisar y mapear a una unidad canonical (ud, m2, m3, ml, kg, t, h, l, %, pa).",warning
unit_rare_or_empty,YCF030,"Sistema provisional de protección de borde de forjado, clase C, de 1 m de altura, que proporciona resistencia para fuerzas dinámicas elevadas y para superficies de trabajo con un ángulo de inclinación","unit_normalized=None, unit_raw=''","Revisar y mapear a una unidad canonical (ud, m2, m3, ml, kg, t, h, l, %, pa).",warning
unit_rare_or_empty,YCF031,"Sistema provisional de protección de borde de forjado, clase C, en cubiertas inclinadas metálicas, de 1 m de altura, que proporciona resistencia para fuerzas dinámicas elevadas y para superficies de t","unit_normalized=None, unit_raw=''","Revisar y mapear a una unidad canonical (ud, m2, m3, ml, kg, t, h, l, %, pa).",warning
unit_rare_or_empty,YCF040,"Sistema T de red de seguridad colocada horizontalmente, primera puesta, mediante montaje en el suelo y elevación posterior a la planta, formado por: red de seguridad UNE-EN 1263-1 T A2 M60 Q M, de pol","unit_normalized=None, unit_raw=''","Revisar y mapear a una unidad canonical (ud, m2, m3, ml, kg, t, h, l, %, pa).",warning
unit_rare_or_empty,YCF050,"Sistema V de red de seguridad colocada verticalmente, primera puesta, formado por: red de seguridad UNE-EN 1263-1 V A2 M100 D M, de poliamida de alta tenacidad, anudada, de color blanco, de dimensione","unit_normalized=None, unit_raw=''","Revisar y mapear a una unidad canonical (ud, m2, m3, ml, kg, t, h, l, %, pa).",warning
unit_rare_or_empty,YCF050b,"Sistema V de red de seguridad colocada verticalmente, a partir de la segunda puesta, formado por: red de seguridad UNE-EN 1263-1 V A2 M100 D M, de poliamida de alta tenacidad, anudada, de color blanco","unit_normalized=None, unit_raw=''","Revisar y mapear a una unidad canonical (ud, m2, m3, ml, kg, t, h, l, %, pa).",warning
unit_rare_or_empty,YCH020,"Red de protección de poliamida de alta tenacidad, color blanco, de 80x80 mm de paso, con cuerda de red de calibre 4 mm y cuerda perimetral de poliamida de 12 mm de calibre anudada a la red, para cubri","unit_normalized=None, unit_raw=''","Revisar y mapear a una unidad canonical (ud, m2, m3, ml, kg, t, h, l, %, pa).",warning
unit_rare_or_empty,YCH030,"Protección de hueco horizontal de forjado de superficie inferior o igual a 1 m² mediante tablero de madera de pino de 22 mm de espesor, colocado de manera que cubra la totalidad del hueco, reforzado e","unit_normalized=None, unit_raw=''","Revisar y mapear a una unidad canonical (ud, m2, m3, ml, kg, t, h, l, %, pa).",warning
unit_rare_or_empty,YCH035,"Protección de hueco horizontal de forjado, para paso de ascensor de 2x1,9 m mediante tablones de madera de pino de 25x7,5 cm, colocados uno junto a otro hasta cubrir la totalidad del hueco, unidos a u","unit_normalized=None, unit_raw=''","Revisar y mapear a una unidad canonical (ud, m2, m3, ml, kg, t, h, l, %, pa).",warning
unit_rare_or_empty,YCI020,"Red de protección de poliamida de alta tenacidad, color blanco, de 100x100 mm de paso, con cuerda de red de calibre 3 mm, para colocar tensada y al mismo nivel de trabajo, bajo forjado unidireccional ","unit_normalized=None, unit_raw=''","Revisar y mapear a una unidad canonical (ud, m2, m3, ml, kg, t, h, l, %, pa).",warning
unit_rare_or_empty,YCI030,"Red de seguridad UNE-EN 1263-1 S A2 M100 Q M, de poliamida de alta tenacidad, anudada, de color blanco, bajo forjado unidireccional o reticular con sistema de encofrado continuo, para una altura máxim","unit_normalized=None, unit_raw=''","Revisar y mapear a una unidad canonical (ud, m2, m3, ml, kg, t, h, l, %, pa).",warning
unit_rare_or_empty,YCJ010,"Protección de extremo de armadura de 12 a 32 mm de diámetro, mediante colocación de tapón protector de PVC, tipo seta, de color rojo, amortizable en 3 usos.","unit_normalized=None, unit_raw=''","Revisar y mapear a una unidad canonical (ud, m2, m3, ml, kg, t, h, l, %, pa).",warning
unit_rare_or_empty,YCK020,"Protección de hueco de ventana de entre 95 y 165 cm de anchura en cerramiento exterior, mediante dos tubos metálicos extensibles, con tornillo cilíndrico con hexágono interior para llave Allen, para f","unit_normalized=None, unit_raw=''","Revisar y mapear a una unidad canonical (ud, m2, m3, ml, kg, t, h, l, %, pa).",warning
unit_rare_or_empty,YCK030,"Sistema provisional de protección de hueco frontal de ascensor de 1,1 m de altura, formado por: barandilla principal de tubo de acero de 25 mm de diámetro y 2500 mm de longitud, amortizable en 58 usos","unit_normalized=None, unit_raw=''","Revisar y mapear a una unidad canonical (ud, m2, m3, ml, kg, t, h, l, %, pa).",warning
unit_rare_or_empty,YCR010,"Vallado provisional de solar, de 2,2 m de altura, compuesto por malla electrosoldada ME 20x20 Ø 8-8 B 500 T 6x2,20 UNE-EN 10080, sujeta mediante puntas planas de acero a rollizos de madera, de 10 a 12","unit_normalized=None, unit_raw=''","Revisar y mapear a una unidad canonical (ud, m2, m3, ml, kg, t, h, l, %, pa).",warning
unit_rare_or_empty,YCR020,"Vallado provisional de solar, de 2 m de altura, compuesto por paneles opacos de chapa perfilada nervada de acero UNE-EN 10346 S320 GD galvanizado de 0,6 mm espesor y 30 mm altura de cresta, amortizabl","unit_normalized=None, unit_raw=''","Revisar y mapear a una unidad canonical (ud, m2, m3, ml, kg, t, h, l, %, pa).",warning
unit_rare_or_empty,YCR025,"Suministro y colocación de puerta para acceso peatonal de chapa de acero galvanizado, de una hoja, de 0,9x2,0 m, con lengüetas para candado, colocada en vallado provisional de solar, sujeta mediante p","unit_normalized=None, unit_raw=''","Revisar y mapear a una unidad canonical (ud, m2, m3, ml, kg, t, h, l, %, pa).",warning
unit_rare_or_empty,YCU010,"Suministro y colocación de extintor portátil de polvo químico ABC polivalente antibrasa, con presión incorporada, de eficacia 21A-144B-C, con 6 kg de agente extintor, con manómetro y manguera con boqu","unit_normalized=None, unit_raw=''","Revisar y mapear a una unidad canonical (ud, m2, m3, ml, kg, t, h, l, %, pa).",warning
unit_rare_or_empty,YCU010b,"Suministro y colocación de extintor portátil de nieve carbónica CO2, de eficacia 34B, con 2 kg de agente extintor, con vaso difusor, amortizable en 3 usos.","unit_normalized=None, unit_raw=''","Revisar y mapear a una unidad canonical (ud, m2, m3, ml, kg, t, h, l, %, pa).",warning
unit_rare_or_empty,YIC010,"Suministro de casco contra golpes, destinado a proteger al usuario de los efectos de golpes de su cabeza contra objetos duros e inmóviles.","unit_normalized=None, unit_raw=''","Revisar y mapear a una unidad canonical (ud, m2, m3, ml, kg, t, h, l, %, pa).",warning
unit_rare_or_empty,YIC010b,"Suministro de casco aislante eléctrico, destinado a proteger al usuario frente a choques eléctricos mediante la prevención del paso de una corriente a través del cuerpo entrando por la cabeza.","unit_normalized=None, unit_raw=''","Revisar y mapear a una unidad canonical (ud, m2, m3, ml, kg, t, h, l, %, pa).",warning
unit_rare_or_empty,YID010,Suministro de sistema anticaídas compuesto por un conector básico (clase B) que permite ensamblar el sistema con un dispositivo de anclaje; un dispositivo anticaídas retráctil con función de bloqueo a,"unit_normalized=None, unit_raw=''","Revisar y mapear a una unidad canonical (ud, m2, m3, ml, kg, t, h, l, %, pa).",warning
unit_rare_or_empty,YIJ010,"Suministro de gafas de protección con montura universal, de uso básico, con dos oculares integrados en una montura de gafa convencional con protección lateral.","unit_normalized=None, unit_raw=''","Revisar y mapear a una unidad canonical (ud, m2, m3, ml, kg, t, h, l, %, pa).",warning
unit_rare_or_empty,YIJ010b,"Suministro de gafas de protección con montura integral, con resistencia a salpicaduras de líquidos, con ocular único sobre una montura flexible y cinta elástica.","unit_normalized=None, unit_raw=''","Revisar y mapear a una unidad canonical (ud, m2, m3, ml, kg, t, h, l, %, pa).",warning
unit_rare_or_empty,YIJ010c,"Suministro de gafas de protección con montura integral, con resistencia a partículas de gas y a polvo fino, con ocular único sobre una montura flexible y cinta elástica.","unit_normalized=None, unit_raw=''","Revisar y mapear a una unidad canonical (ud, m2, m3, ml, kg, t, h, l, %, pa).",warning
unit_rare_or_empty,YIJ010d,"Suministro de pantalla de protección facial, con resistencia a arco eléctrico y cortocircuito, con visor de pantalla unido a un protector frontal con banda de cabeza ajustable.","unit_normalized=None, unit_raw=''","Revisar y mapear a una unidad canonical (ud, m2, m3, ml, kg, t, h, l, %, pa).",warning
unit_rare_or_empty,YIJ010e,"Suministro de pantalla de protección facial, para soldadores, con armazón opaco y mirilla fija, con fijación en la cabeza y con filtros de soldadura.","unit_normalized=None, unit_raw=''","Revisar y mapear a una unidad canonical (ud, m2, m3, ml, kg, t, h, l, %, pa).",warning
unit_rare_or_empty,YIM010,"Suministro de par de guantes contra riesgos mecánicos, de algodón con refuerzo de serraje vacuno en la palma, resistente a la abrasión, al corte por cuchilla, al rasgado y a la perforación.","unit_normalized=None, unit_raw=''","Revisar y mapear a una unidad canonical (ud, m2, m3, ml, kg, t, h, l, %, pa).",warning
unit_rare_or_empty,YIM010b,"Suministro de par de guantes contra productos químicos, de algodón y PVC superplastificado, resistente ante ácidos y bases.","unit_normalized=None, unit_raw=''","Revisar y mapear a una unidad canonical (ud, m2, m3, ml, kg, t, h, l, %, pa).",warning
unit_rare_or_empty,YIM010c,"Suministro de par de guantes contra riesgos térmicos, hasta 100°C, de fibra sintética con forro interior aislante de tejido punzonado.","unit_normalized=None, unit_raw=''","Revisar y mapear a una unidad canonical (ud, m2, m3, ml, kg, t, h, l, %, pa).",warning
unit_rare_or_empty,YIM010d,"Suministro de par de guantes para trabajos eléctricos, de baja tensión.","unit_normalized=None, unit_raw=''","Revisar y mapear a una unidad canonical (ud, m2, m3, ml, kg, t, h, l, %, pa).",warning
unit_rare_or_empty,YIM010e,"Suministro de par de guantes para trabajos eléctricos, de alta tensión.","unit_normalized=None, unit_raw=''","Revisar y mapear a una unidad canonical (ud, m2, m3, ml, kg, t, h, l, %, pa).",warning
unit_rare_or_empty,YIM010f,"Suministro de par de guantes para soldadores, de serraje vacuno.","unit_normalized=None, unit_raw=''","Revisar y mapear a una unidad canonical (ud, m2, m3, ml, kg, t, h, l, %, pa).",warning
unit_rare_or_empty,YIM010g,"Par de guantes resistentes al fuego, de fibra Nomex con acabado reflectante aluminizado con resistencia al calor hasta 500°C.","unit_normalized=None, unit_raw=''","Revisar y mapear a una unidad canonical (ud, m2, m3, ml, kg, t, h, l, %, pa).",warning
unit_rare_or_empty,YIM020,"Suministro de par de manoplas para soldadores, de serraje vacuno.","unit_normalized=None, unit_raw=''","Revisar y mapear a una unidad canonical (ud, m2, m3, ml, kg, t, h, l, %, pa).",warning
unit_rare_or_empty,YIM020b,"Suministro de par de manoplas para trabajos eléctricos, de baja tensión.","unit_normalized=None, unit_raw=''","Revisar y mapear a una unidad canonical (ud, m2, m3, ml, kg, t, h, l, %, pa).",warning
unit_rare_or_empty,YIM030,Suministro de par de manguitos para soldador.,"unit_normalized=None, unit_raw=''","Revisar y mapear a una unidad canonical (ud, m2, m3, ml, kg, t, h, l, %, pa).",warning
unit_rare_or_empty,YIM040,Suministro de protector de manos para puntero.,"unit_normalized=None, unit_raw=''","Revisar y mapear a una unidad canonical (ud, m2, m3, ml, kg, t, h, l, %, pa).",warning
unit_rare_or_empty,YIO010,"Suministro de juego de orejeras, estándar, compuesto por un casquete diseñado para producir presión sobre la cabeza mediante un arnés y ajuste con almohadillado central, con atenuación acústica de 15 ","unit_normalized=None, unit_raw=''","Revisar y mapear a una unidad canonical (ud, m2, m3, ml, kg, t, h, l, %, pa).",warning
unit_rare_or_empty,YIO020,"Suministro de juego de tapones desechables, moldeables, de espuma de poliuretano antialérgica, con atenuación acústica de 31 dB.","unit_normalized=None, unit_raw=''","Revisar y mapear a una unidad canonical (ud, m2, m3, ml, kg, t, h, l, %, pa).",warning
unit_rare_or_empty,YIP010,"Suministro de par de zapatos de seguridad, con puntera resistente a un impacto de hasta 200 J y a una compresión de hasta 15 kN, con resistencia al deslizamiento, con código de designación SB.","unit_normalized=None, unit_raw=''","Revisar y mapear a una unidad canonical (ud, m2, m3, ml, kg, t, h, l, %, pa).",warning
unit_rare_or_empty,YIP010b,"Suministro de par de botas bajas de seguridad, con puntera resistente a un impacto de hasta 200 J y a una compresión de hasta 15 kN, con resistencia al deslizamiento, con código de designación SB.","unit_normalized=None, unit_raw=''","Revisar y mapear a una unidad canonical (ud, m2, m3, ml, kg, t, h, l, %, pa).",warning
unit_rare_or_empty,YIP010c,"Suministro de par de zapatos de seguridad, con puntera resistente a un impacto de hasta 200 J y a una compresión de hasta 15 kN, con resistencia al deslizamiento, aislante, con código de designación S","unit_normalized=None, unit_raw=''","Revisar y mapear a una unidad canonical (ud, m2, m3, ml, kg, t, h, l, %, pa).",warning
unit_rare_or_empty,YIP020,Suministro de par de polainas para soldador.,"unit_normalized=None, unit_raw=''","Revisar y mapear a una unidad canonical (ud, m2, m3, ml, kg, t, h, l, %, pa).",warning
unit_rare_or_empty,YIU005,Suministro de mono de protección.,"unit_normalized=None, unit_raw=''","Revisar y mapear a una unidad canonical (ud, m2, m3, ml, kg, t, h, l, %, pa).",warning
unit_rare_or_empty,YIU032,"Suministro de bolsa portaelectrodos para soldador, amortizable en 10 usos.","unit_normalized=None, unit_raw=''","Revisar y mapear a una unidad canonical (ud, m2, m3, ml, kg, t, h, l, %, pa).",warning
unit_rare_or_empty,YIU040,"Suministro de cinturón con bolsa de varios compartimentos para herramientas, amortizable en 10 usos. Criterio de medición de proyecto: Número de unidades previstas, según Estudio o Estudio Básico de S","unit_normalized=None, unit_raw=''","Revisar y mapear a una unidad canonical (ud, m2, m3, ml, kg, t, h, l, %, pa).",warning
unit_rare_or_empty,YIU050,Suministro de faja de protección lumbar con amplio soporte abdominal y sujeción regulable mediante velcro.,"unit_normalized=None, unit_raw=''","Revisar y mapear a una unidad canonical (ud, m2, m3, ml, kg, t, h, l, %, pa).",warning
unit_rare_or_empty,YIU060,Suministro de par de rodilleras con la parte delantera elástica y con esponja de celulosa.,"unit_normalized=None, unit_raw=''","Revisar y mapear a una unidad canonical (ud, m2, m3, ml, kg, t, h, l, %, pa).",warning
unit_rare_or_empty,YIV020,"Suministro de mascarilla autofiltrante contra partículas, fabricada totalmente de material filtrante, que cubre la nariz, la boca y la barbilla, garantizando un ajuste hermético a la cara del trabajad","unit_normalized=None, unit_raw=''","Revisar y mapear a una unidad canonical (ud, m2, m3, ml, kg, t, h, l, %, pa).",warning
unit_rare_or_empty,YIV020b,"Suministro de mascarilla autofiltrante contra partículas, fabricada totalmente de material filtrante, que cubre la nariz, la boca y la barbilla, garantizando un ajuste hermético a la cara del trabajad","unit_normalized=None, unit_raw=''","Revisar y mapear a una unidad canonical (ud, m2, m3, ml, kg, t, h, l, %, pa).",warning
unit_rare_or_empty,YIV020c,"Suministro de mascarilla autofiltrante contra partículas, fabricada totalmente de material filtrante, que cubre la nariz, la boca y la barbilla, garantizando un ajuste hermético a la cara del trabajad","unit_normalized=None, unit_raw=''","Revisar y mapear a una unidad canonical (ud, m2, m3, ml, kg, t, h, l, %, pa).",warning
unit_rare_or_empty,YMM010,"Suministro y colocación de botiquín de urgencia para caseta de obra, provisto de desinfectantes y antisépticos autorizados, gasas estériles, algodón hidrófilo, venda, esparadrapo, apósitos adhesivos, ","unit_normalized=None, unit_raw=''","Revisar y mapear a una unidad canonical (ud, m2, m3, ml, kg, t, h, l, %, pa).",warning
unit_rare_or_empty,YMM011,"Suministro de bolsa de hielo, caja de apósitos, paquete de algodón, rollo de esparadrapo, caja de analgésico de ácido acetilsalicílico, caja de analgésico de paracetamol, botella de agua oxigenada, bo","unit_normalized=None, unit_raw=''","Revisar y mapear a una unidad canonical (ud, m2, m3, ml, kg, t, h, l, %, pa).",warning
unit_rare_or_empty,YPC005,"Mes de alquiler de aseo portátil de polietileno, de 1,20x1,20x2,35 m, color gris, sin conexiones, con inodoro químico anaerobio con sistema de descarga de bomba de pie, espejo, puerta con cerradura y ","unit_normalized=None, unit_raw=''","Revisar y mapear a una unidad canonical (ud, m2, m3, ml, kg, t, h, l, %, pa).",warning
unit_rare_or_empty,YPC010,"Mes de alquiler de caseta prefabricada para aseos en obra, de dimensiones 3,45x2,05x2,30 m (7,00 m²), compuesta por: estructura metálica, cerramiento de chapa con terminación de pintura prelacada, cub","unit_normalized=None, unit_raw=''","Revisar y mapear a una unidad canonical (ud, m2, m3, ml, kg, t, h, l, %, pa).",warning
unit_rare_or_empty,YPC020,"Mes de alquiler de caseta prefabricada para vestuarios en obra, de dimensiones 4,20x2,33x2,30 m (9,80 m²), compuesta por: estructura metálica, cerramiento de chapa con terminación de pintura prelacada","unit_normalized=None, unit_raw=''","Revisar y mapear a una unidad canonical (ud, m2, m3, ml, kg, t, h, l, %, pa).",warning
unit_rare_or_empty,YPC030,"Mes de alquiler de caseta prefabricada para comedor en obra, de dimensiones 7,87x2,33x2,30 m (18,40 m²), compuesta por: estructura metálica, cerramiento de chapa con terminación de pintura prelacada, ","unit_normalized=None, unit_raw=''","Revisar y mapear a una unidad canonical (ud, m2, m3, ml, kg, t, h, l, %, pa).",warning
unit_rare_or_empty,YPM010,"Suministro y colocación de 10 taquillas individuales (amortizables en 3 usos), 10 perchas, 2 bancos para 5 personas (amortizables en 2 usos), 2 espejos, 2 portarrollos (amortizables en 3 usos), 2 jabo","unit_normalized=None, unit_raw=''","Revisar y mapear a una unidad canonical (ud, m2, m3, ml, kg, t, h, l, %, pa).",warning
unit_rare_or_empty,YSB010,"Suministro, montaje y desmontaje de baliza reflectante para señalización, de chapa galvanizada, de 20x100 cm, de borde de calzada, con franjas de color blanco y rojo y retrorreflectancia nivel 1 (E.G.","unit_normalized=None, unit_raw=''","Revisar y mapear a una unidad canonical (ud, m2, m3, ml, kg, t, h, l, %, pa).",warning
unit_rare_or_empty,YSB015,"Suministro, montaje y desmontaje de baliza luminosa intermitente para señalización, de color ámbar, con lámpara Led, de 1,2 m de altura, amortizable en 10 usos, alimentada por 2 pilas de 6 V 4R25. Inc","unit_normalized=None, unit_raw=''","Revisar y mapear a una unidad canonical (ud, m2, m3, ml, kg, t, h, l, %, pa).",warning
unit_rare_or_empty,YSB020,"Suministro y colocación de barrera de seguridad portátil tipo New Jersey de polietileno de alta densidad, de 1,20x0,60x0,40 m, con capacidad de lastrado de 150 l, color rojo o blanco, amortizable en 2","unit_normalized=None, unit_raw=''","Revisar y mapear a una unidad canonical (ud, m2, m3, ml, kg, t, h, l, %, pa).",warning
unit_rare_or_empty,YSB050,"Suministro, colocación y desmontaje de cinta para balizamiento, de material plástico, de 8 cm de anchura y 0,05 mm de espesor, impresa por ambas caras en franjas de color rojo y blanco, sujeta sobre u","unit_normalized=None, unit_raw=''","Revisar y mapear a una unidad canonical (ud, m2, m3, ml, kg, t, h, l, %, pa).",warning
unit_rare_or_empty,YSB060,"Suministro y colocación de cono de balizamiento reflectante de 75 cm de altura, de 2 piezas, con cuerpo de polietileno y base de caucho, con 1 banda reflectante de 300 mm de anchura y retrorreflectanc","unit_normalized=None, unit_raw=''","Revisar y mapear a una unidad canonical (ud, m2, m3, ml, kg, t, h, l, %, pa).",warning
unit_rare_or_empty,YSB110,"Protección de líneas eléctricas aéreas mediante pórtico de limitación de altura libre de 5 m compuesto por: 2 rollizos de madera de 15/20 cm de diámetro, hincados en el terreno, separados entre sí 6 m","unit_normalized=None, unit_raw=''","Revisar y mapear a una unidad canonical (ud, m2, m3, ml, kg, t, h, l, %, pa).",warning
unit_rare_or_empty,YSB130,"Delimitación provisional de zona de obras mediante vallado perimetral formado por vallas peatonales de hierro, de 1,10x2,50 m, color amarillo, con barrotes verticales montados sobre bastidor de tubo, ","unit_normalized=None, unit_raw=''","Revisar y mapear a una unidad canonical (ud, m2, m3, ml, kg, t, h, l, %, pa).",warning
unit_rare_or_empty,YSM005,"Señalización y delimitación de zonas de trabajo mediante cinta de señalización, de material plástico, de 8 cm de anchura y 0,05 mm de espesor, impresa por ambas caras en franjas de color amarillo y ne","unit_normalized=None, unit_raw=''","Revisar y mapear a una unidad canonical (ud, m2, m3, ml, kg, t, h, l, %, pa).",warning
unit_rare_or_empty,YSM010,"Señalización y delimitación de zonas de riesgo de caída en altura inferior a 2 m en bordes de excavación mediante malla de señalización de polietileno de alta densidad (200 g/m²), doblemente reorienta","unit_normalized=None, unit_raw=''","Revisar y mapear a una unidad canonical (ud, m2, m3, ml, kg, t, h, l, %, pa).",warning
unit_rare_or_empty,YSS020,"Suministro, colocación y desmontaje de cartel general indicativo de riesgos, de PVC serigrafiado, de 990x670 mm, con 6 orificios de fijación, amortizable en 3 usos, fijado con bridas de nylon. Incluso","unit_normalized=None, unit_raw=''","Revisar y mapear a una unidad canonical (ud, m2, m3, ml, kg, t, h, l, %, pa).",warning
unit_rare_or_empty,YSS030,"Suministro, colocación y desmontaje de señal de advertencia, de PVC serigrafiado, de 297x210 mm, con pictograma negro de forma triangular sobre fondo amarillo, con 4 orificios de fijación, amortizable","unit_normalized=None, unit_raw=''","Revisar y mapear a una unidad canonical (ud, m2, m3, ml, kg, t, h, l, %, pa).",warning
unit_rare_or_empty,YSS033,"Suministro, colocación y desmontaje de señal de extinción, de PVC serigrafiado, de 297x210 mm, con pictograma blanco de forma rectangular sobre fondo rojo, con 4 orificios de fijación, amortizable en ","unit_normalized=None, unit_raw=''","Revisar y mapear a una unidad canonical (ud, m2, m3, ml, kg, t, h, l, %, pa).",warning
unit_rare_or_empty,YSV010,"Suministro, colocación y desmontaje de señal provisional de obra de chapa de acero galvanizado, de peligro, triangular, L=70 cm, con retrorreflectancia nivel 1 (E.G.), amortizable en 5 usos, con cabal","unit_normalized=None, unit_raw=''","Revisar y mapear a una unidad canonical (ud, m2, m3, ml, kg, t, h, l, %, pa).",warning
unit_rare_or_empty,YSV010b,"Suministro, colocación y desmontaje de señal provisional de obra de chapa de acero galvanizado, de indicación, rectangular, 60x90 cm, con retrorreflectancia nivel 1 (E.G.), amortizable en 5 usos, con ","unit_normalized=None, unit_raw=''","Revisar y mapear a una unidad canonical (ud, m2, m3, ml, kg, t, h, l, %, pa).",warning
